listing_id,district,price_pen,maintenance_fee,area_total,bedrooms,bathrooms,parking_spaces,address,urbanization,photos_count
149387506,ate,759000.0,0.0,194.0,4,3,1,Edificio Sabadell con Badajoz,Mayorazgo,10
148003136,ate,725000.0,0.0,124.0,3,3,0,Los Olmos Salamanca de Monterrico,Salamanca De Monterrico,10
149149198,ate,404168.0,0.0,126.0,3,2,0,Av. Marginal al 100,Javier Prado Et.6,10
148288992,ate,463500.0,100.0,107.0,3,2,0,Salamanca de Monterrico,Salamanca De Monterrico,1
149365027,ate,720000.0,120.0,136.0,3,3,1,Salamanca de Monterrico,Salamanca De Monterrico,1
145779160,ate,482330.0,0.0,99.0,3,2,0,C. Marbella  al 200,Mayorazgo,1
147856897,ate,450000.0,0.0,126.0,4,3,1,Prolongacion Javier Prado Este 9132,Los Portales De Javier Prado,1
147904279,ate,530100.0,100.0,143.0,3,3,0,Lerida 211 al 200,Mayorazgo,1
147856000,ate,684560.0,0.0,372.0,3,2,2,Jr. Juan Jose Crespo al 100,Ate Vitarte,1
149037885,ate,705600.0,0.0,270.0,5,4,0,Av. Prol. Javier Prado Este 9051 al 9000,Ate Vitarte,1
149028043,ate,330660.0,0.0,75.0,2,2,0,Pasaje Los Alpes Urb. Alpamayo,Ate Vitarte,1
148259756,ate,750000.0,0.0,130.0,3,2,0,Calle Las Tunas al 400,Salamanca De Monterrico,1
149207626,ate,243600.0,0.0,75.0,3,2,0,"Rio Marañon, Ate 15498, Perú",Ate Vitarte,1
147856936,ate,435000.0,100.0,120.0,3,1,0,Pasaje Juan Sifuentes ATE,Ate Vitarte,1
147856908,ate,518000.0,50.0,152.0,4,3,1,Prolongacion Javier Prado Este 9132,Ate Vitarte,1
149789896,ate,340000.0,200.0,63.0,3,2,0,Urb. Alpamayo,Ate Vitarte,1
146138487,ate,320000.0,30.0,95.0,3,2,0,Calle Las Fresas cuadra 1,Ate Vitarte,1
147065152,ate,748000.0,150.0,132.0,4,3,0,SALAMANCA DE MONTERRICO RECAUDADORES,Salamanca De Monterrico,1
148674823,ate,318000.0,0.0,64.0,2,1,1,SALAMANCA DE MONTERRICO RECAUDADORES,Salamanca De Monterrico,1
146921135,ate,470000.0,240.0,80.0,3,2,1,EL PALMAR,Salamanca De Monterrico,1
148153278,ate,495508.0,0.0,140.0,4,1,0,Paracas 120,Salamanca De Monterrico,1
149751839,ate,595000.0,200.0,140.0,4,3,0,Avenida Paracas,Salamanca De Monterrico,1
149218249,ate,437500.0,80.0,114.0,3,2,0,Lerida 238,Mayorazgo,1
144253620,ate,295000.0,0.0,70.0,2,2,0,Calle cordillera del condor,Mayorazgo,1
149907790,ate,492138.0,0.0,25.0,3,2,0,Av. Javier Prado Este  7700,Mayorazgo,1
147472547,ate,360000.0,1.0,93.0,3,2,0,Calle Australia,Portales De J.prado,1
149675051,ate,431000.0,0.0,123.0,4,2,0,SALAMANCA MONTERRICO,Ate Vitarte,1
149206856,ate,180960.0,0.0,58.0,2,2,0,"Rio Marañon, Ate 15498",Ate Vitarte,1
146555801,ate,177500.0,0.0,62.0,3,2,0,Condominio Prados DEL SOL,Ate Vitarte,1
148303438,ate,349000.0,0.0,99.0,3,2,0,Calle Sabadell  Urbanización Mayorazgo,Mayorazgo,1
146483466,barranco,450000.0,240.0,75.0,2,2,1,Jr. Progreso,Barranco,1
147944789,barranco,861211.0,430.0,90.0,2,2,2,las Mimosas al 100,Barranco,1
149180112,barranco,3852500.0,1700.0,312.0,3,3,3,Jr.Batalla De Junin,Barranco,1
145526893,barranco,977300.0,0.0,162.0,4,4,2,Carlos Arrieta 253,Barranco,1
147379965,barranco,495000.0,0.0,43.0,1,1,1,Av. el Sol Oeste 145,Barranco,1
149522767,barranco,4250000.0,2500.0,503.0,3,3,2,Jirón 28 de Julio,Barranco,1
145087075,barranco,474375.0,180.0,42.0,1,1,0,AV. ALMIRANTE GRAU,Barranco,1
149647664,barranco,663000.0,400.0,103.0,3,3,1,jr. Tumbes al 300,Barranco,1
148802302,barranco,425000.0,0.0,45.0,1,1,0,JR. Enrique Barrón al 300 Cerca a la Av El Sol Barranco,Barranco,1
148436303,barranco,718000.0,450.0,92.0,2,2,1,Avenida Reducto 851,Tejada Alta,1
149470473,barranco,603750.0,380.0,67.0,2,3,1,av. Sol Oeste 200,Barranco,1
148734246,barranco,502320.0,300.0,46.0,1,1,1,Almirante Miguel Grau  al 1500,Tejadita,1
149218266,barranco,620800.0,480.0,59.0,2,2,1,Jr. Carlos Arrieta,Barranco,1
149452928,barranco,408000.0,250.0,42.0,1,1,1,Av Almirante Miguel Grau 1438,Barranco,1
148454159,barranco,432000.0,170.0,40.0,1,1,0,Av. San Martin 618 - Dpto 1004,Barranco,1
149540009,barranco,506000.0,200.0,51.0,2,1,1,Jirón Pedro Martinto al 100,Barranco,1
148035659,barranco,578116.0,0.0,55.0,2,2,0,bustamante,Barranco,1
148980787,barranco,890000.0,450.0,92.0,2,2,2,Av. San Martín,Barranco,1
148403557,barranco,437190.0,0.0,46.0,1,1,1,Augusto Tamayo Vargas  al 300,Barranco,1
149021310,barranco,7661400.0,3100.0,787.0,4,6,4,Jirón Batalla de Junin 267,Barranco,1
149273453,barranco,735640.0,500.0,106.0,3,2,2,Avenida Paseo de la República al 6200,Barranco,1
146961714,barranco,8092320.0,3200.0,687.0,6,7,4,PASAJE BRESCIANI N°153,Barranco,10
149794715,barranco,550000.0,0.0,78.0,3,2,1,Jirón Jaén Cuadra 2,Barranco,10
149199956,barranco,2700000.0,1150.0,328.0,3,4,4,Malecón  DE Barranco- Balcón Y Piscina Propia Gigante + Terraza  - 3 HAB 4 Cocheras,Barranco,10
148323721,barranco,2928240.0,1150.0,314.0,3,3,4,Malecón Paul Harris,Barranco,1
148662417,barranco,463080.0,280.0,69.0,1,1,1,Felipe Sassone - Duplex de 1 Dormitorio con 1 Cochera - Ideal Para Inversión,Barranco,1
149532018,barranco,437500.0,0.0,51.0,2,1,1,Av. San Martín,Barranco,1
149383852,barranco,578000.0,400.0,72.0,2,2,0,Jiron Fedelli  al 101,Barranco,1
148738878,barranco,700000.0,0.0,132.0,3,3,1,Aurelio Souza 447,Barranco,1
145211404,barranco,922670.0,450.0,80.0,1,1,1,Av el sol Oeste,Barranco,1
149430106,barranco,595000.0,400.0,70.0,2,2,1,Jirón Pedro Martinto 200,Barranco,1
148729318,barranco,653000.0,600.0,94.0,1,1,1,Pedro Martinto Cerca al Malecón Paul Harris,Barranco,1
149543768,barranco,438600.0,300.0,45.0,1,1,1,av san Martin  al 100 45m2 CON 01 Cochera,Barranco,1
149324096,barranco,291550.0,70.0,62.0,2,1,0,Calle Doña Delmira  al 400,Barranco,1
148320197,barranco,486407.0,350.0,43.0,1,1,1,Avenida Pedro de Osma 346,Barranco,1
148094377,barranco,700000.0,400.0,83.0,3,2,1,Jirón Fedelli 101,Barranco,1
142423411,barranco,500000.0,200.0,76.0,2,2,1,REPUBLICA DE PANAMA 348,Barranco,1
148618616,barranco,472600.0,300.0,51.0,1,1,1,Avenida San Martín 230,Barranco,1
148816519,barranco,734800.0,450.0,92.0,3,2,1,Felipe Sassone 183,Barranco,1
149273888,barranco,670000.0,300.0,126.0,3,2,1,Jirón Juan Fanning 212,Barranco,1
149264820,barranco,650000.0,450.0,129.0,2,2,1,Av. Republica de Panama 330 Barranco,Barranco,1
146184980,barranco,860200.0,0.0,100.0,2,2,1,Dirección no informada,Barranco,1
149765117,barranco,510000.0,0.0,51.0,2,2,0,Pedro Martino 114,Barranco,1
149386890,barranco,590000.0,400.0,74.0,1,1,1,Jirón Juan Fanning,Barranco,1
144036713,barranco,5144000.0,2500.0,425.0,3,3,3,Malecon Paul Harris,Barranco,1
149670945,barranco,1120000.0,550.0,168.0,3,5,2,Dulanto  117 - Barranco,Barranco,1
149538000,barranco,563000.0,330.0,56.0,2,2,1,Jirón Fedelli 101,Barranco,1
149751815,barranco,578000.0,0.0,55.0,2,2,0,Bustamante 195 Barranco,Barranco,1
146514842,barranco,710000.0,341.0,173.0,3,3,1,Pasaje Pedro Solari 104,Barranco,1
147790018,barranco,840910.0,250.0,74.0,2,2,1,JR. Carlos Arrieta 380,Barranco,1
149653350,barranco,566000.0,350.0,56.0,2,2,1,Pedro de Osma,Barranco,1
149189652,barranco,370600.0,231.0,38.0,1,1,1,Av. Pedro de Osma 300,Barranco,10
149490623,barranco,382375.0,0.0,106.0,2,1,1,Avenida Grau,Barranco,10
149829887,barranco,527000.0,350.0,58.0,2,2,1,Jirón Pedro Martinto,Barranco,1
149186721,barranco,3990500.0,1600.0,312.0,3,3,3,Dirección no informada,Barranco,1
149100542,barranco,1265000.0,700.0,121.0,2,3,2,Av. El Sol Oeste cdra 4,Barranco,1
145081493,barranco,1776000.0,0.0,241.0,3,3,1,Barranco - Miraflores,Barranco,1
147612441,barranco,539000.0,320.0,75.0,2,2,1,JR. DELUCCHI,Barranco,1
149791240,barranco,503176.0,0.0,47.0,1,1,0,PY Barranco 6,Barranco,1
148763445,barranco,5661600.0,0.0,586.0,4,4,6,Barranco,Barranco,1
148851574,barranco,1715000.0,650.0,231.0,4,3,2,Parque Manuel Gonzales Prada,Barranco,1
149791253,barranco,554500.0,0.0,59.0,2,2,0,Departamentos de Estreno en Jr. Carlos Arrieta  al 300- Barranco 2d-3d,Barranco,1
148320203,barranco,553498.0,0.0,50.0,2,1,1,Avenida Pedro de Osma 346,Barranco,1
149095271,barranco,589750.0,310.0,108.0,3,2,0,Paseo de la República  al 6400,Barranco,1
149156330,barranco,580000.0,370.0,62.0,1,2,0,Jirón Martinez de Pinillos 100,Barranco,1
149371951,barranco,552100.0,0.0,58.0,2,2,0,Jr. Carlos Arrieta 310,Barranco,1
147229530,barranco,810300.0,490.0,83.0,3,3,1,TEODOSIO PARREÑO,Barranco,1
147991972,barranco,2235156.0,1450.0,322.0,3,3,2,malecon paul harris,Barranco,1
148816292,barranco,391000.0,300.0,44.0,1,1,1,Av. Pedro de Osma,Barranco,1
148960984,barranco,651300.0,0.0,116.0,3,2,1,Jiron Buenaventura Aguirre 206  Barranco  al 200,Barranco,1
149642873,barranco,5300000.0,720.0,560.0,3,4,0,Puente de la Paz,Barranco,1
149266063,barranco,437500.0,0.0,51.0,1,1,0,Av. San Martín,Barranco,1
148249807,barranco,734660.0,0.0,104.0,3,2,2,Av. San Martin 617 Barranco  al 600,Barranco,1
147145682,barranco,458217.0,210.0,44.0,1,1,0,Juan Fanning,Barranco,1
149791241,barranco,579690.0,0.0,42.0,1,1,1,Avenida El Sol Oeste al 400,Barranco,10
149698918,barranco,735900.0,440.0,88.0,2,2,2,Av. San Martín 227,Barranco,10
149791245,barranco,391579.0,0.0,39.0,1,1,1,Avenida San Martín  al 600,Barranco,10
149507446,barranco,593000.0,370.0,102.0,3,2,1,Avenida Paseo de la República 6465,Barranco,1
149385294,barranco,435480.0,200.0,40.0,1,1,0,Av. Almte. Miguel Grau,Barranco,1
147708893,barranco,445380.0,0.0,46.0,1,2,0,Av El Sol Oeste,Barranco,1
149449649,barranco,446275.0,250.0,38.0,1,1,1,Grau al 1430,Barranco,1
148857576,barranco,7684000.0,3100.0,786.0,4,5,4,Jr. Batalla de Junin,Barranco,1
148804284,barranco,453600.0,0.0,57.0,2,2,1,Av. Almirante Miguel Grau  al 1400,Barranco,1
145979419,barranco,675250.0,400.0,72.0,2,2,0,Fedelli al 100,Barranco,1
149651540,barranco,289000.0,120.0,45.0,1,1,0,Jiron Corpancho Barranco,Barranco,1
149791248,barranco,578850.0,0.0,79.0,2,2,1,2 de Mayo al 100,Barranco,1
147239693,barranco,434868.0,170.0,39.0,1,1,0,EL SOL,Barranco,1
149140737,barranco,557000.0,300.0,58.0,2,2,1,Arrieta al 370,Barranco,1
148826663,barranco,2840000.0,0.0,170.0,3,3,2,"Av.el SOL  al 300-venta de Departamento Frente al Mar, 03 Dormitorios 02 Cocheras-barranco",Barranco,1
148969028,barranco,960229.0,0.0,89.0,3,2,1,Calle Enrique Barrón - Departamento de Estreno en Venta - A 2 Cuadras de la Bajada Armendariz,Barranco,1
148832648,barranco,510000.0,380.0,60.0,2,2,1,Av. El Sol Este 176,Barranco,1
148475534,barranco,620803.0,0.0,60.0,1,1,1,Pasaje Solari,Barranco,1
149671653,barranco,454245.0,210.0,42.0,1,1,0,Av. Almte. Miguel Grau,Barranco,1
149325041,barranco,405000.0,0.0,40.0,1,1,0,Jr Enrique Barrón  al 600,Barranco,1
148700541,barranco,425600.0,175.0,45.0,1,1,0,Av. Almte. Miguel Grau 1500,Barranco,1
144655171,barranco,995600.0,0.0,83.0,2,2,0,PEDRO DE OSMA,Barranco,1
149864586,barranco,513000.0,320.0,73.0,2,2,1,Jirón Enrique Delucchi al 200,Barranco,1
148741476,barranco,5527500.0,0.0,570.0,2,3,6,"Av. 28 de Julio N 4, Piso 6, Barranco",Barranco,1
149689169,barranco,554500.0,0.0,59.0,2,2,1,Jr. Carlos Arrieta - Departamento en Venta - A 5 Minutos de la Bajada Armendariz,Barranco,1
148637567,barranco,567840.0,350.0,56.0,2,2,1,Av. Pedro de Osma 346,Barranco,1
145081481,barranco,675500.0,0.0,77.0,2,2,1,Límite Barranco y Miraflores,Barranco,1
149790236,barranco,519000.0,0.0,73.0,2,2,1,Jirón Juan Fanning al 300,Barranco,1
148574926,barranco,544000.0,350.0,65.0,1,1,1,Felipe Sassone barranco,Barranco,1
149309081,barranco,1164500.0,400.0,130.0,3,2,1,Jirón Las Mimosas 287,Barranco,1
148694002,barranco,376320.0,40.0,76.0,2,1,0,"Jr. Ignacio Mariategui, 2xx, Dpto 1xx, Barranco",Tejadita,10
147794347,barranco,655000.0,500.0,132.0,3,3,1,AURELIO SOUZA  4xx,Barranco,10
149416521,barranco,662300.0,0.0,110.0,2,2,0,Límite Barranco con Miraflores,Barranco,1
144582173,barranco,574600.0,360.0,55.0,2,2,1,Pedro de Osma,Barranco,1
149849874,barranco,469990.0,217.0,44.0,1,1,1,Avenida San Martín 765,Barranco,1
141719617,barranco,1715000.0,600.0,176.0,3,3,2,Av. El Sol oeste esquina Mimosas,Barranco,1
148901577,barranco,735240.0,430.0,80.0,2,2,1,Pasaje Fidelli 101,Barranco,1
149760565,barranco,455000.0,280.0,52.0,1,1,1,Av. El Sol Oeste 145,Barranco,1
149035465,barranco,550000.0,250.0,78.0,3,2,1,Jr. Jaen 258,Barranco,1
149254659,barranco,1224000.0,890.0,247.0,3,3,2,Ramon Ribeyro  8,Barranco,1
148276260,barranco,323000.0,140.0,70.0,2,1,0,av franciso bolognesi,San Ignacio,1
90133051,barranco,620000.0,350.0,73.0,2,2,0,AV GRAU Y CALLE FEDELLI BARRANCO,Barranco,1
149624411,barranco,950000.0,400.0,100.0,2,2,2,Calle Ramón Ribeyro,Barranco,1
146446296,barranco,605631.0,0.0,82.0,2,2,0,Jr. 2 de Mayo 155 Barranco,Barranco,1
149869039,barranco,674900.0,520.0,73.0,1,2,1,Calle Tacna 500,Barranco,1
142802045,barranco,529050.0,0.0,49.0,1,2,1,Avenida San Martin,San Ignacio,1
149612578,barranco,566000.0,350.0,56.0,2,2,1,Pedro de Osma,Barranco,1
4000171,barranco,774900.0,0.0,80.0,2,2,1,jiron pedro martinto  cra.1,Barranco,1
149902915,barranco,578000.0,230.0,56.0,2,2,1,Pasaje Fidelli 101,Barranco,1
146995730,barranco,6195000.0,3169.0,632.0,4,4,4,Bresciani,Barranco,1
142654681,barranco,832500.0,500.0,120.0,2,2,1,Calle Perez Roca,Barranco,1
149358449,barranco,638250.0,400.0,103.0,3,2,1,Jirón Tumbes 309,Barranco,1
4272050,barranco,2000000.0,900.0,210.0,2,3,2,Acantilado de Barranco,Barranco,1
149841886,barranco,1851365.0,811.0,207.0,3,3,2,Malecón Paúl Harris 358,San Ignacio,1
146150621,barranco,1200000.0,600.0,162.0,3,2,2,"CALLE DELUCCHI 015, BARRANCO",Barranco,1
146467967,barranco,458500.0,150.0,42.0,1,1,1,Jr. las mimosas,Barranco,1
149609319,barranco,547000.0,0.0,129.0,3,1,0,Jr. Independencia  al 248,Barranco,1
149154832,barranco,449000.0,0.0,41.0,1,1,0,Bustamante 195 Barranco,Barranco,1
149319130,barranco,362250.0,250.0,70.0,3,2,1,Avenida República de Panamá 348,Barranco,1
149654882,barranco,678000.0,250.0,67.0,2,2,1,Avenida San Martín 625,Barranco,10
147578730,barranco,565750.0,325.0,59.0,1,1,1,av. Pedro de osma,Barranco,9
149642136,barranco,582000.0,200.0,36.0,1,1,0,Jr. Carlos Arrieta 190,Barranco,10
149159632,barranco,414000.0,280.0,40.0,1,1,0,Av. San Martin esq Av. El Sol Oeste,Barranco,1
149606248,barranco,554400.0,350.0,40.0,1,1,1,El Sol Oeste,Barranco,1
149735387,barranco,1330000.0,300.0,93.0,2,2,1,Jr. Las Mimosas 131,Barranco,1
143492305,barranco,665000.0,270.0,64.0,2,2,0,"Av, el Sol",Tejada Alta,1
149152009,barranco,745000.0,400.0,95.0,2,3,1,Jirón Medrano Silva,Barranco,1
13366738,barranco,998000.0,0.0,182.0,3,3,2,parque golzales prada,Barranco,1
148464657,barranco,1006600.0,0.0,120.0,2,2,0,Duplex de Lujo,Barranco,1
149297338,barranco,870000.0,580.0,124.0,3,3,1,AV. EL SOL ESTE 2XX DPTO 5,Barranco,1
149320883,barranco,586500.0,300.0,57.0,1,1,1,Jirón Juan Fanning,Barranco,1
149841644,barranco,983250.0,495.0,82.0,2,2,1,a una cuadra del malecon Paul Harris,Barranco,1
145676971,barranco,684657.0,350.0,83.0,2,2,0,JIRON 2 DE MAYO,Barranco,1
148992069,barranco,1043000.0,850.0,110.0,2,2,1,Jr .Batalla De Junín N°201,Venegas,1
149862204,barranco,465000.0,0.0,46.0,1,1,1,Centenario,Barranco,1
148451300,barranco,279650.0,180.0,46.0,1,1,0,Av Republica de Panama 350,Barranco,1
148596304,barranco,3538500.0,1400.0,350.0,4,4,3,Dirección no informada,Barranco,1
149907099,barranco,379000.0,250.0,63.0,3,2,0,Aurelio Souza 447,Barranco,1
148902578,barranco,904500.0,450.0,100.0,3,2,2,Avenida San Martín 345,Barranco,1
149441929,barranco,741750.0,0.0,95.0,3,2,1,Avenida Almirante Miguel Grau 1438,Barranco,1
149416522,barranco,897000.0,580.0,93.0,2,2,1,Jirón Tacna,Barranco,1
146785792,barranco,610000.0,340.0,111.0,2,1,1,Jr. Perez Roca 150,Barranco,1
149536494,barranco,476000.0,200.0,45.0,1,1,1,Miguel Grau 1430,Barranco,1
149013349,barranco,686100.0,0.0,74.0,3,2,0,Flat de Lujo,Barranco,1
146252367,barranco,1128500.0,500.0,157.0,2,3,0,Dulanto,Barranco,1
147879979,barranco,287000.0,172.0,45.0,1,1,1,AV. REPUBLICA DE PANAMA 348,Barranco,1
148742020,barranco,2031120.0,300.0,243.0,4,4,1,Parque Gonzáles Prada 179,Barranco,1
149560661,barranco,479500.0,0.0,50.0,1,1,0,Av Sol Oeste 145,Barranco,1
145930043,barranco,933612.0,0.0,125.0,3,2,0,Jr. 2 de Mayo 155 Barranco,Barranco,1
149008941,barranco,442000.0,250.0,52.0,1,1,1,Av. el Sol Este 428,Barranco,10
148940942,barranco,1028000.0,480.0,110.0,3,2,1,Jirón Juan Fanning 109 esuina Av Grau,Barranco,10
149640107,barranco,447160.0,0.0,51.0,1,1,0,Malecón Paúl Harris,Barranco,10
59531299,barranco,465800.0,180.0,37.0,1,1,0,Av Sol Oeste Cuadra 4,Confraternidad,1
148724891,barranco,499000.0,0.0,51.0,2,1,1,Jirón Pedro Martinto,Barranco,1
148449321,barranco,532650.0,430.0,62.0,2,2,1,Jirón Teodosio Parreño 260,Barranco,1
149866499,barranco,700000.0,0.0,87.0,1,1,1,Jirón Centenario 129,Barranco,1
147618095,barranco,821500.0,0.0,95.0,2,2,1,Límite Barranco y Miraflores,Barranco,1
145086881,barranco,5192500.0,0.0,560.0,3,4,3,MALECON PAUL HARRIS 2,Barranco,1
149874522,barranco,410000.0,169.0,38.0,1,1,0,Avenida Grau 1438 Barranco,Barranco,1
149814482,barranco,4488000.0,0.0,405.0,4,4,3,"Malecón Castilla N 1xx, Piso 4, Barranco.",Barranco,1
146565729,barranco,581370.0,0.0,57.0,2,2,0,Av. Almirante Miguel Grau,Barranco,1
149290898,barranco,424732.0,0.0,40.0,1,1,0,Avenida San Martín,Barranco,1
149364944,barranco,969000.0,0.0,112.0,2,2,1,"Calle Juan Fanning N Xxx, Piso 2, Barranco.",Barranco,1
148422860,barranco,461984.0,0.0,41.0,1,1,0,"Av Grau N° 10xx, Dpto. 303 AL 1303",Barranco,1
148736408,barranco,760450.0,0.0,127.0,2,2,2,"Jirón 2 de Mayo N 1, Piso 1, Barranco",Barranco,1
149481641,barranco,672600.0,0.0,72.0,3,2,0,Barranco al 400,Barranco,1
148117866,barranco,378000.0,0.0,40.0,1,2,0,mimosas barranco,Barranco,1
146565534,barranco,489221.0,0.0,54.0,2,2,0,Av. Almirante Miguel Grau 1020,Barranco,1
146268281,barranco,720720.0,400.0,95.0,2,2,1,Psj. Rospigliosi,Barranco,1
149245842,barranco,697000.0,0.0,59.0,1,1,1,"Jirón Pedro Solar N 1, Piso 2, Barranco",Barranco,1
148214205,barranco,1008651.0,0.0,127.0,2,2,0,Jr. 2 de Mayo,Tejadita,1
149874540,barranco,1184102.0,0.0,124.0,3,3,0,"Jirón 2 de Mayo 150, Barranco",Barranco,1
149815564,barranco,4101080.0,0.0,342.0,3,3,2,"Malecón Castilla N 1xx, Piso 9, Barranco.",Barranco,1
149874694,barranco,499770.0,300.0,59.0,2,2,1,Av. El Sol 550,Barranco,1
149149992,barranco,554500.0,0.0,59.0,1,2,1,"Jirón Carlos Arrieta N° 3xx, Dpto. 201 AL 1001",Barranco,1
148186713,barranco,741200.0,500.0,83.0,3,2,1,jiron TEODOCIO PARREÑO 268 URB SILVIO CABILLO BARRANCO,Barranco,1
148987652,barranco,1972000.0,0.0,220.0,4,3,2,"Calle Gonzales Prada N 1, Piso 6, Barranco",Barranco,1
147563498,barranco,803099.0,0.0,83.0,2,2,0,"Jr. 2 de Mayo Xxx, Dpto 206",Tejadita,1
146018330,barranco,716219.0,0.0,111.0,2,2,0,"Jirón 2 DE Mayo N° 1xx, Dpto. 103",Barranco,1
143173612,barranco,383847.0,0.0,39.0,1,1,1,"Av EL SOL N° 5xx, Dpto. 302 AL 2102",Barranco,10
149369202,barranco,359102.0,0.0,41.0,1,1,0,Avenida El Sol  Este  al 500,Barranco,10
146733931,barranco,6370000.0,2656.0,615.0,3,3,4,Malecon Bresciani,Barranco,10
90270875,barranco,791250.0,380.0,127.0,3,4,1,Calle Juan Fanning,Barranco,1
149874539,barranco,788455.0,0.0,81.0,2,2,0,"Jirón 2 de Mayo 150, Barranco",Barranco,1
148287487,barranco,635208.0,0.0,85.0,2,2,0,Jirón 2 de Mayo al 100,Barranco,1
149552867,barranco,401059.0,0.0,40.0,1,1,0,"Vive Barranco con Rooftop, Áreas Comunes de Primer Nivel",Barranco,1
143173637,barranco,251677.0,0.0,24.0,1,1,1,"Av EL SOL N° 5xx, Dpto. 208 AL 408",Barranco,1
4593033,barranco,893000.0,390.0,131.0,2,2,1,Calle Tacna,Barranco,1
148854793,barranco,2484000.0,1265.0,300.0,3,3,3,PAUL HARRIS,Barranco,1
148879336,barranco,1156155.0,0.0,84.0,3,2,1,"Malecón Paul Harris N° 3xx, Dpto. 202",Barranco,1
148422877,barranco,449708.0,0.0,43.0,1,1,0,"Av Grau N° 10xx, Dpto. 201 AL 2201",Barranco,1
147076883,barranco,663957.0,0.0,59.0,2,2,0,jr carlos arrieta 380,Barranco,1
143173630,barranco,524049.0,0.0,59.0,2,2,1,"Av EL SOL N° 5xx, Dpto. 1301 AL 2101",Barranco,1
145190431,barranco,439200.0,0.0,41.0,1,1,0,Enrique Barron 865,Barranco,1
149451368,barranco,496400.0,0.0,35.0,1,1,1,"Jirón Carlos Arrieta N 1xx, Piso 2, Barranco.",Barranco,1
148424100,barranco,590317.0,0.0,82.0,2,2,0,"Av Grau N° 10xx, Dpto. 103",Barranco,1
149144405,barranco,669500.0,0.0,72.0,2,2,1,Jr. Carlos Arrieta - Departamento en Venta - A 5 Minutos de la Bajada Armendariz,Barranco,1
149369291,barranco,524049.0,0.0,58.0,2,2,0,Avenida El Sol Este al 500,Barranco,1
149776306,barranco,624710.0,300.0,125.0,3,3,0,Av. Paseo de la República 6465,Barranco,1
148062778,barranco,639626.0,760.0,95.0,2,2,1,Jiron Carlos Arrieta  al 200,Barranco,1
149448617,barranco,486200.0,0.0,52.0,1,1,1,"Avenida San Martín N Xxx, Piso 107, Barranco.",Barranco,1
148423057,barranco,608665.0,0.0,57.0,2,2,0,"Av Grau N° 10xx, Dpto. 406 AL 2206",Barranco,1
149108382,barranco,902825.0,0.0,123.0,2,3,2,"Jirón Carlos Arrieta N 2, Piso 3, Urb. La Viñita, Barranco",Barranco,1
90271227,barranco,993750.0,550.0,158.0,2,2,2,Av. San Martín,Barranco,1
149276729,barranco,385000.0,300.0,77.0,2,2,0,Jirón Tejada al 100,Barranco,1
149743843,barranco,478485.0,0.0,46.0,1,1,1,Av. Malecón Costa Sur - Chorrillos - Límite con Barranco,Barranco,1
148738275,barranco,1285815.0,0.0,146.0,3,2,0,Malecón Costa Sur- Vista al mar  Chorrillos,Barranco,1
146776571,barranco,943500.0,0.0,89.0,1,1,0,Av. San Martin 755,Barranco,1
146007021,barranco,696218.0,499.0,83.0,2,2,0,AVENIDA PEDRO DE OSMA,Barranco,1
149651445,barranco,624600.0,350.0,62.0,2,2,1,Av el sol Oeste  161,Barranco,10
146134882,barranco,675500.0,0.0,75.0,2,2,0,Manuel Gonzales Prada - Venta de Departamento Ubicado en Barranco Frente a Parque,Barranco,10
143173633,barranco,329847.0,0.0,38.0,1,1,1,"Av EL SOL N° 5xx, Dpto. 304 AL 604",Barranco,10
149634972,barranco,5300000.0,720.0,560.0,3,4,2,Puente de la Paz,Barranco,1
149091122,barranco,502399.0,0.0,59.0,2,2,0,Av. El Sol al 500,Barranco,1
145171792,barranco,6460000.0,1800.0,560.0,3,4,3,Malecón Paul Harris,Barranco,1
148879325,barranco,1237456.0,0.0,90.0,3,2,1,"Malecón Paul Harris N° 3xx, Dpto. 201 AL 401",Barranco,1
149560785,barranco,329550.0,0.0,54.0,1,1,0,Jr. Pedro Heraud,Barranco,1
149273023,barranco,542500.0,0.0,92.0,3,2,1,Jirón Tejada   100,Barranco,1
146768808,barranco,536500.0,1.0,38.0,1,1,1,"Av Pedro De Osma, Barranco",Barranco,1
148465465,barranco,715841.0,2.0,78.0,2,3,0,JR.2 DE MAYO,Barranco,1
4647749,barranco,690000.0,0.0,137.0,3,3,1,Catalino Miranda,Barranco,1
149610106,barranco,420000.0,350.0,33.0,1,1,1,Jr. Martinez de Pinillos- A 1 Cuadra del Malecón Dpto Amoblado con Cochera y Depósito,Barranco,1
149874525,barranco,830000.0,350.0,98.0,3,2,1,Avenida el Sol 428,Barranco,1
146556425,barranco,402943.0,0.0,40.0,1,1,0,Av. Almirante Miguel Grau 1020,Barranco,1
148049495,barranco,696219.0,0.0,83.0,2,2,1,2 de Mayo,Barranco,1
148357076,barranco,578116.0,0.0,54.0,2,2,0,Pasaje Bustamante - Departamento de Estreno en Venta Frente a Parque,Barranco,1
4637609,barranco,520819.0,0.0,48.0,1,1,1,El Sol Oeste,Barranco,1
4052077,barranco,565000.0,280.0,36.0,1,1,1,Av. Almirante Miguel Grau,Barranco,1
146009837,barranco,629603.0,0.0,85.0,2,2,0,"Jirón 2 DE Mayo N° 1xx, Dpto. 202",Barranco,1
143173629,barranco,299003.0,0.0,32.0,1,1,1,"Av EL SOL N° 5xx, Dpto. 104",Barranco,1
148214146,barranco,1215262.0,0.0,126.0,3,3,0,Jr. 2 de Mayo xxx Dpto 407,Tejadita,1
149629037,barranco,5440000.0,2800.0,450.0,4,4,4,Malecón Pazos,Barranco,1
143173663,barranco,495793.0,0.0,58.0,2,2,1,"Av EL SOL N° 5xx, Dpto. 305 AL 905",Barranco,1
149855259,barranco,552500.0,301.0,44.0,1,1,1,Av. Pedro de Osma,Barranco,1
149842523,barranco,554500.0,0.0,59.0,2,2,0,Jr. Carlos Arrieta,Barranco,1
147696358,barranco,578116.0,0.0,55.0,2,2,1,PSJE. BUSTAMANTE  BARRANCO,Barranco,1
4513388,barranco,6840000.0,2600.0,395.0,3,3,4,bresciani 1xx,Barranco,1
149874697,barranco,676851.0,300.0,82.0,3,2,0,Av. El Sol 505,Barranco,1
149830320,barranco,675129.0,0.0,83.0,3,2,0,Avenida El sol Este al 500,Barranco,1
149842767,barranco,669500.0,0.0,73.0,3,2,0,Jr. Carlos Arrieta,Barranco,10
4648446,barranco,480000.0,200.0,40.0,1,2,0,av. sol oeste,Barranco,10
149567589,barranco,2006000.0,380.0,270.0,4,4,1,Parque Gonzáles Prada,Barranco,10
148663220,barranco,1006600.0,0.0,120.0,3,3,0,Jr Carlos Arrieta al 300,Barranco,1
148663112,barranco,682900.0,0.0,74.0,3,2,0,Jr Carlos Arrieta al 300,Barranco,1
149874640,barranco,980000.0,0.0,135.0,4,3,1,Pasaje Solari Barranco,Barranco,1
146768878,barranco,851000.0,250.0,60.0,2,2,0,"Jiron Alfonso Ugarte, Barranco",Barranco,1
142612185,barranco,255007.0,0.0,24.0,1,1,1,Av. El Sol Este,Barranco,1
148045066,barranco,610378.0,0.0,82.0,2,2,1,2 de Mayo,Barranco,1
146768748,barranco,5920000.0,2000.0,695.0,3,3,3,"Malecon Grau, Barranco",Barranco,1
149830321,barranco,414000.0,250.0,41.0,1,1,1,Av. El Sol Este 1xx,Barranco,1
4674601,barranco,6421580.0,1800.0,505.0,3,3,3,JIRON 28 DE JULIO 450,Barranco,1
146009721,barranco,600287.0,0.0,81.0,2,2,0,"Jirón 2 DE Mayo N° 1xx, Dpto. 313, 413",Barranco,1
149156100,barranco,596300.0,25000.0,83.0,3,2,0,Enrique Barron al 300,Tejada Alta,1
147618154,barranco,1309800.0,0.0,165.0,2,2,1,Límite Barranco - Miraflores,Barranco,1
149508075,barranco,554500.0,0.0,59.0,2,2,0,Jr. Carlos Arrieta 380,Barranco,1
149149944,barranco,552100.0,0.0,58.0,1,2,1,"Jirón Carlos Arrieta N° 3xx, Dpto. 304 AL 904",Barranco,1
146961096,barranco,475000.0,200.0,42.0,1,1,0,Av. Almirante Grau 14xx,Barranco,1
148804977,barranco,770500.0,0.0,75.0,2,2,2,"Avenida San Martin N 5, Piso 1, Barranco",Barranco,1
146009617,barranco,582288.0,0.0,79.0,2,2,0,"Jirón 2 DE Mayo N° 1xx, Dpto. 409",Barranco,1
149302905,barranco,448000.0,220.0,42.0,1,1,0,Avenida El Sol Oeste 161,Barranco,1
149362194,barranco,449373.0,0.0,40.0,1,2,1,Av. Bustamante - Departamento de Estreno en Venta - A 5 Min. del Circuito de Playas,Barranco,1
148044979,barranco,716795.0,0.0,85.0,2,2,1,2 de Mayo,Barranco,1
149472091,barranco,554500.0,3.0,59.0,2,2,0,Jr. Carlos Arrieta,Barranco,1
148975634,barranco,626500.0,430.0,83.0,2,2,2,San Martín al 200,Barranco,1
149150024,barranco,669500.0,0.0,72.0,1,2,1,"Jirón Carlos Arrieta N° 3xx, Dpto. 202 AL 602",Barranco,1
149086087,barranco,621600.0,0.0,81.0,2,2,0,Jr 2 de Mayo  150,Barranco,1
143173660,barranco,425780.0,0.0,56.0,1,1,1,"Av EL SOL N° 5xx, Dpto. 102,103",Barranco,1
148800457,barranco,485750.0,0.0,38.0,1,1,1,"Avenida Pedro De Osma N 3, Piso 2, Barranco",Barranco,1
148209018,barranco,465027.0,0.0,42.0,1,2,1,Av. Bustamante - Departamento de Estreno en Venta - A 5 Min. del Circuito de Playas,Barranco,1
149450673,brena,325000.0,250.0,61.0,2,2,1,Av. Brasil 836,Breña,1
149066347,brena,428750.0,0.0,76.0,3,2,0,Jiron Pedro Ruiz Gallo,Breña,1
149703675,brena,510980.0,0.0,200.0,3,2,0,"Jiron Independencia, Cdra 4 Breña",Breña,1
147849476,brena,370000.0,0.0,55.0,2,1,0,Breña,Breña,1
149567488,brena,374000.0,0.0,75.0,3,2,0,AGUARICO,Breña,1
149271196,brena,653250.0,0.0,116.0,3,3,1,Jr. Alonso de Molina al 1300,Breña,1
149310376,brena,600000.0,0.0,105.0,3,2,0,Jr. General Varela  al 1900,Breña,1
148323497,brena,433750.0,300.0,69.0,3,2,1,Avenida Brasil,Breña,1
149670869,brena,242200.0,140.0,73.0,3,1,0,Jr. Jorge Chávez 1549,Breña,1
149803570,brena,199000.0,0.0,60.0,1,1,0,Av Venezuela Nezuela  8XX Breña,Breña,1
148925621,brena,374000.0,0.0,79.0,3,2,0,"JR Rebeca Oquendo 307 URB Graden City, Breña",Breña,1
145949491,brena,282000.0,200.0,50.0,2,1,1,JIRON GENERAL VARELA 12XX,Breña,1
148834628,brena,360500.0,0.0,66.0,3,2,0,Jr. Jorge Chávez 1168,Breña,1
149501814,brena,315000.0,150.0,57.0,2,2,0,JR Centenario  175,Breña,1
148072326,brena,440000.0,0.0,80.0,3,2,0,General Felipe Varela al 1900,Breña,1
149791298,brena,329000.0,0.0,63.0,3,2,0,General Orbegoso al 700,Breña,1
148833536,brena,429454.0,250.0,69.0,3,2,0,AV. JUAN PABLO FERNANDINI,Breña,1
148988771,brena,368500.0,0.0,78.0,4,2,0,Condominio vista verde  Jr Pucallpa 251 Breña,Breña,1
149730644,brena,270000.0,0.0,55.0,2,3,0,Jirón Rebeca Oquendo 409,Breña,1
148315925,brena,358800.0,0.0,177.0,2,1,0,Jr. Chavin,Breña,1
148834741,brena,482795.0,290.0,71.0,3,2,0,AV. JUAN PABLO FERNANDINI,Breña,1
148978260,brena,403000.0,0.0,75.0,3,2,0,Jirón Huaraz 951,Garden City,1
148834630,brena,388066.0,200.0,57.0,2,2,0,AV. JUAN PABLO FERNANDINI 960,Breña,1
148886805,brena,557600.0,250.0,156.0,3,3,1,JR. Pucallpa al 251,Batievski,1
147081871,brena,268440.0,130.0,45.0,2,2,0,Av. Bolivia,Breña,10
149496659,brena,280400.0,180.0,71.0,3,2,0,Huancabamba,Breña,10
146601010,brena,328700.0,70.0,103.0,2,1,0,Jirón Napo 865,Breña,1
148391958,brena,210000.0,90.0,40.0,1,2,0,"Av Bolivia , Breña",Breña,1
149111317,brena,519000.0,0.0,156.0,3,3,0,"JR. Huancabamba 1670,torre C al 1600",Batievski,1
60493936,brena,103040.0,0.0,35.0,1,1,0,Jr. Olmedo 179,Breña,1
149874537,brena,640500.0,200.0,173.0,3,3,1,Jiron Oxapampa 274 Urbanizacion Nueva Azcona,Nueva Azcona,1
144814554,brena,450293.0,0.0,75.0,3,2,0,"Av. General Felipe Varela N°19xx, Dpto. 806 A al 1506 A",Breña,1
149581184,brena,348560.0,0.0,55.0,2,2,0,"Jirón Loreto N° 16xx, Dpto. 201 AL 501",Breña,1
148854024,brena,570864.0,0.0,398.0,5,3,0,Jr. Varela  al 200,Breña,1
149177494,brena,310000.0,0.0,60.0,3,2,0,Jirón Huancabamba 1078,Azcona,1
144814567,brena,448451.0,0.0,78.0,3,2,0,"Av. General Felipe Varela N°19xx, Dpto. 1007 A AL 1507 A",Breña,1
148826711,brena,303300.0,200.0,71.0,3,2,0,Pucallpa 247,Batievski,1
149383289,brena,410640.0,50.0,90.0,2,2,0,Iquique Breña,Breña,1
144814516,brena,434798.0,0.0,80.0,3,2,0,"Av. General Felipe Varela N°19xx, Dpto. 305 B AL 1505 B",Breña,1
149581179,brena,316576.0,0.0,51.0,2,2,0,"Jirón Loreto N° 16xx, Dpto. 504 AL 804",Breña,1
144813398,brena,393299.0,0.0,56.0,1,1,0,Av. General Felipe Varela N°19xx Dpto 101 B,Breña,1
148942463,brena,482795.0,0.0,71.0,3,2,0,"Av Juan Pablo Fernandini N° 9xx, Dpto. 602",Breña,1
144814234,brena,745895.0,0.0,148.0,3,2,0,"Av. General Felipe Varela N°19xx, Dpto 1605 A",Breña,1
148640201,brena,314500.0,0.0,115.0,3,2,0,Jiron Castrovirreyna al 800,Breña,1
144814593,brena,424622.0,0.0,74.0,3,2,0,"Av. General Felipe Varela N°19xx, Dpto.206 B AL 1006b",Breña,1
144994235,brena,280830.0,0.0,41.0,1,1,0,AV. General Felipe Varela Nº19xx Dpto 209 B AL 509 B,Breña,1
144814619,brena,371202.0,0.0,58.0,2,2,0,"Av. General Felipe Varela N°19xx, Dpto. 201 A AL 1401 A",Breña,1
149581528,brena,385472.0,0.0,68.0,3,2,1,"Jirón Loreto N° 16xx, Dpto. 805 AL 1405",Breña,1
144814159,brena,730649.0,0.0,147.0,3,2,0,"Av. General Felipe Varela N°19xx, Dpto. 1604, 1608 B",Breña,1
144814014,brena,610054.0,0.0,114.0,2,2,0,"Av. General Felipe Varela N°19xx, Dpto. 1602 A",Breña,1
149369812,brena,586000.0,0.0,195.0,3,2,0,Castro Virreyna al 821,Breña,10
147532951,brena,429000.0,0.0,149.0,4,2,0,JR NAPO 238 BREÑA  149M2  4 HAB,Breña,10
148942333,brena,380000.0,0.0,58.0,2,2,0,"Av Juan Pablo Fernandini N° 9xx, Dpto. 303 AL 1703",Breña,10
144814580,brena,488186.0,0.0,81.0,3,2,0,"Av. General Felipe Varela N°19xx, Dpto. 205 A AL 1505 A",Breña,1
144813420,brena,609700.0,0.0,105.0,3,2,0,"Av. General Felipe Varela N°19xx, Dpto.102 A",Breña,1
149237331,brena,370000.0,0.0,64.0,3,2,1,Jr. Centenario 482,Breña,1
149086180,brena,367200.0,100.0,150.0,5,4,0,Jr Pilcomayo  al 900,Breña,1
4648156,brena,307486.0,0.0,42.0,1,1,1,Calle Gral. Felipe Varela,Breña,1
149233301,brena,417600.0,0.0,85.0,2,2,0,Jr. Iquique,Breña,1
146450767,brena,268882.0,0.0,73.0,3,1,0,Jr. Restauración,Breña,1
149383263,brena,506250.0,0.0,154.0,4,2,0,Jr. Iquique Breña,Breña,1
148448129,brena,283200.0,0.0,54.0,2,2,0,Av Bolivia,Breña,1
147111416,brena,288640.0,0.0,54.0,2,2,1,Breña,Breña,1
144814072,brena,742800.0,0.0,142.0,3,2,0,"Av. General Felipe Varela N°19xx, Dpto.1602 B",Breña,1
148464086,brena,710500.0,300.0,156.0,4,3,1,Jr. Centenario 159 breña,Breña,1
149581198,brena,404624.0,0.0,68.0,3,2,0,"Jirón Loreto N° 16xx, Dpto. 303 AL 2003",Breña,1
144814609,brena,443024.0,0.0,76.0,3,2,0,"Av. General Felipe Varela N°19xx, Dpto.208 B AL 1408 B",Breña,1
144813721,brena,704997.0,0.0,140.0,3,2,0,"Av. General Felipe Varela N°19xx, Dpto 1601, 1606 B",Breña,1
144814078,brena,687111.0,0.0,132.0,3,2,0,"Av. General Felipe Varela N°19xx, Dpto.1604 , 1606 A",Breña,1
148942407,brena,394555.0,0.0,61.0,2,2,0,"Av Juan Pablo Fernandini N° 9xx, Dpto. 306 AL 706",Breña,1
144814281,brena,490270.0,0.0,83.0,1,2,0,"Av. General Felipe Varela N°19xx, Dpto. 1609 B",Breña,1
149636127,brena,380000.0,0.0,58.0,2,2,0,Avenida Juan Pablo Fernandini al 900,Breña,1
144814076,brena,523863.0,0.0,87.0,1,2,0,"Av. General Felipe Varela N°19xx, Dpto. 1603 B",Breña,1
149232782,brena,556800.0,0.0,160.0,2,2,1,Jr. Iquique,Breña,1
149483059,brena,543750.0,0.0,210.0,3,2,0,Local Comercial y/o Oficina! Venta de Inmueble en Jirón Jorge Chávez -  Cerca A Metro DE Alfonso Ugarte Breña,Breña,1
148535659,brena,370000.0,0.0,76.0,3,3,0,AV Colonial al 2700,Breña,1
144814526,brena,393443.0,0.0,59.0,2,2,0,"Av. General Felipe Varela N°19xx, Dpto. 202 A  AL 802 A",Breña,1
149383264,brena,880500.0,0.0,200.0,4,2,2,Jr. Iquique Breña,Breña,1
144813471,brena,626132.0,0.0,113.0,3,2,0,"Av. General Felipe Varela N°19xx, Dpto. 1601 A",Breña,1
149095835,brena,333200.0,0.0,90.0,3,2,0,Pucallpa,Breña,1
149866169,brena,265200.0,0.0,84.0,2,1,0,Avenida Bolivia,Breña,10
148831622,brena,469000.0,270.0,66.0,2,2,1,Av. Brasil,Breña,10
146835478,brena,320000.0,180.0,63.0,3,2,1,Av. Joaquin Orbegoso 740 Breña,San Luis Gonzaga,1
149495450,brena,380800.0,30.0,138.0,3,1,0,Castrovirreyna  130,Breña,1
149225312,brena,390000.0,250.0,61.0,2,2,0,Jr. Centenario 175 Urb,Breña,1
149833172,brena,275000.0,120.0,61.0,2,2,0,Caravelí 1018,Breña,1
145514180,brena,480000.0,100.0,123.0,4,3,0,Jr. Pastaza 692,Azcona,1
149061959,brena,420000.0,40.0,122.0,3,2,0,Jr. Pedro Ruiz Gallo 659,28 De Julio,1
147657002,brena,417600.0,0.0,87.0,1,1,0,AV. VENEZUELA 1356,Breña,1
148234459,brena,380000.0,200.0,45.0,2,1,0,Jr. Loreto  Breña,28 De Julio,1
149234043,brena,425000.0,240.0,71.0,4,3,0,Jirón Zorritos 499,Breña,1
146767165,brena,501311.0,1.0,91.0,3,2,0,Pedro Ruiz Gallo 2,Breña,1
146767071,brena,387811.0,1.0,76.0,3,2,0,Pedro Ruiz Gallo 2,Breña,1
149079233,brena,305997.0,0.0,87.0,3,2,0,Av. España 711,Breña,1
146834020,brena,340000.0,180.0,61.0,3,2,1,"Av. General Orbegoso 740, Breña",San Luis Gonzaga,1
147694722,brena,385200.0,0.0,74.0,3,2,0,Rambla,Breña,1
146767072,brena,387811.0,0.0,76.0,3,2,0,Pedro Ruiz Gallo 2,Breña,1
147694170,brena,345500.0,90.0,69.0,3,2,0,"Av. Arica 2200, Breña, Perú",Breña,1
144951300,brena,440000.0,150.0,90.0,3,2,0,Jr General Vidal,Breña,1
147061687,brena,373803.0,115.0,75.0,3,2,0,Jr. Jorge Chávez,Breña,1
148936745,chorrillos,560000.0,200.0,218.0,3,5,0,Calle Donald Douglas 100,Chorrillos,1
149716435,chorrillos,722000.0,400.0,135.0,2,2,1,Av. Chorrillos  al 600,Chorrillos,1
148786941,chorrillos,275000.0,0.0,67.0,2,1,1,JR Juno al 100,Chorrillos,1
149750930,chorrillos,343980.0,300.0,86.0,3,2,1,Jr. Andrómeda O,Chorrillos,1
148251933,chorrillos,289000.0,180.0,65.0,2,2,0,LAS GAVIOTAS,Chorrillos,1
149620601,chorrillos,387000.0,0.0,58.0,2,2,0,Av. Las Gaviotas al 400,Chorrillos,1
149506211,chorrillos,367500.0,120.0,92.0,3,2,0,Urbanización Rosario de Villa  al 700,Chorrillos,1
149726762,chorrillos,370600.0,99.0,76.0,3,2,1,Calle Tobago,Los Cedros De Villa,1
147179347,chorrillos,2654225.0,0.0,390.0,3,3,3,Malecón Grau,Chorrillos,1
149178757,chorrillos,375000.0,250.0,99.0,3,3,0,Av. Los Faisanes 335,Chorrillos,1
149377978,chorrillos,299358.0,0.0,40.0,1,1,0,Depa de Estreno en Chorrillos con Gran Proyección y Excelente Conexión,Chorrillos,1
149134609,chorrillos,407000.0,0.0,66.0,3,2,1,"Jiron Juno 184, Chorrillos",La Campiña,1
149825772,chorrillos,324760.0,0.0,68.0,3,2,0,Jr. Arquimedes al 100,Chorrillos,1
145081219,chorrillos,244000.0,0.0,38.0,1,2,0,Av. Los Faisanes 485,Chorrillos,1
149105963,chorrillos,272550.0,0.0,101.0,2,2,0,Av La Costanera Chorrillos al 100,Chorrillos,1
149350601,chorrillos,405375.0,220.0,58.0,1,1,0,Chorrillos al 100,Chorrillos,1
147788054,chorrillos,328500.0,0.0,76.0,3,2,0,"Calle Makaha, Urb. Los Cedros de Villa",Los Cedros De Villa,1
148512108,chorrillos,362250.0,250.0,86.0,3,2,1,Av. El sol 145,Ariosto Matellini,1
146637457,chorrillos,814000.0,0.0,127.0,4,3,2,Calle Dario Torres,Chorrillos,1
148583946,chorrillos,247900.0,0.0,46.0,2,2,0,Condominio Friendz,La Campiña,10
149662766,chorrillos,401195.0,70.0,90.0,3,2,1,Impecable - Bello Flat DE 3 Dormitorios - Cochera - Piso 3,Ariosto Matellini,10
149688220,chorrillos,273000.0,0.0,79.0,3,2,0,Av. Oscar de La Barrera 322,Chorrillos,10
145081271,chorrillos,401000.0,0.0,63.0,3,2,0,Av. Los Faisanes 485,Chorrillos,1
145081276,chorrillos,1280200.0,0.0,129.0,3,2,0,Mal. Costa Sur 356,Chorrillos,1
149172693,chorrillos,252000.0,100.0,70.0,3,2,0,Antonio Olivera 440,Chorrillos,1
149641914,chorrillos,408000.0,250.0,42.0,1,1,1,Av Almirante Miguel Grau 1438,Chorrillos,1
147910082,chorrillos,297000.0,0.0,60.0,2,1,1,Jr. Perseo Chorrillos,La Campiña,1
148878139,chorrillos,445000.0,0.0,109.0,4,2,2,"Urb. Los Cedros de Villa Chorrillos, Calle Lobos de Afuera S/N",Los Cedros De Villa,1
148812770,chorrillos,380800.0,0.0,99.0,3,2,0,Av. Alameda Sur,Los Cedros De Villa Etapa Iii,1
148812760,chorrillos,255000.0,0.0,69.0,3,2,0,JR. Titanes 185,Chorrillos,1
149278470,chorrillos,339000.0,50.0,87.0,3,1,0,C. Palmas Reales 111,Chorrillos,1
149273120,chorrillos,367000.0,0.0,60.0,2,2,0,AV Jose Olaya  al 100,Chorrillos,1
147803622,chorrillos,832800.0,450.0,145.0,3,2,2,Calle ADOLFO VIERA  236 - 201,Chorrillos,1
149244632,chorrillos,291500.0,0.0,65.0,2,2,1,Jirón Tambo Real,Chorrillos,1
148727946,chorrillos,390000.0,60.0,99.0,3,2,1,Marsella,Los Cedros De Villa,1
149258809,chorrillos,1088000.0,900.0,156.0,3,2,2,Malecón Grau,Chorrillos,1
146197523,chorrillos,2668000.0,0.0,293.0,3,3,3,Chorrillos,Chorrillos,1
148809014,chorrillos,645000.0,0.0,218.0,4,5,0,Santa Maria de Villa Chorrillos Calle B 116,Santa Maria De Villa,1
149888037,chorrillos,748000.0,560.0,135.0,3,2,1,Malecon Grau Chorrillos,Chorrillos,1
148809022,chorrillos,465000.0,70.0,102.0,3,2,1,Urb. Matellini - Tercera Etapa Jr. Los Poetas,Chorrillos,1
148727330,chorrillos,619920.0,300.0,50.0,1,1,1,vista marina,Chorrillos,1
149237603,chorrillos,587000.0,240.0,173.0,3,2,1,Nelson Guia N°395,Chorrillos,1
149769564,chorrillos,627383.0,180.0,44.0,1,1,1,Malecón Costa Sur 135,Chorrillos,1
148085600,chorrillos,642550.0,0.0,147.0,4,2,0,"Calle Alfredo Narvaes, Chorrillos",Chorrillos,1
149282647,chorrillos,435500.0,50.0,105.0,3,3,0,Calle Isla Jamaica Mz.B9 - Lt.18,Los Cedros De Villa,1
149538138,chorrillos,1500750.0,900.0,290.0,4,3,2,Miguel Grau,Chorrillos,1
141960762,chorrillos,885600.0,0.0,87.0,1,1,1,OTHO GASTHAÑETA,Chorrillos,1
149645957,chorrillos,548550.0,0.0,44.0,1,1,1,Av. Malecón Costa Sur - Límite con Barranco,Chorrillos,1
149134614,chorrillos,365150.0,150.0,140.0,3,2,0,Alameda Los Horizontes,Chorrillos,1
148163621,chorrillos,203000.0,0.0,40.0,3,2,1,"Av Paseo de la República, Chorrillos 15064",Las Gaviotas,10
149815235,chorrillos,1013200.0,0.0,160.0,2,2,1,Pasaje Mirabel  125,Chorrillos,10
149046060,chorrillos,278000.0,90.0,55.0,2,2,0,Calle Córcega,Los Cedros De Villa,10
148383850,chorrillos,487200.0,150.0,100.0,3,2,1,guardia civil sur 108,Chorrillos,1
149688286,chorrillos,258750.0,0.0,60.0,3,2,0,Calle Ontario 156,La Campiña,1
149470833,chorrillos,366000.0,160.0,120.0,2,2,1,Tambo Real 236,Chorrillos,1
148750682,chorrillos,410000.0,250.0,80.0,3,2,1,Avenida El Sol,Paseo De La Republica,1
147315659,chorrillos,314500.0,0.0,57.0,2,2,0,AVENIDA EL SOL,La Campiña,1
149816048,chorrillos,368500.0,0.0,85.0,3,2,0,Las Tortugas,Chorrillos,1
149461511,chorrillos,341550.0,220.0,69.0,3,2,1,Jirón  Perseo 100,Ariosto Matellini,1
149166775,chorrillos,789000.0,0.0,106.0,3,2,1,Dario Torres al 100,Costa Sur,1
149523036,chorrillos,160000.0,80.0,49.0,2,1,0,mz x lt x Aahh Simon Bolivar  Chorrillos,Chorrillos,1
148033102,chorrillos,687450.0,0.0,94.0,3,1,1,MADRE SELVA,Chorrillos,1
149491204,chorrillos,577500.0,0.0,193.0,3,3,0,Calle los Tumbos al 300,Ariosto Matellini,1
143986447,chorrillos,836000.0,400.0,95.0,3,3,0,MALECON COSTA AZUL,Chorrillos,1
148032309,chorrillos,490000.0,0.0,65.0,1,1,0,MADRE SELVA,Chorrillos,1
149207300,chorrillos,390000.0,300.0,57.0,2,2,1,Av. Mariscal Castilla 565,Chorrillos,1
149490799,chorrillos,260000.0,250.0,65.0,3,2,0,Jirón Juno 184 - a Minutos del Óvalo de la Curva,La Campiña,1
148658997,chorrillos,270000.0,0.0,58.0,2,2,0,Calle Victor Humareda  al 100,Chorrillos,1
149461456,chorrillos,419000.0,180.0,86.0,3,2,1,Calle Los Alarifes,Chorrillos,1
149891346,chorrillos,401200.0,0.0,90.0,3,2,1,SE Vende Depto EN Condominio LAS Torres 3ER Piso SIN Ascensor CON Estacionamiento EN Calle Andromeda Chorrillos,Chorrillos,1
149514842,chorrillos,425000.0,200.0,127.0,3,3,1,Calle Menorca 100,Chorrillos,1
149479367,chorrillos,320000.0,280.0,72.0,3,2,1,Los Gorriones 273,Chorrillos,1
148545677,chorrillos,540600.0,300.0,45.0,1,1,0,MALECON COSTA SUR CHORRILLOS,Chorrillos,1
148309119,chorrillos,336000.0,0.0,108.0,3,2,1,"Manzana A, Lote 18 – Calle J, cruce con Av. Márquez",Los Incas,1
149827299,chorrillos,402000.0,200.0,94.0,3,2,1,Calle Alameda los Horizontes al 900,Chorrillos,1
145475710,chorrillos,403200.0,0.0,130.0,3,2,0,Jirón Eleuteria,Los Cedros De Villa,1
149317111,chorrillos,310610.0,0.0,71.0,3,2,0,Av. Defensores del Morro,Chorrillos,1
149342999,chorrillos,372500.0,0.0,56.0,2,2,0,EQUIPADO | NO PAGA ALCABALA | Jr. Artemisa y Palas Atenea,Chorrillos,1
149609697,chorrillos,395000.0,65.0,98.0,3,2,1,Marsella,Los Cedros De Villa,1
148988431,chorrillos,389000.0,249.0,89.0,3,2,0,Av. Los Faisanes 335,Chorrillos,10
149765574,chorrillos,550000.0,0.0,103.0,3,2,0,calle Carlos Mellet varga 849 Urbanizacion Rosario de Villa_Chorrillos,Chorrillos,6
149120154,chorrillos,357000.0,160.0,70.0,3,2,0,AV. EL SOL Y AV. LOS FAISANES,La Campiña,10
149496711,chorrillos,438000.0,0.0,127.0,3,2,0,Calle Lanai,Los Cedros De Villa,1
149097239,chorrillos,319200.0,180.0,82.0,3,2,0,Avenida Guardia Civil 665 Chorrillos,Chorrillos,1
144383508,chorrillos,373275.0,150.0,90.0,3,1,1,Av. Alejandro Iglesias,Santa Teresita De Chorrillos,1
148926945,chorrillos,408000.0,0.0,106.0,3,2,0,Urb. Los Cedros de Villa - III Etapa Av. Alameda Sur Manzana P,Los Cedros De Villa,1
149742709,chorrillos,219000.0,0.0,59.0,3,1,0,AV EL SOL 1052 Piso 4,Chorrillos,1
149191152,chorrillos,450000.0,350.0,66.0,2,2,1,Jr. Pedro Solari 228,Chorrillos,1
148812747,chorrillos,459000.0,0.0,99.0,3,2,0,Av. Alameda Sur,Los Huertos De Villa,1
148900526,chorrillos,200670.0,0.0,45.0,2,2,0,Los Gorriones 466,Chorrillos,1
149299496,chorrillos,367200.0,160.0,70.0,2,2,1,Avenida Los Faisanes,La Campiña,1
148911797,chorrillos,351900.0,0.0,90.0,2,2,1,Jr. Alameda Costa Norte Urbanización Las Brisas de Villa,Las Brisas De Villa,1
146608768,chorrillos,205000.0,200.0,29.0,1,1,0,CHORRILLOS,Chorrillos,1
149316033,chorrillos,3738700.0,2469.0,683.0,3,5,3,Malecon Grau,Chorrillos,1
149476159,chorrillos,535153.0,350.0,56.0,2,2,0,Malecón Grau,Chorrillos,1
145746986,chorrillos,448500.0,300.0,106.0,3,2,1,LAS CANARIAS,Los Cedros De Villa Etapa Ii,1
149855006,chorrillos,388000.0,300.0,67.0,3,3,0,Calle Andrómeda,Ariosto Matellini,1
149307459,chorrillos,446059.0,0.0,67.0,3,2,0,Amplio Depa con Balcón y 3dorm en Chorrillos,Chorrillos,1
146736806,chorrillos,912128.0,350.0,70.0,2,2,0,Malecon Costa sur,Chorrillos,1
145937404,chorrillos,557600.0,0.0,45.0,1,1,0,Av. Malecón Costa Sur esq. con Calle Othon Gastañeta 100,Chorrillos,1
149802811,chorrillos,621000.0,220.0,152.0,4,4,1,Jirón Juno 191,La Campiña,1
90844707,chorrillos,378000.0,150.0,78.0,3,2,0,Jr Juno 190,Chorrillos,1
149661532,chorrillos,334900.0,120.0,70.0,2,2,0,Donald Douglas 100,Santa Maria De Villa,1
149871607,chorrillos,405000.0,300.0,80.0,3,2,0,Av. Los Faisanes 335,Chorrillos,1
149765584,chorrillos,400000.0,250.0,72.0,3,2,1,Los Gorriones al 200,Chorrillos,1
149630809,chorrillos,413100.0,0.0,106.0,2,2,0,Jr. Alameda Costa Norte Urbanización Las Brisas de Villa,Las Brisas De Villa,1
148566356,chorrillos,1061550.0,650.0,125.0,2,2,2,Malecón GRAU  -,Chorrillos,1
149622602,chorrillos,375000.0,250.0,72.0,3,2,1,LOS Gorriones al 200,La Campiña,1
148426030,chorrillos,203000.0,0.0,41.0,3,2,0,Gaviotas,Chorrillos,1
4133278,chorrillos,455000.0,275.0,110.0,2,1,1,Malecon Grau,Chorrillos,10
146944703,chorrillos,399600.0,1.0,92.0,2,2,1,"JIRON SANTA TERESA, CHORRILLOS",Chorrillos,10
149738786,chorrillos,379000.0,250.0,86.0,3,2,0,Amplia Terraza | Cocina Americana | 3 Dormitorios | No Incluye Cochera,La Campiña,10
90584028,chorrillos,282240.0,28.0,70.0,2,2,0,AV. EL SOL 120,Nuevo Chorrillos,1
149228484,chorrillos,300150.0,180.0,76.0,3,1,0,Calle Santa Teresa,Chorrillos,1
149897877,chorrillos,419000.0,290.0,73.0,3,2,1,Avenida Alejandro Iglesias 105,Chorrillos,1
146887236,chorrillos,309000.0,0.0,101.0,4,2,0,Jr. Eleuthería 384,Los Cedros De Villa,1
66161053,chorrillos,4342000.0,2500.0,770.0,3,4,3,MALECÓN GRAU 260,Chorrillos,1
148674860,chorrillos,603000.0,0.0,250.0,5,5,1,San Ignacio 175,Los Cedros De Villa,1
146753274,chorrillos,666281.0,350.0,49.0,1,1,0,Malecon Costa sur,Chorrillos,1
148653463,chorrillos,594903.0,0.0,70.0,2,2,1,Av. Chorrillos 150,Villa Militar Chorrillos Oeste,1
148719354,chorrillos,305000.0,37.0,92.0,3,2,0,"Jiron Teniente Legua Romero, La Campiña, Chorrillos",La Campiña,1
149281153,chorrillos,640300.0,300.0,47.0,1,1,1,Calle OTHON GASTAÑETA 1XX - PISO 12,Chorrillos,1
149897805,chorrillos,409000.0,0.0,66.0,3,2,1,Avenida Las Gaviotas,Chorrillos,1
149437903,chorrillos,365453.0,165.0,62.0,3,2,0,Av. El Sol,Chorrillos,1
149617851,chorrillos,588000.0,0.0,71.0,2,2,1,Avenida Chorrillos 150,Chorrillos,1
148621776,chorrillos,425000.0,0.0,110.0,3,2,0,CALLE JAMAICA,Los Cedros De Villa Etapa Ii,1
149176417,chorrillos,380000.0,225.0,86.0,3,2,1,Vicente Espantoso al 100,Chorrillos,1
149436541,chorrillos,245000.0,55.0,54.0,1,1,1,Carlos Gil 547,Chorrillos,1
149031027,chorrillos,400800.0,0.0,202.0,3,6,0,URB Cedros DE Villa,Chorrillos,1
149231390,chorrillos,230000.0,0.0,64.0,3,2,0,Residencial Orion,El Sol De Matellini,1
149845173,chorrillos,210000.0,100.0,47.0,1,1,0,Lo sauces 155,Chorrillos,1
145910209,chorrillos,449000.0,60.0,125.0,3,2,1,calle 3,Alameda Sur De Villa,1
149889961,chorrillos,250000.0,0.0,65.0,2,1,0,Jiron Julio Victor Aguirre 281,Chorrillos,1
149479135,chorrillos,377000.0,250.0,70.0,3,2,1,Los Gorriones 273,La Campiña,1
149700410,chorrillos,330000.0,0.0,72.0,3,2,0,Los Gorriones 235,Chorrillos,1
148347645,chorrillos,657000.0,0.0,80.0,3,2,0,"Jirón Daniel Urrea N° 2xx, Dpto. 201 AL 601",Chorrillos,1
149006467,chorrillos,428170.0,0.0,55.0,1,2,1,"Av José Olaya N° 2xx, Dpto. Tipo 8",Chorrillos,1
146623777,chorrillos,248336.0,0.0,36.0,1,1,0,Av. José Olaya Cuadra 5 Cerca a Plaza Vea de Iglesias,Chorrillos,1
149830432,chorrillos,273880.0,128.0,71.0,3,2,0,Palas Atenea,La Campiña,1
148051296,chorrillos,707200.0,0.0,94.0,3,2,1,Av. Chorrillos,Chorrillos,10
145860043,chorrillos,364000.0,0.0,67.0,3,2,3,Gaviotas,Chorrillos,10
148976988,chorrillos,2512500.0,0.0,330.0,4,2,4,"Calle Malecón Grau N 2, Piso 1, Chorrillos",Chorrillos,10
144548825,chorrillos,816000.0,450.0,145.0,3,2,2,Adolfo Viera,Chorrillos,1
147622749,chorrillos,259092.0,0.0,37.0,1,1,0,Av. José Olaya - Departamento en Venta - A 1 Cuadra del Malecón Grau,Chorrillos,1
143647655,chorrillos,300000.0,0.0,65.0,2,2,1,Av Faisanes,La Campiña,1
4613319,chorrillos,702556.0,0.0,94.0,3,2,1,Avenida Chorrillos,Chorrillos,1
146768490,chorrillos,1258000.0,1.0,204.0,3,2,0,"Av Chorrillos 1, Urb Costa Sur, Chorrillos",Chorrillos,1
147401840,chorrillos,308899.0,0.0,41.0,1,1,0,"Jirón Independencia N° 3xx, Dpto. 111 AL 1211 B",Chorrillos,1
147668321,chorrillos,358100.0,0.0,58.0,2,2,0,Av. Alipio Ponce Vásquez 32,Chorrillos,1
148347708,chorrillos,865000.0,0.0,118.0,3,2,0,"Jirón Daniel Urrea N° 2xx, Dpto. 801",Chorrillos,1
149006366,chorrillos,265100.0,0.0,37.0,1,1,1,"Av José Olaya N° 2xx, Dpto. Tipo 14",Chorrillos,1
144540745,chorrillos,338658.0,0.0,63.0,3,2,1,"Calle Andromeda N° 88x, Dpto. Tipo 2",Chorrillos,1
149225249,chorrillos,663300.0,0.0,152.0,4,3,1,Lizandro de La Puente Cardenas 100,Santa Leonor,1
149803384,chorrillos,243404.0,0.0,52.0,2,2,1,"Calle Icaro N° 1xx, Dpto. 206 AL 1206 D",Chorrillos,1
149290103,chorrillos,534780.0,0.0,84.0,3,2,2,Calle Waikiki 178,Los Cedros De Villa,1
148865689,chorrillos,477000.0,0.0,67.0,3,2,0,Avenida Jose Olaya  al 200,Chorrillos,1
144118325,chorrillos,893342.0,0.0,96.0,3,2,1,Malecón Costa Sur,Chorrillos,1
149180982,chorrillos,237350.0,0.0,61.0,3,2,0,Electra  al 100,La Campiña,1
149040164,chorrillos,239000.0,150.0,66.0,3,2,1,Chorrillos,Chorrillos,1
148511731,chorrillos,668640.0,0.0,320.0,4,3,0,Av Alameda Los Horizontes  al 700,Chorrillos,1
149874601,chorrillos,310000.0,0.0,110.0,3,2,0,Av. 12 De Octubre Mz.. A3 Lote 2 Las Delicias de Villa,Chorrillos,1
149327179,chorrillos,544896.0,280.0,76.0,3,2,0,Jr. Pedro Solari 242,Chorrillos,1
146088596,chorrillos,901000.0,800.0,153.0,3,3,2,Malecón Grau 439,Chorrillos,1
148699190,chorrillos,302600.0,150.0,68.0,3,2,0,Calle Perseo 100 Piso 3,La Campiña,1
149801279,chorrillos,279300.0,180.0,76.0,3,2,0,Jirón Ontario  275,Chorrillos,1
145860835,chorrillos,366000.0,0.0,66.0,3,2,1,Gaviotas,Chorrillos,1
143881744,chorrillos,602140.0,0.0,90.0,2,2,0,"Calle Daniel Urrea N° 3xx, Dpto. 101",Chorrillos,1
149517521,chorrillos,459000.0,0.0,37.0,1,1,1,Jiron Othon Gastañeta al 100,Chorrillos,1
149874599,chorrillos,400192.0,0.0,133.0,3,2,0,Av. 12 de Octubre Mz. A3 lt. 2,Chorrillos,1
148347635,chorrillos,515000.0,0.0,59.0,3,2,0,"Jirón Daniel Urrea N° 2xx, Dpto. 803",Chorrillos,10
149822052,chorrillos,375000.0,250.0,72.0,3,2,1,Calle Los Gorriones al 200,Chorrillos,10
149463274,chorrillos,425900.0,0.0,64.0,3,2,0,Avenida Faisanes al 300,Chorrillos,10
145717180,chorrillos,316000.0,0.0,58.0,2,2,1,"AV. LAS Gaviotas 1XX Dpto 101, 102, 204 - T1",Chorrillos,1
143112425,chorrillos,810300.0,0.0,90.0,2,1,1,Daniel Urrea,Chorrillos,1
147231320,chorrillos,379000.0,0.0,56.0,2,2,0,Av. José Olaya 225,Chorrillos,1
144716203,chorrillos,371400.0,0.0,65.0,3,2,1,"Av Faisanes N° 3xx, Dpto. 209 AL 1209 B",Chorrillos,1
148990127,chorrillos,2428750.0,0.0,294.0,3,5,3,"Malecón Grau N 2, Piso 1, Chorrillos.",Chorrillos,1
147535968,chorrillos,1165500.0,0.0,53.0,2,2,0,Av. Los Faisanes 485,Chorrillos,1
90550241,chorrillos,340900.0,0.0,55.0,2,2,1,Av. Los Faisanes,Chorrillos,1
145646878,chorrillos,777777.0,0.0,136.0,3,3,1,Av. José Olaya - Departamento en Venta - A 1 Cuadra de la Av. Malecón Grau,Chorrillos,1
143647308,chorrillos,371000.0,0.0,65.0,3,2,1,Av Faisanes,La Campiña,1
149555033,chorrillos,328971.0,0.0,52.0,2,2,0,Departamento en una Ubicación Estratégica Cerca del Malecón y las Playas de la Costa Verde,Chorrillos,1
143833570,chorrillos,356000.0,0.0,64.0,3,2,0,"Av LOS Faisanes N° 4xx, Dpto. 203 AL 1703",Chorrillos,1
149686191,chorrillos,362582.0,0.0,56.0,2,2,0,José Olaya,Chorrillos,1
149813937,chorrillos,319000.0,0.0,93.0,3,2,0,"Urb Alameda sur Villa Magisterial. Calle 4, Maz C - Lote 11",Chorrillos,1
149383275,chorrillos,358000.0,80.0,76.0,3,2,1,Jirón Teniente Carlos Jimenez Chavez Chorrillos,La Campiña,1
90564388,chorrillos,413500.0,0.0,65.0,3,2,1,Av. Los Faisanes,Chorrillos,1
147846633,chorrillos,897000.0,0.0,132.0,3,2,2,Dario Torres,Chorrillos,1
149306316,chorrillos,472600.0,75.0,192.0,4,2,1,Av las gaviotas 284,La Campiña,1
90580724,chorrillos,423200.0,0.0,65.0,2,2,1,Av. Los Faisanes,Chorrillos,1
143646649,chorrillos,306000.0,0.0,53.0,2,2,1,Av Faisanes,Chorrillos,1
149803389,chorrillos,261255.0,0.0,56.0,3,2,1,"Calle Icaro N° 1xx, Dpto. 202 AL 1302 C",Chorrillos,1
148525224,chorrillos,525000.0,0.0,288.0,7,4,2,Juan A. Olivera al 400,Chorrillos,1
148347627,chorrillos,511000.0,0.0,59.0,2,2,0,"Jirón Daniel Urrea N° 2xx, Dpto. 202 AL 702",Chorrillos,1
148698525,chorrillos,822500.0,0.0,278.0,4,3,0,JR Tambo Real  al 100,Chorrillos,1
145717534,chorrillos,210000.0,0.0,33.0,1,1,1,AV. LAS Gaviotas 1XX Dpto 207 T1,Chorrillos,1
149408343,chorrillos,262960.0,180.0,70.0,3,2,0,JR. LOS Asteroides al 100,La Campiña,1
148347601,chorrillos,479000.0,0.0,58.0,2,2,0,"Jirón Daniel Urrea N° 2xx, Dpto. 205 AL 705",Chorrillos,1
144716291,chorrillos,359000.0,0.0,65.0,2,2,1,"Av Faisanes N° 3xx, Dpto. 308 AL 808 B",Chorrillos,1
148347683,chorrillos,781000.0,0.0,102.0,3,2,0,"Jirón Daniel Urrea N° 2xx, Dpto. 802",Chorrillos,10
143833523,chorrillos,274000.0,0.0,56.0,2,2,0,"Av LOS Faisanes N° 4xx, Dpto. 308 AL 1708",Chorrillos,1
148347591,chorrillos,377000.0,0.0,42.0,1,1,0,"Jirón Daniel Urrea N° 2xx, Dpto. 203 AL 603",Chorrillos,1
146767277,chorrillos,1322600.0,0.0,165.0,3,2,0,Av Chorrillos 1,Chorrillos,1
148347696,chorrillos,765000.0,0.0,114.0,3,2,0,"Jirón Daniel Urrea N° 2xx, Dpto. 805",Chorrillos,1
149006511,chorrillos,536000.0,0.0,69.0,2,2,1,"Av José Olaya N° 2xx, Dpto.tipo 3",Chorrillos,1
149327190,chorrillos,413177.0,280.0,55.0,2,2,0,Jr. Pedro Solari 242,Chorrillos,1
149637466,chorrillos,350000.0,0.0,65.0,3,2,0,Jiron Juno  al 100,La Campiña,1
149873676,chorrillos,550000.0,100.0,95.0,3,2,1,Chorrillos Barranco,Chorrillos,1
148280879,chorrillos,544000.0,0.0,46.0,1,1,1,Gastañeta,Chorrillos,1
143833502,chorrillos,272000.0,0.0,53.0,2,2,0,"Av LOS Faisanes N° 4xx, Dpto. 1307 AL 1707",Chorrillos,1
149874592,chorrillos,278512.0,0.0,98.0,3,2,0,Av. 12 de Octubre Mz. A3 Lote 2,Chorrillos,1
149873950,chorrillos,455600.0,0.0,108.0,3,2,0,K,Chorrillos,1
143173211,chorrillos,470820.0,0.0,44.0,1,1,1,"Av Malecon Costa SUR N° Xxx, Dpto. 204 AL 1304",Chorrillos,1
149253568,chorrillos,291550.0,0.0,64.0,3,2,0,Av. Los Faisanes  al 100,La Campiña,1
149404063,chorrillos,206000.0,0.0,40.0,1,1,0,Av. Las Gaviotas al 100,Chorrillos,1
143792611,chorrillos,626323.0,0.0,87.0,3,2,1,Jr. Pedro Solari,Chorrillos,1
149561287,chorrillos,356000.0,0.0,67.0,3,2,1,AV. LAS Gaviotas 1XX Dpto X01 T1,Chorrillos,1
147401946,chorrillos,539447.0,0.0,76.0,3,2,0,"Jirón Independencia N° 3xx, Dpto. 204 AL 1204 A",Chorrillos,1
143649312,chorrillos,283000.0,0.0,54.0,2,2,1,Av Faisanes,La Campiña,1
148449843,chorrillos,438100.0,1.0,267.0,6,3,0,"DEMETRIO RUIZ 171 ,CHORRILLOS A0 267M2 AC 153M2 6 HAB 3 BAÑOS",Chorrillos,1
146623792,chorrillos,379321.0,0.0,50.0,2,2,1,Av. José Olaya Cuadra 5 Cerca a Plaza Vea de Iglesias,Chorrillos,1
147466107,chorrillos,956529.0,0.0,114.0,3,2,1,"Malecón Grau N° 2xx, Dpto. 1101",Chorrillos,1
148521547,chorrillos,403200.0,250.0,99.0,3,2,1,"Condominios ""Las Torres de Matellini""",Chorrillos,10
149803430,chorrillos,354854.0,0.0,78.0,3,2,1,"Calle Icaro N° 1xx, Dpto. 104 D",Chorrillos,1
149629257,chorrillos,2373200.0,1700.0,294.0,3,3,3,Malecón Grau,Chorrillos,1
149738837,chorrillos,446355.0,120.0,160.0,7,4,2,Jirón A. Olivera  al 400,Chorrillos,1
149873858,chorrillos,393300.0,50.0,60.0,2,2,0,av.  Jose  Olaya,Chorrillos,1
147674226,chorrillos,445300.0,0.0,72.0,3,2,0,Av. Alipio Ponce Vásquez 32,Chorrillos,1
146607110,chorrillos,408000.0,0.0,68.0,3,2,1,Av. José Olaya Cuadra 5 Cerca a Plaza Vea de Iglesias,Chorrillos,1
4641162,chorrillos,557600.0,0.0,43.0,1,1,1,Calle Othon Gastañeta,Chorrillos,1
147164166,chorrillos,488900.0,0.0,64.0,2,2,1,"Av José Olaya N° 2xx, Dpto. Tipo 12",Chorrillos,1
146616686,chorrillos,1295000.0,0.0,146.0,3,3,1,"Av. Chorrillos 646, Uni. Inmob. 132, Dpto. 1407, Urb. Quebrada de Tenderini, Chorrillos",Chorrillos,1
147503294,chorrillos,424800.0,0.0,44.0,3,1,0,Av. Malecón Costa Sur Esq. con Calle Othon,Chorrillos,1
149617636,chorrillos,583010.0,1.0,70.0,2,2,1,Av. Chorrillos,Chorrillos,1
149687888,chorrillos,365000.0,0.0,119.0,2,2,1,Jr. Tambo Real,Chorrillos,1
146578416,chorrillos,408885.0,250.0,95.0,3,2,1,"Av. Los Faisanes 277, Chorrillos 15054",Chorrillos,1
147850623,chorrillos,270000.0,0.0,94.0,3,2,0,Av. 12 de Octubre Mz. A3 Lote 2,Chorrillos,1
148715530,chorrillos,275000.0,0.0,63.0,3,2,0,Victor Humareda  al 100,Chorrillos,1
148784950,chorrillos,415800.0,0.0,65.0,3,2,0,Avenida Los Faisanes,Chorrillos,1
145860319,chorrillos,432000.0,0.0,68.0,3,2,1,Gaviotas,Chorrillos,1
146768718,chorrillos,1591000.0,1.0,204.0,3,2,2,"Malecon Grau, Chorrillos",Chorrillos,1
146404573,chorrillos,316000.0,0.0,62.0,3,2,0,"Av LOS Faisanes N° 4xx, Dpto. 805 AL 1705",Chorrillos,1
147164153,chorrillos,409550.0,0.0,56.0,1,2,1,"Av José Olaya N° 2xx, Dpto. Tipo 15",Chorrillos,1
146623833,chorrillos,383719.0,0.0,71.0,3,2,1,Av. José Olaya Cuadra 5 Cerca a Plaza Vea de Iglesias,Chorrillos,10
149334466,chorrillos,536500.0,0.0,75.0,2,2,1,Jr. Santa Teresa Cuadra 7 - con Jr. Viera-chorrillos-lima,Chorrillos,10
148731758,chorrillos,324900.0,180.0,140.0,2,1,0,Calle Joan Miro 182,Santa Leonor,10
142947283,chorrillos,303400.0,0.0,56.0,2,1,1,Av. Faisanes,Chorrillos,1
145717936,chorrillos,291000.0,0.0,55.0,2,2,1,AV. LAS Gaviotas 1XX Dpto X02 T1,Chorrillos,1
145718136,chorrillos,234000.0,0.0,39.0,1,1,1,AV. LAS Gaviotas 1XX Dpto X03 T2,Chorrillos,1
149803421,chorrillos,336507.0,0.0,74.0,3,2,1,"Calle Icaro N° 1xx, Dpto. 102 D",Chorrillos,1
145718285,chorrillos,428000.0,0.0,68.0,3,2,1,AV. LAS Gaviotas 1XX Dpto X08 T1,Chorrillos,1
145124808,chorrillos,2411200.0,1369.0,412.0,4,4,2,Malecón Grau,Chorrillos,1
148364668,chorrillos,640000.0,100.0,455.0,2,4,0,12 de Octubre 4to Piso,Las Delicias De Villa,1
148604133,chorrillos,283900.0,0.0,70.0,3,2,0,Calle Los Quipus Mz G Lote 8,Chorrillos,1
148325906,chorrillos,472000.0,0.0,46.0,1,1,1,malecon costasur,Chorrillos,1
145717249,chorrillos,325000.0,0.0,57.0,3,2,1,AV. LAS Gaviotas 1XX Dpto 104 - T2,Chorrillos,1
147503713,chorrillos,372750.0,0.0,101.0,4,2,0,Trabajadores DEL Instituto Nacional DE Salud,Chorrillos,1
148322491,chorrillos,285600.0,100.0,78.0,3,2,0,Jiron Viña Venturo  2xx - Vendo Dpto 3dorm Cerca a la av Guardia Civil,Chorrillos,1
145338635,chorrillos,570400.0,150.0,135.0,4,3,0,Jr costa azul 183,Chorrillos,1
145081288,chorrillos,1628000.0,0.0,146.0,3,2,0,Mal. Costa Sur 356,Chorrillos,1
149803412,chorrillos,264617.0,0.0,58.0,3,2,1,"Calle Icaro N° 1xx, Dpto. 204 AL 1204 D",Chorrillos,1
149739222,chorrillos,284750.0,50.0,90.0,2,1,0,Av Alameda Sur & Avenida Alameda Los Cedros,Chorrillos,1
149874531,chorrillos,398840.0,0.0,147.0,3,2,0,Av. 12 de Octubre Mz. A3 Lote 12,Chorrillos,1
4592982,chorrillos,993600.0,450.0,140.0,3,2,2,Darío Torres,Chorrillos,1
147164186,chorrillos,499580.0,0.0,66.0,2,2,1,"Av José Olaya N° 2xx, Dpto.tipo 11",Chorrillos,1
147790355,chorrillos,476000.0,100.0,123.0,3,2,2,"AV. COSTANERA 355, CHORRILLOS",Chorrillos,1
149873949,chorrillos,435500.0,0.0,103.0,3,2,0,k,Chorrillos,1
148343005,comas,217415.0,0.0,221.0,4,3,0,Jr. Tarma  - Comas,Comas,10
146741092,comas,174200.0,0.0,73.0,2,2,0,jr Bosques de Huayllay Comas,Comas,10
149547998,comas,202300.0,120.0,50.0,2,1,1,"Condominio Los Girasoles, Tercera Etapa",Chacra Cerro,10
148984283,comas,287000.0,0.0,101.0,4,2,0,"San Jorge 130, Comas",Comas,1
149801945,comas,210000.0,80.0,56.0,3,1,0,Condominio Torres las Praderas Mz E - Puerta E3,Comas,1
149040079,comas,295000.0,175.0,86.0,3,2,0,"Calle 9, Comas 15117",El Retablo,1
147846630,comas,227500.0,0.0,106.0,3,1,0,Ca. Mama Ocllo,Comas,1
149115427,comas,197650.0,0.0,101.0,3,2,0,Jr Cusco,Comas,1
148633271,comas,107184.0,0.0,40.0,2,1,0,"Riva Aguero 257, Comas 15312, Perú",Comas,1
147780004,comas,235000.0,110.0,83.0,3,2,1,Torres del campo,Santa Luzmila,1
149636375,comas,345000.0,0.0,210.0,4,4,1,Eucaliptos,Comas,1
143672582,comas,170000.0,150.0,50.0,3,1,0,LOS GIRASOLES TERCERA ETAPA,Comas,1
149308822,comas,270000.0,200.0,73.0,3,1,1,Avenida Belaunde Oeste 1305,Comas,1
149508557,comas,273600.0,0.0,124.0,4,2,0,Bolivar 160,Comas,1
147107047,comas,203000.0,0.0,69.0,3,1,0,Av. Sangarara 546,Comas,1
149169432,comas,170000.0,0.0,50.0,3,1,0,Condominio Los Laureles 4ta Etapa,Comas,1
149417536,comas,295000.0,210.0,83.0,3,2,0,Jirón 9 N° 406,Comas,1
146724471,comas,182000.0,120.0,60.0,3,1,0,Av. Victor Andrés Belaunde 1220,Manuel Gonzales Prada Zn.a,1
148123857,comas,149210.0,0.0,106.0,3,1,0,"C. 34 187, Comas 15316, Perú",Comas,1
149247182,comas,390000.0,0.0,104.0,4,2,0,Condominio Top - Mambo Tress,Comas,1
149456759,comas,159000.0,99.0,51.0,3,1,0,Condominio Los Laureles 4ta Etapa,Comas,1
148045313,comas,221000.0,0.0,97.0,2,1,0,Mateo Silva  Santa Luzmila Comas,Santa Luzmila,1
149129518,comas,206400.0,0.0,70.0,2,1,0,Pasaje Año Nuevo zona E  Comas,Comas,1
149847300,comas,139000.0,100.0,49.0,1,1,0,Sangarara  al 500,El Pinar,1
147983614,comas,297500.0,0.0,79.0,3,2,1,Condominio Alameda Algarrobos,Comas,1
149079777,comas,220000.0,145.0,68.0,3,2,0,Av. Micaela Bastidas 919,Comas,1
148083166,comas,235000.0,0.0,86.0,2,2,0,"Mariano Necochea 461, Comas",Comas,1
147503664,comas,218300.0,0.0,62.0,2,2,0,Pasaje Trentiuno 300,Comas,1
144957985,comas,265000.0,0.0,85.0,2,2,0,Jr. Puquio,Comas,1
149495852,comas,307800.0,0.0,91.0,3,1,0,C. 19 de Julio 160,Comas,1
148541507,comas,207000.0,45.0,83.0,2,2,0,Jr Mariano Necochea al 400,Comas,10
149370486,comas,258750.0,200.0,83.0,3,2,0,Av. Micaela Bastidas 1261,Comas,10
148541504,comas,187600.0,0.0,104.0,3,1,0,Calle 17 URB EL Pinar MZ B2 Lote 42,Comas,10
149061879,comas,235000.0,115.0,59.0,3,2,0,República de Israel Puerta Nª 5,Comas,1
146607540,comas,220000.0,0.0,84.0,2,1,0,3W7P+6M5 Comas,El Retablo Ii,1
147055420,comas,241920.0,0.0,68.0,2,2,0,Jr Lima  - La Libertad - Comas,Comas,1
147092868,comas,240000.0,130.0,59.0,3,1,0,Manuel González Prada 1521 Comas,Comas,1
148010011,comas,194880.0,0.0,84.0,2,1,0,"Juan Montoya 254, Comas 15326",Comas,1
148654312,comas,222300.0,0.0,83.0,3,2,0,Arguedas 159,Comas,1
148764304,comas,385250.0,0.0,121.0,4,2,1,"Jr. Francisco Alvariño, Urb. Retablo a Pocos Pasos de Metro",El Retablo,1
148654156,comas,247900.0,0.0,101.0,3,2,0,Arguedas 159,Comas,1
147948015,comas,181980.0,0.0,90.0,3,1,0,"Jiron, Leon Pinelo 205 Urb, Huquillay 15312, Perú",Comas,1
148276027,comas,136000.0,0.0,71.0,2,1,0,Felipe Pinglo Alva al 100,La Pascana,1
147969854,comas,149000.0,0.0,50.0,2,1,0,"Av. Micaela Bastidas 919, Comas, Perú",El Retablo,1
146291620,comas,207000.0,0.0,89.0,3,2,0,Alameda del Pinar-cerca a Makro. Urb. Alameda DEL Pinar,Comas,1
149874542,comas,174000.0,110.0,62.0,3,1,0,Residencial Villajacaranda,Comas,1
147090122,comas,234300.0,0.0,76.0,3,1,0,Comas,Comas,1
148292288,comas,176490.0,0.0,71.0,2,1,0,Felipe Pinglo Alva al 100,Comas,1
147503722,comas,264056.0,0.0,99.0,3,2,0,Calle 6,Alameda Del Pinar,1
144957993,comas,265000.0,0.0,82.0,2,2,0,Jr Puquio,Comas,1
149532051,comas,320150.0,0.0,93.0,3,2,0,C. 19 de Julio 149,Villa Hiper,1
149397338,comas,165000.0,125.0,55.0,3,1,0,Micaela Bastidas,Comas,1
149439998,comas,349999.0,229.0,89.0,3,2,0,Las Palmas,Comas,1
149710995,comas,298350.0,0.0,116.0,3,3,1,3WMX+2FJ,Comas,1
147364375,comas,295000.0,150.0,73.0,3,2,0,Calle Bernardo Monteagudo,El Retablo,1
148897541,comas,123600.0,0.0,102.0,1,1,0,Pueblo Joven Pampa de Comas,Comas,1
147906614,comas,148750.0,0.0,51.0,2,1,0,"Av. Micaela Bastidas 919, Comas 15",Comas,1
149121128,comas,299040.0,0.0,124.0,3,2,0,Jose Olaya,Comas,1
149123442,comas,299040.0,0.0,124.0,3,2,0,Jose Olaya,Comas,1
149548219,comas,155000.0,100.0,50.0,2,1,0,Avenida Manuel Gonzalez Prada 1201,Comas,1
149568009,comas,190000.0,0.0,110.0,4,3,0,Avenida Retablo,Comas,10
149844136,comas,160000.0,100.0,51.0,3,1,0,Av. A N.° 790,Comas,10
149726863,comas,349000.0,0.0,209.0,3,4,1,Ficus,Comas,10
149359769,comas,130000.0,99.0,55.0,2,1,0,Micaela Bastidas,Comas,1
149198260,comas,415200.0,1.0,121.0,2,2,0,Azalias 198,Comas,1
149849734,comas,172500.0,0.0,74.0,3,2,0,Yauyos 150,San Felipe,1
149028820,comas,140000.0,0.0,54.0,2,1,0,Ca. 21 287-239,Comas,1
147713266,comas,199999.0,150.0,72.0,3,2,1,condominio los nogales,Comas,1
149898648,comas,220000.0,138.0,70.0,3,2,0,Torres Del Campo,Comas,1
149358997,comas,165000.0,125.0,53.0,3,1,0,Micaela Bastidas,Comas,1
149902504,comas,239450.0,0.0,115.0,3,2,0,La Alameda Del Pinar,Comas,1
146680126,comas,235200.0,30.0,80.0,3,2,0,Calle Jose Baquijano Y Carrillo 107,Santa Luzmila,1
149647129,comas,135000.0,100.0,50.0,3,1,0,Manuel González Prada,Comas,1
148218524,comas,293000.0,0.0,73.0,3,2,1,CONDOMINIO TORRES VISTA SOL,El Retablo,1
149273466,comas,285000.0,0.0,100.0,3,1,0,Av. Republica del Peru 1091,Huaquillay Et.1,1
149703403,comas,135000.0,90.0,50.0,3,1,0,condominio Los Girasoles,Comas,1
149865196,comas,160000.0,100.0,50.0,3,1,0,Av. A 790,Comas,1
149459517,comas,209763.0,0.0,53.0,3,1,0,Av. Micaela Bastidas 1246,Comas,1
149815444,comas,190000.0,0.0,50.0,3,1,1,Manuel Gonzales Prada 123,Comas,1
149268996,comas,129906.0,0.0,50.0,3,1,0,Jr. Las Américas,Comas,1
149735570,comas,194000.0,0.0,55.0,3,1,0,Condominio Torres las Praderas (Mz E),El Retablo,1
147060419,comas,284000.0,0.0,123.0,3,3,0,"CALLE 24 COMAS , urb el pinar",Comas,1
149537228,comas,244300.0,0.0,78.0,3,1,0,Urb Santo Domingo Etapa 3,Comas,1
149775107,comas,195000.0,0.0,68.0,3,2,0,Urb Chacra Cerro,Comas,1
149496067,comas,218880.0,0.0,76.0,3,1,0,Urb. Huaquillay 2da Etapa Comas,Comas,1
149760604,comas,123600.0,0.0,102.0,4,1,0,Jr. San Martín 350,Comas,1
149034028,jesus-maria,589900.0,350.0,100.0,2,2,0,Jirón Huiracocha 2359,Jesús María,1
149497430,jesus-maria,589900.0,350.0,99.0,2,2,0,Jr. Huiracocha 2300,Jesús María,1
149640609,jesus-maria,576000.0,0.0,72.0,3,2,0,Av Cuba  500 a 1 Cdra de Av. Salaverry,Jesús María,1
149767147,jesus-maria,540000.0,300.0,82.0,3,2,1,Avenida Talara,Jesús María,1
148571594,jesus-maria,1713000.0,0.0,206.0,3,2,2,Avenida Dos de Mayo al 1400,Jesús María,1
149651547,jesus-maria,431250.0,360.0,65.0,1,1,1,Av. Olavegoya 1855,Jesús María,1
149032003,jesus-maria,606263.0,0.0,127.0,4,2,0,Avenida Francisco Javier Mariategui  5,Jesús María,1
149642075,jesus-maria,522000.0,228.0,75.0,3,2,0,Jr. Huiracocha 1735 Jesus Maria,Jesús María,1
149662390,jesus-maria,410000.0,0.0,56.0,2,2,1,Av 28 de Julio  al 300,Jesús María,1
148198588,jesus-maria,580000.0,0.0,71.0,3,2,0,jesus maria,Jesús María,1
149665580,jesus-maria,650000.0,0.0,102.0,3,2,1,Parque Pedro la Rosa 119,Jesús María,1
147799751,jesus-maria,630000.0,0.0,103.0,2,2,0,Jr. Huiracocha,Oyague,1
64272467,jesus-maria,530000.0,269.0,60.0,2,2,1,AVENIDA SAN FELIPE,Jesús María,1
149853441,jesus-maria,450000.0,0.0,58.0,2,2,0,Av. Cuba cuadra 12,Jesús María,1
149251169,jesus-maria,307000.0,225.0,40.0,1,1,0,Gregorio Escobedo,Jesús María,1
149603869,jesus-maria,365000.0,260.0,57.0,2,1,0,Av. San  Felipe 800,Jesús María,1
149341692,jesus-maria,730000.0,600.0,108.0,3,3,1,Avenida Olavegoya 1918,Jesús María,1
149904498,jesus-maria,418800.0,200.0,60.0,2,2,0,"AV. Republica DE Chile 400, Dpto 1408",Jesús María,1
145683424,jesus-maria,647500.0,0.0,79.0,3,2,1,Av. Gregorio Escobedo,Jesús María,1
149682838,jesus-maria,889665.0,495.0,150.0,2,2,2,Jr. Daniel Olaechea 175 Piso 8,Jesús María,1
149541815,jesus-maria,1751000.0,0.0,300.0,4,7,1,Av. San Felipe 1079,Jesús María,1
148909728,jesus-maria,653250.0,0.0,142.0,2,2,0,Jirón Caracas al 2400,Jesús María,1
149781190,jesus-maria,520000.0,250.0,75.0,3,2,0,"Jr. Huiracocha 1735 Cerca A AV SAN Felipe, Salaverry, Brasil",Jesús María,10
149411676,jesus-maria,1055000.0,0.0,162.0,4,3,1,Calle Santo Domingo Cuadra 2,Jesús María,10
149097691,jesus-maria,350000.0,250.0,56.0,1,2,0,Av. Cuba cuadra 11 jesus maria,Jesús María,10
149728102,jesus-maria,561600.0,250.0,87.0,3,2,1,Av. Brasil 1387 al 1300,Jesús María,1
149242013,jesus-maria,632880.0,100.0,137.0,3,2,0,Residencial San Felipe,Residencial San Felipe,1
149697457,jesus-maria,507500.0,290.0,79.0,2,2,0,"Av. Salaverry Limite con San Isidro.  2 Dorm. 2.5 Baños, Balcon Grande. NO Cochera",Jesús María,1
147791166,jesus-maria,642600.0,0.0,101.0,3,3,1,Av. Gral. Salaverry 579 al 500,Portada De Jesus Maria,1
148787982,jesus-maria,520000.0,0.0,73.0,3,2,0,Av Gral Garzón al 2000,Jesús María,1
149496506,jesus-maria,515000.0,0.0,56.0,2,2,0,Av. Salaverry 1806 Jesús María,Jesús María,1
149023807,jesus-maria,494000.0,0.0,51.0,2,2,1,Av. San Felipe  al 400 Vista a Parque,Jesús María,1
147954891,jesus-maria,425000.0,0.0,58.0,2,2,0,Av. Brasil 2363,Jesús María,1
148369536,jesus-maria,1135000.0,0.0,162.0,3,3,0,AVENIDA DE LA POLICIA,Jesús María,1
149510012,jesus-maria,681751.0,400.0,117.0,3,3,0,Jr. Pachacutec  al 1484,Jesús María,1
61467274,jesus-maria,515000.0,250.0,57.0,2,2,1,AVENIDA SAN FELIPE,Jesús María,1
148735096,jesus-maria,330000.0,0.0,42.0,1,1,0,Av Gral Garzón al 2000,Jesús María,1
149602461,jesus-maria,517000.0,0.0,85.0,3,2,0,Av. Brasil al 600,Jesús María,1
148813225,jesus-maria,326610.0,0.0,70.0,3,2,0,Av. Brasil  al 800,Jesús María,1
149687491,jesus-maria,819000.0,280.0,168.0,3,2,1,Avenida General Felipe Salaverry al 500,Jesús María,1
147180176,jesus-maria,526600.0,150.0,70.0,3,2,1,Av. Cuba 300,Jesús María,1
145847811,jesus-maria,446550.0,0.0,59.0,2,2,0,Jr Pachacutec,Jesús María,1
149907619,jesus-maria,499000.0,0.0,75.0,3,2,1,Av. Brasil,Jesús María,1
149746015,jesus-maria,336600.0,150.0,56.0,2,1,0,Av. Brasil,Jesús María,1
148850681,jesus-maria,450000.0,260.0,60.0,2,2,0,Av. San Felipe 1190,Jesús María,1
149543975,jesus-maria,550400.0,250.0,84.0,2,2,1,Av Gral Garzón 742,Jesús María,1
148092841,jesus-maria,670000.0,0.0,133.0,3,2,1,Av. Husares de Junin cdra,Jesús María,1
149811870,jesus-maria,566696.0,240.0,96.0,3,3,1,Jirón Cahuide,Jesús María,1
143350798,jesus-maria,350000.0,180.0,40.0,1,1,0,Av. República de Chile,Jesús María,1
149241869,jesus-maria,595000.0,150.0,125.0,3,1,0,Av. República de Chile 500,Jesús María,1
148712304,jesus-maria,1145000.0,550.0,162.0,4,4,1,Av. Gregorio Escobedo,Residencial San Felipe,1
146345629,jesus-maria,480000.0,250.0,65.0,3,2,1,Arenales 9,Santa Beatriz,1
149426067,jesus-maria,455900.0,145.0,66.0,3,1,0,DOMINGO MILLAN 250,Oyague,10
148999518,jesus-maria,724000.0,0.0,98.0,3,2,1,Av. Pershing (Faustino Sanchez Carrion),Jesús María,10
149031661,jesus-maria,342000.0,0.0,42.0,1,1,0,Av Gral Garzón,Jesús María,10
149233567,jesus-maria,670000.0,0.0,120.0,3,2,1,Av. Arnaldo Márquez,Jesús María,1
145848192,jesus-maria,690200.0,0.0,116.0,3,3,0,Jr. Pachacutec,Jesús María,1
147873694,jesus-maria,322000.0,0.0,45.0,2,1,0,Jr. Natalio Sánchez 287,Jesús María,1
148846658,jesus-maria,403560.0,0.0,62.0,2,2,0,Av. San Felipe,Jesús María,1
149266339,jesus-maria,949200.0,150.0,274.0,5,3,0,Residencial San Felipe,Residencial San Felipe,1
149701643,jesus-maria,550000.0,0.0,77.0,3,2,0,Av Eugenio Garzon al 800,Portada De Jesus Maria,1
149590206,jesus-maria,663000.0,0.0,145.0,5,2,1,Jirón Lloque Yupanqui,Jesús María,1
149494657,jesus-maria,558250.0,0.0,136.0,3,2,0,Avenida General Santa Cruz 130,Portada De Jesus Maria,1
149798033,jesus-maria,396750.0,130.0,70.0,3,2,0,Av. Brasil al 600,Jesús María,1
149173353,jesus-maria,619000.0,450.0,99.0,2,3,1,Jr. Huiracocha 2359,Jesús María,1
149241208,jesus-maria,548340.0,300.0,103.0,3,1,0,Av. Húsares de Junín 980,Jesús María,1
149273131,jesus-maria,370000.0,165.0,66.0,1,2,0,Arnaldo Marquez al 600,Jesús María,1
149392655,jesus-maria,1145000.0,400.0,162.0,4,3,1,Av. Gregorio Escobedo,Jesús María,1
149347944,jesus-maria,520000.0,300.0,84.0,3,2,1,Av. Mello Franco 103,Jesús María,1
149687573,jesus-maria,913540.0,0.0,116.0,3,2,0,"Dúplex de Alto Nivel en Av. San Felipe, 116 m², muy Luminoso y Bien Ubicado",Jesús María,1
149313047,jesus-maria,684000.0,400.0,110.0,3,2,1,Inca Ripac,Jesús María,1
149420890,jesus-maria,522000.0,250.0,75.0,3,2,0,Jirón Huiracocha 1735,Jesús María,1
149366938,jesus-maria,596000.0,0.0,79.0,3,2,0,Avenida Salaverry  al 1800,Salaverry Et.2,1
149864211,jesus-maria,485000.0,0.0,57.0,2,2,1,Avenida San Felipe  al 700,Jesús María,1
147300198,jesus-maria,1356383.0,250.0,181.0,3,4,0,GARIBALDI,Jesús María,1
149352292,jesus-maria,452250.0,240.0,57.0,2,2,0,Av. Arenales,Jesús María,1
149038929,jesus-maria,378398.0,0.0,47.0,1,1,0,Jirón Rio de Janeiro 257,Jesús María,1
146194994,jesus-maria,375000.0,210.0,41.0,1,1,0,AV. GREGORIO ESCOBEDO,Jesús María,1
147788577,jesus-maria,643500.0,150.0,156.0,6,3,1,AV. Maximo Abril 538,Santa Beatriz,1
149433418,jesus-maria,596000.0,0.0,79.0,3,2,0,Av. Salaverry 1806 Jesús María,Jesús María,1
149157924,jesus-maria,350900.0,152.0,62.0,2,1,0,Av. Brasil 861,Jesús María,1
149781373,jesus-maria,535000.0,0.0,73.0,3,2,0,"Av Brasil, Jesus Maria",Jesús María,1
149038905,jesus-maria,539002.0,0.0,69.0,3,2,0,Jirón Rio de Janeiro,Jesús María,10
149561130,jesus-maria,590000.0,420.0,78.0,3,2,1,"Av. Francisco Mariategui 558 | Doble Balcón con Vista al Sunset, Dorm Principal Cama King, 2 Depósitos, Piscina y Parrillas",Jesús María,10
148306554,jesus-maria,540000.0,250.0,89.0,2,1,0,Av. Maximo Abril 538,Jesús María,10
148948487,jesus-maria,503200.0,230.0,68.0,2,2,1,Av San Felipe al 1000,Jesús María,1
147856825,jesus-maria,390000.0,0.0,40.0,1,1,0,"Av. Salaverry 571, Jesús María",Jesús María,1
148043528,jesus-maria,800000.0,0.0,85.0,3,2,0,Inca Ripac 326,Jesús María,1
148496591,jesus-maria,798000.0,500.0,97.0,3,2,1,Av. Gregorio Escobedo 560 al 500,Jesús María,1
149826033,jesus-maria,513858.0,0.0,83.0,3,2,1,Av. Cuba al 1000,Jesús María,1
147856818,jesus-maria,778000.0,0.0,74.0,3,2,0,"Av. Salaverry 571, Jesús María",Jesús María,1
149278242,jesus-maria,530000.0,0.0,60.0,2,2,0,Avenida Salaverry  al 1800,Salaverry Et.2,1
147856743,jesus-maria,484000.0,300.0,56.0,2,2,0,Av. San Felipe 787,Jesús María,1
148604263,jesus-maria,741000.0,300.0,89.0,3,2,0,Av. San Felipe 720,Jesús María,1
149121282,jesus-maria,355000.0,0.0,34.0,1,1,0,Pumacahua,Jesús María,1
146375886,jesus-maria,637500.0,300.0,103.0,2,2,0,Jr Huiracocha,Residencial San Felipe,1
149266400,jesus-maria,485000.0,0.0,66.0,2,2,0,Av. San Felipe,Jesús María,1
149298522,jesus-maria,864894.0,0.0,96.0,3,2,0,Vendo Departamento EN Jesus Maria - Excelente Acabados,Jesús María,1
149026881,jesus-maria,599000.0,180.0,71.0,2,2,1,San Felipe  720 Estilo Mariposa 2 Dorm 2 Baños 1 Cochera | SAN Felipe,Jesús María,1
149303127,jesus-maria,591000.0,0.0,67.0,2,2,0,Avenida Salaverry al 500,Jesús María,1
149153227,jesus-maria,460000.0,0.0,51.0,2,2,1,Av. Republica de Chile al 700,Jesús María,1
148978028,jesus-maria,545000.0,300.0,52.0,1,1,0,Departamento de 1 Dormitorio en Jesús María Av. San Felipe Cerca Real Plaza Salaverry,Jesús María,1
149258760,jesus-maria,346500.0,0.0,57.0,2,1,1,Av. Brasil  al 863,Jesús María,1
149496571,jesus-maria,530000.0,0.0,60.0,2,2,0,Av. Salaverry 1806 Jesus Maria,Jesús María,1
149042627,jesus-maria,456720.0,250.0,70.0,2,2,1,Av. Mello Franco,Jesús María,1
147856778,jesus-maria,581000.0,0.0,57.0,2,2,0,"Av. Salaverry 571, Jesús María",Jesús María,1
149219084,jesus-maria,550000.0,0.0,81.0,3,2,1,Avenida Brasil  al 1300,Jesús María,1
149481523,jesus-maria,533000.0,0.0,115.0,2,2,0,Jirón Cahuide,Jesús María,1
147022738,jesus-maria,453570.0,150.0,69.0,2,2,0,Almirante Guisse,Jesús María,1
149316634,jesus-maria,1065000.0,300.0,148.0,4,4,0,SANTO DOMINGO,Jesús María,1
149323478,jesus-maria,533000.0,0.0,66.0,2,2,0,Avenida San Felipe,Jesús María,1
147029690,jesus-maria,887500.0,350.0,122.0,4,2,1,coronel zegarra,Salaverry Et.2,1
149645645,jesus-maria,735000.0,0.0,223.0,2,1,0,Jirón Brigadier Mateo Pumacahua 1530,Jesús María,10
66255324,jesus-maria,490000.0,200.0,84.0,3,2,0,"Av. Cuba  , Jesús Maria",Jesús María,10
149760186,jesus-maria,370000.0,0.0,53.0,2,2,0,Av. Faustino Sánchez Carrión 611,Residencial San Felipe,10
148792399,jesus-maria,1090000.0,300.0,142.0,3,4,1,Av. San Felipe,Jesús María,1
147552954,jesus-maria,568000.0,250.0,74.0,2,2,1,Av San Felipe,Jesús María,1
146909459,jesus-maria,678000.0,200.0,77.0,3,2,1,Av. San Felipe 10,Jesús María,1
149664170,jesus-maria,588597.0,320.0,91.0,3,2,0,Av. Brasil,Jesús María,1
149502244,jesus-maria,568430.0,0.0,75.0,3,2,0,Av. José María Plaza 429,Jesús María,1
149262623,jesus-maria,717800.0,0.0,116.0,2,3,0,Jirón Coronel Zegarra,Jesús María,1
148850950,jesus-maria,644000.0,220.0,77.0,3,2,0,Av San Felipe 1190,Jesús María,1
147363782,jesus-maria,472000.0,200.0,60.0,2,2,0,Av Cuba,Jesús María,1
149888298,jesus-maria,348000.0,0.0,40.0,1,1,0,Avenida República de Chile 490,Jesús María,1
149262686,jesus-maria,697732.0,0.0,116.0,2,3,0,Av. Mariátegui,Jesús María,1
145655176,jesus-maria,578000.0,150.0,92.0,3,2,1,CC Salaverry,Jesús María,1
148820186,jesus-maria,415000.0,200.0,77.0,3,2,0,Avenida Arnaldo Márquez 1053,Jesús María,1
149608079,jesus-maria,698900.0,0.0,85.0,3,2,1,Clínica San Felipe,Jesús María,1
149720025,jesus-maria,440000.0,210.0,60.0,2,2,1,Jirón Ramón Dagnino,Jesús María,1
149132085,jesus-maria,341714.0,0.0,42.0,1,1,0,"AV. Gral. Eugenio Garzon, Jesus Maria",Jesús María,1
149280706,jesus-maria,657000.0,280.0,78.0,3,2,1,Avenida San Felipe 1090,Jesús María,1
149130652,jesus-maria,530000.0,250.0,75.0,3,2,0,Jirón Huiracocha 1735,Residencial San Felipe,1
149502958,jesus-maria,348355.0,0.0,45.0,1,1,0,Av. José María Plaza 429,Jesús María,1
149846278,jesus-maria,1075000.0,0.0,147.0,4,4,0,JR. Santo Domingo,Jesús María,1
149684282,jesus-maria,353000.0,0.0,85.0,2,2,0,Avenida Republica De Chile 664,Santa Beatriz,1
147889980,jesus-maria,1100000.0,700.0,204.0,4,4,1,"Av. Olavegoya 2026, Jesús María",Jesús María,1
143367654,jesus-maria,507000.0,350.0,59.0,2,2,0,SAN FELIPE 1190,Jesús María,1
149522012,jesus-maria,475000.0,30.0,112.0,2,2,0,Av. Brasil,Jesús María,1
149747102,jesus-maria,826000.0,300.0,147.0,3,3,1,Av. San Felipe al 900 Jesus Maria,Jesús María,1
149356956,jesus-maria,516000.0,250.0,68.0,2,2,1,Calle Estados Unidos 135,Residencial San Felipe,1
148827534,jesus-maria,413500.0,250.0,58.0,2,2,0,Av. Brasil 23,Jesús María,1
149722377,jesus-maria,577500.0,250.0,80.0,3,2,1,Jr. Los Mogaburos 197,Jesús María,10
144809370,jesus-maria,408200.0,185.0,52.0,2,2,1,Av. Cuba,Jesús María,10
149210391,jesus-maria,765000.0,0.0,97.0,3,2,1,Av. Gregorio Escobedo 560,Los Patricios,10
149591778,jesus-maria,540000.0,250.0,79.0,3,2,1,Av. 28 de Julio Cdra. 3,Jesús María,1
149435498,jesus-maria,413000.0,180.0,57.0,2,2,1,Calle Burgos 179,Residencial San Felipe,1
149666500,jesus-maria,871750.0,250.0,158.0,3,3,2,Jirón Estados Unidos 135,Jesús María,1
149904079,jesus-maria,402500.0,130.0,70.0,3,2,0,Av. Brasil 673,Jesús María,1
147781543,jesus-maria,420000.0,200.0,60.0,2,2,0,republica de chile 490,Jesús María,1
149517554,jesus-maria,1750000.0,700.0,300.0,4,6,1,Av. San Felipe 1079,Salaverry Et.2,1
149611737,jesus-maria,1100000.0,0.0,153.0,2,3,0,Calle Daniel Olaechea 136 - Dpto. 908 Jesus Maria,Jesús María,1
143348955,jesus-maria,460800.0,0.0,65.0,2,2,1,Jr. Estados Unidos N°135 Jesus Maria,Jesús María,1
149790266,jesus-maria,541000.0,0.0,81.0,3,2,1,jr Huascar  al 1900,Jesús María,1
3928098,jesus-maria,545087.0,0.0,86.0,3,2,1,Av Brasil,Jesús María,1
145599949,jesus-maria,909000.0,0.0,122.0,3,3,1,Duplex de Estreno con Exelente Distribucion y Luminosidad -av. Cuba - Departamento en Venta - A 3 Cdras de la Av. Salaverry,Jesús María,1
147900797,jesus-maria,455000.0,0.0,47.0,1,1,0,Av. San Felipe  al 400,Jesús María,1
148176337,jesus-maria,595000.0,300.0,79.0,2,2,0,av san felipe 720,Jesús María,1
148292753,jesus-maria,1022000.0,0.0,135.0,4,3,0,Av Cuba al 1100,Jesús María,1
147164206,jesus-maria,399000.0,0.0,44.0,1,1,1,"JR. Huascar N°17xx, Dpto 602",Jesús María,1
147419904,jesus-maria,376336.0,180.0,41.0,3,1,0,GARIBALDI,Jesús María,1
148420667,jesus-maria,528050.0,0.0,62.0,2,2,0,Avenida Cuba al 1100,Jesús María,1
143172043,jesus-maria,588597.0,0.0,91.0,3,2,0,"Av. Brasil N°6xx, Dpto. 1801, 1901",Jesús María,1
149483466,jesus-maria,532000.0,0.0,72.0,3,2,0,Av. Gral. Eugenio Garzón al 2000,Jesús María,1
144789377,jesus-maria,582220.0,0.0,60.0,2,2,1,San Felipe,Jesús María,1
149224404,jesus-maria,595000.0,450.0,80.0,2,2,0,Av. San Felipe 720,Jesús María,1
149874648,jesus-maria,390000.0,180.0,41.0,1,1,1,Av. San Felipe 787,Jesús María,1
147615820,jesus-maria,442500.0,0.0,55.0,2,2,0,AVENIDA CUBA,Jesús María,1
90788449,jesus-maria,534000.0,250.0,62.0,1,1,1,San Felipe,Jesús María,1
145005421,jesus-maria,453460.0,0.0,65.0,3,2,1,Av. Petit Thouars,Jesús María,1
149232587,jesus-maria,365000.0,180.0,42.0,1,1,0,Jr Ramon Dagnino al 276,Jesús María,1
144485582,jesus-maria,482166.0,226.0,56.0,2,1,0,AVENIDA SAN FELIPE,Jesús María,1
147990442,jesus-maria,533500.0,0.0,66.0,3,2,0,Av. San Felipe 720,Jesús María,10
149874676,jesus-maria,538400.0,250.0,62.0,2,2,1,Cuba 1142,Jesús María,10
143170578,jesus-maria,367000.0,0.0,53.0,1,1,1,San Felipe,Jesús María,10
145630680,jesus-maria,667000.0,0.0,78.0,3,2,0,"Av. SAN Felipe N°11xx, Dpto. 2202 AL 2502",Jesús María,1
148884410,jesus-maria,728000.0,0.0,75.0,3,2,1,Av. Salaverry,Jesús María,1
147503730,jesus-maria,493538.0,0.0,66.0,2,2,0,Av. Brasil,Jesús María,1
148981246,jesus-maria,700000.0,0.0,83.0,3,2,1,Avenida Cuba 1100,Jesús María,1
149846510,jesus-maria,773000.0,0.0,85.0,3,2,0,San Felipe  al 4400,Jesús María,1
149125802,jesus-maria,592037.0,250.0,120.0,4,4,0,JR Natalio Sanchez  al 200,Jesús María,1
148997727,jesus-maria,276000.0,120.0,47.0,1,1,0,Av. Mello Franco 372,Jesús María,1
149362199,jesus-maria,611700.0,0.0,75.0,3,2,0,Jr Huascar al 2100,Jesús María,1
149037867,jesus-maria,700000.0,0.0,83.0,3,2,1,"Av Cuba N° 11xx, Dpto. 2206",Jesús María,1
148353089,jesus-maria,310000.0,180.0,40.0,1,1,1,Avenida General Eugenio Garzón 1545,Jesús María,1
147243390,jesus-maria,500100.0,0.0,55.0,2,2,0,San Felipe al 200,Jesús María,1
149874661,jesus-maria,495000.0,270.0,61.0,2,2,1,Av. Faustino Sánchez Carrión 397,Jesús María,1
148304509,jesus-maria,700000.0,350.0,91.0,3,2,0,Jr. Inca Ripac 245,Jesús María,1
4648089,jesus-maria,445804.0,0.0,60.0,2,2,1,Brasil,Jesús María,1
144384654,jesus-maria,688000.0,0.0,77.0,3,2,0,AVENIDA SAN FELIPE,Jesús María,1
148052242,jesus-maria,1361702.0,0.0,182.0,3,3,1,Huascar,Jesús María,1
146138058,jesus-maria,1063830.0,0.0,132.0,3,2,1,"Jirón Huascar N° 21xx, Dpto. 803",Jesús María,1
144994175,jesus-maria,547826.0,0.0,78.0,3,2,1,"Av Brasil N° 17xx, Dpto 2007",Jesús María,1
149620964,jesus-maria,600000.0,300.0,97.0,3,3,1,Av. San Felipe 955,Jesús María,1
147548540,jesus-maria,597000.0,0.0,57.0,2,2,0,Av. Salaverry - Conexión a Todos los Puntos de Lima.,Jesús María,1
149471781,jesus-maria,698000.0,0.0,90.0,2,2,0,Av. San Felipe,Jesús María,1
149522858,jesus-maria,311000000.0,0.0,42.0,1,1,0,Av. Brasil,Jesús María,1
148147707,jesus-maria,1303191.0,0.0,157.0,3,2,0,Jr. Huáscar al 2100,Jesús María,1
143183790,jesus-maria,640000.0,0.0,77.0,3,2,1,Av. República de Chile,Jesús María,1
149862472,jesus-maria,560000.0,250.0,88.0,3,3,1,Av San Felipe al 600,Residencial San Felipe,1
149383348,jesus-maria,630000.0,220.0,75.0,3,2,1,Av. Talara  Jesús María,Jesús María,1
149730667,jesus-maria,584000.0,0.0,80.0,3,2,0,Av. Brasil 1079,Jesús María,1
149143835,jesus-maria,741000.0,450.0,89.0,3,2,0,Av. San Felipe 700,Residencial San Felipe,10
147164158,jesus-maria,565000.0,0.0,68.0,3,2,1,"JR. Huascar N°17xx, Dpto 401 AL 1001",Jesús María,10
146223247,jesus-maria,498000.0,0.0,67.0,3,2,0,Departamento de 3 Dormitorios en Jesús María Cerca a la Av. Brasil,Jesús María,10
149087169,jesus-maria,250000.0,0.0,34.0,1,1,0,Jr. Huáscar al 1400,Jesús María,1
149855145,jesus-maria,1735000.0,700.0,300.0,4,6,1,"Av. San Felipe N° 1079, Jesús Maria",Jesús María,1
149087084,jesus-maria,540000.0,0.0,76.0,3,3,0,Jr. Huáscar al 1400,Jesús María,1
148535098,jesus-maria,306000.0,180.0,70.0,3,2,0,AV. BRASIL,Jesús María,1
149905144,jesus-maria,285271.0,0.0,61.0,1,1,0,Jirón Larrabure Y Unanue 200,Jesús María,1
149857951,jesus-maria,384000.0,0.0,42.0,1,1,0,San Felipe al 2200,Jesús María,1
147955413,jesus-maria,459800.0,0.0,56.0,2,2,0,Av San Felipe 787,Jesús María,1
148147763,jesus-maria,545000.0,0.0,69.0,3,2,0,AVENIDA CUBA,Jesús María,1
147164331,jesus-maria,435000.0,0.0,53.0,1,1,1,"JR. Huascar N°17xx, Dpto 301",Jesús María,1
147050438,jesus-maria,430000.0,0.0,57.0,2,2,0,Departamento de 2 Dormitorios en Jesús María Cerca a la Av. Brasil,Jesús María,1
148214147,jesus-maria,640000.0,0.0,70.0,2,2,0,"Av. Salaverry 5xx, Dpto 2005",Santa Beatriz,1
149444157,jesus-maria,595000.0,0.0,79.0,2,2,0,Av. San Felipe,Jesús María,1
147903404,jesus-maria,722000.0,0.0,78.0,3,2,1,Av. San Felipe  al 400 Vista a Parque,Jesús María,1
149796562,jesus-maria,594000.0,270.0,92.0,3,3,0,Av San Felipe al 600,Portada De Jesus Maria,1
149790479,jesus-maria,589608.0,249.0,111.0,3,2,1,Jr. General Luis Sanchez Cerro,Jesús María,1
149615943,jesus-maria,350000.0,0.0,91.0,3,1,0,Pasaje Santiago 2380,Jesús María,1
144994121,jesus-maria,458730.0,0.0,60.0,2,2,1,AV. Brasil Nº 17xx Dpto 405,Jesús María,1
148165554,jesus-maria,808779.0,0.0,203.0,7,3,0,Av. Horacio Urteaga,Jesús María,1
90792029,jesus-maria,505000.0,250.0,61.0,3,1,1,San Felipe,Jesús María,1
148292584,jesus-maria,704000.0,0.0,83.0,2,2,0,Av Cuba al 1100,Jesús María,1
147615882,jesus-maria,437400.0,0.0,51.0,2,2,0,AVENIDA CUBA,Jesús María,1
149793231,jesus-maria,1750000.0,700.0,300.0,4,6,1,Av. San Felipe 1079,Jesús María,1
148084358,jesus-maria,353513.0,120.0,76.0,3,2,1,Pasaje Ideal al 100,Jesús María,1
143264442,jesus-maria,692000.0,0.0,76.0,3,2,0,"Av. SAN Felipe N°11xx, Dpto.  701",Jesús María,1
149909656,jesus-maria,421200.0,200.0,61.0,3,2,0,"Jesús María, Av. Brasil 1775",Jesús María,1
148874469,jesus-maria,590545.0,0.0,92.0,3,2,0,Avenida Brasil al 600,Jesús María,1
148420370,jesus-maria,615867.0,0.0,57.0,2,2,0,Talara al 800,Jesús María,1
149734804,jesus-maria,530000.0,220.0,75.0,3,2,0,Jr. Huiracocha 1735,Jesús María,10
145428094,jesus-maria,777000.0,130.0,140.0,3,1,1,Estados Unidos 1275,Jesús María,10
147428575,jesus-maria,482625.0,0.0,63.0,2,2,0,"Av José María Plaza N° 4xx, Dpto. 1006",Jesús María,10
146304204,jesus-maria,312500.0,0.0,40.0,1,1,0,Departamento Ubicado Cerca a la Av. Brasil y Avenidas Principales,Jesús María,1
143781552,jesus-maria,572369.0,0.0,92.0,3,3,0,"Av. Brasil N°6xx, Dpto. 1904",Jesús María,1
147300298,jesus-maria,608511.0,250.0,75.0,3,2,0,GARIBALDI,Jesús María,1
61467432,jesus-maria,596000.0,300.0,80.0,3,2,0,AVENIDA SAN FELIPE,Jesús María,1
148324204,jesus-maria,468000.0,0.0,65.0,3,2,0,"Jirón Ramón Dagnino 287, Jesus Maria",Jesús María,1
144737603,jesus-maria,590000.0,0.0,92.0,3,2,1,Av. Brasil,Jesús María,1
149739040,jesus-maria,650000.0,0.0,107.0,3,3,1,Jr. Huascar  al 1900,Jesús María,1
149642137,jesus-maria,400000.0,0.0,75.0,2,2,1,Av. Arenales,Jesús María,1
146585071,jesus-maria,720000.0,250.0,94.0,3,2,1,"Gregorio Escobedo al 500-alquiler o Venta Departamento 03 Dormitorios 01 Cochera y 01 Depósito, Cerca la CCL Universidades y Centros Comerciales",Jesús María,1
144994147,jesus-maria,491817.0,0.0,66.0,2,2,1,Av Brasil N° 17xx Dpto 208 Y 408,Jesús María,1
148427765,jesus-maria,1182550.0,350.0,245.0,8,5,1,Jesús María,Jesús María,1
149234361,jesus-maria,551000.0,0.0,77.0,3,2,0,Jr. Cnel Camilo Carrillo al 200 -pet Spa - Sauna - Fitness Center - Cine- Longe Bar-rooftop,Jesús María,1
147905384,jesus-maria,442000.0,0.0,48.0,1,1,0,av Cuba  al 500,Jesús María,1
149750070,jesus-maria,622000.0,0.0,68.0,3,2,1,Jr. Brigadier Mateo Pumacahua al 1000 Cerca a Parque,Jesús María,1
90792973,jesus-maria,530000.0,250.0,56.0,2,2,1,San Felipe,Jesús María,1
146996414,jesus-maria,560000.0,330.0,75.0,2,2,1,Jiron Luis N Saenz,Jesús María,1
144406857,jesus-maria,596000.0,0.0,79.0,3,2,1,Av Salaverry N° 18xx Dpto 2801,Jesús María,1
149142383,jesus-maria,445550.0,0.0,84.0,3,2,0,"Calle Rio De Janeiro N 1, Piso 4, Jesús María",Jesús María,1
148054287,jesus-maria,628660.0,450.0,106.0,3,2,0,Huiracocha  al 2300 3D 106m2,Jesús María,1
149087137,jesus-maria,356000.0,0.0,50.0,2,2,0,Jr. Huáscar al 1400,Jesús María,1
149100030,jesus-maria,454500.0,0.0,65.0,2,2,0,Jr. Cnel Camilo Carrillo al 200 -pet Spa - Sauna - Fitness Center - Cine- Longe Bar-rooftop,Jesús María,1
146976149,jesus-maria,728000.0,0.0,75.0,3,2,0,Av. Salaverry 500,Jesús María,1
148420535,jesus-maria,401880.0,0.0,46.0,1,2,0,Cuba  al 1000,Jesús María,1
147999317,jesus-maria,643250.0,0.0,79.0,2,2,0,Av. San Felipe 720,Jesús María,1
144994889,jesus-maria,579706.0,0.0,76.0,3,2,1,"Av Brasil N° 17xx, Dpto 306",Jesús María,1
148186960,jesus-maria,479750.0,0.0,64.0,1,2,0,AV. SAN FELIPE  JESUS MARIA,Jesús María,1
147927376,jesus-maria,640000.0,0.0,70.0,2,2,1,Av. Salaverry al 5,Jesús María,1
149905134,jesus-maria,1350000.0,600.0,190.0,3,2,0,Av. San Felipe Torre A al 600,Jesús María,10
149037861,jesus-maria,945000.0,0.0,134.0,4,3,1,"Av Cuba N° 11xx, Dpto. 2202",Jesús María,10
148052307,jesus-maria,1036596.0,0.0,150.0,3,2,1,Huascar,Jesús María,10
148051683,jesus-maria,622340.0,0.0,75.0,3,2,1,Huascar,Jesús María,1
149447237,jesus-maria,311000.0,200.0,42.0,1,1,0,Av. Brasil,Jesús María,1
90795086,jesus-maria,578000.0,250.0,64.0,2,2,1,San Felipe,Jesús María,1
145777515,jesus-maria,657000.0,0.0,77.0,3,2,0,"Av. SAN Felipe N°11xx, Dpto. 2403 AL 2503",Jesús María,1
144819522,jesus-maria,400952.0,0.0,56.0,2,2,0,Av. Brasil,Jesús María,1
146769107,jesus-maria,999000.0,0.0,180.0,5,3,0,"Avenida 6 de Agosto 7, Jesus Maria",Jesús María,1
148200639,jesus-maria,498000.0,220.0,66.0,3,2,0,Av. Republica de Chile 697 Jesús María,Jesús María,1
149730638,jesus-maria,292800.0,0.0,42.0,1,1,0,Av. Brasil 1079,Jesús María,1
149037858,jesus-maria,850000.0,0.0,122.0,3,3,1,"Av Cuba N° 11xx, Dpto. 2201",Jesús María,1
149100011,jesus-maria,327900.0,0.0,45.0,1,1,0,Jr. Cnel Camilo Carrillo al 200 -pet Spa - Sauna - Fitness Center - Cine- Longe Bar-rooftop,Jesús María,1
149889774,jesus-maria,320632.0,0.0,45.0,1,1,1,"Av Husares DE Junin N° 6xx, Dpto. 309 AL 1009",Jesús María,1
147249371,jesus-maria,700000.0,0.0,83.0,3,2,0,Av. Cuba,Jesús María,1
149889783,jesus-maria,469000.0,0.0,79.0,2,2,1,"Av Husares DE Junin N° 6xx, Dpto. 1807",Jesús María,1
90792773,jesus-maria,665000.0,250.0,78.0,3,2,1,San Felipe,Jesús María,1
149889732,jesus-maria,385654.0,0.0,55.0,2,2,1,"Av Husares DE Junin N° 6xx, Dpto. 302 AL 1402",Jesús María,1
149548027,jesus-maria,741000.0,0.0,89.0,3,2,0,Av. San Felipe,Jesús María,1
147686291,jesus-maria,497730.0,0.0,56.0,1,2,0,Av Cuba al 1100,Jesús María,1
148946225,jesus-maria,251000.0,70.0,48.0,1,1,0,Canterac al 300,Jesús María,1
149775970,jesus-maria,575850.0,220.0,74.0,3,2,1,Av. Brasil,Jesús María,1
147993814,jesus-maria,475500.0,0.0,60.0,3,2,0,Av. San Felipe,Jesús María,1
144789513,jesus-maria,749790.0,0.0,79.0,3,2,1,San Felipe,Jesús María,1
149575006,jesus-maria,567600.0,170.0,65.0,2,2,0,Jr Huiracocha,Jesús María,1
149855138,jesus-maria,1260000.0,0.0,190.0,4,2,2,Av. San Felipe,Jesús María,1
148316063,jesus-maria,825000.0,350.0,90.0,3,2,1,Jirón Costa Rica 145,Jesús María,1
143264456,jesus-maria,523000.0,0.0,61.0,1,1,0,"Av. SAN Felipe N°11xx, Dpto. 102",Jesús María,1
149260965,jesus-maria,670000.0,0.0,75.0,3,2,1,AV. Salaverry   1800,Jesús María,1
149363511,jesus-maria,572369.0,0.0,92.0,3,3,0,Avenida Brasil al 600,Jesús María,1
145321962,la-molina,672000.0,300.0,126.0,3,3,1,Jirón Centenario 150,La Molina,10
149490134,la-molina,599650.0,0.0,92.0,1,2,1,LOS Mecanicos  100,La Molina,10
149791091,la-molina,595000.0,0.0,205.0,3,2,1,Jirón Paseo de los Condes  al 100,La Molina,10
148454205,la-molina,907200.0,500.0,289.0,4,4,2,Av: La Molina al 3600,El Sol De La Molina Et.1,1
148008656,la-molina,482000.0,0.0,125.0,3,2,0,Amplio Espacio y 20m2 Extras- 2 Estacionamientos - 4 Habitaciones. 2.5 Baños. sin Gastos de Mantenimiento,Portada Del Sol,1
147866542,la-molina,990905.0,0.0,278.0,3,3,2,Samoa al 200,El Sol De La Molina Et.3,1
146741304,la-molina,2715000.0,1760.0,400.0,4,3,2,MANUEL PRADO UGARTECHE,La Molina,1
149484106,la-molina,543000.0,0.0,139.0,2,3,1,Av. Los Fresnos 804,La Molina,1
149245916,la-molina,406680.0,50.0,115.0,3,2,0,Jr. Junín al 100,La Molina,1
147209460,la-molina,909900.0,0.0,231.0,3,2,1,C. Los Ishpingos 180,El Remanso,1
149905014,la-molina,610750.0,1.0,99.0,3,2,1,AV Alameda DE LA PAZ 471 Piso 3 LA Molina,La Molina,1
148834481,la-molina,512560.0,0.0,135.0,3,3,0,Teruel,La Capilla,1
145643525,la-molina,2109000.0,800.0,300.0,4,4,3,Calle 3,La Molina,1
60703739,la-molina,756000.0,0.0,162.0,4,2,1,Av. Rinconada del Lago,Rinconada Del Lago,1
149401447,la-molina,502500.0,0.0,79.0,3,2,1,Micaela Bastidas  al 100,La Molina,1
148755724,la-molina,630000.0,0.0,169.0,3,3,1,Portada Del Sol,Portada Del Sol,1
147907590,la-molina,569250.0,0.0,102.0,3,2,1,"Alameda del Corregidor 15, Piso 1, Urb Sirius, La Molina",Sirius,1
148932953,la-molina,715000.0,0.0,200.0,4,4,2,Av. Los Fresnos 740,La Molina,1
149831702,la-molina,2233000.0,2400.0,420.0,4,4,3,Cerros de Camacho,Camacho,1
148571388,la-molina,915000.0,0.0,302.0,3,2,1,Clemente X,Camacho,1
149271629,la-molina,835000.0,200.0,151.0,3,2,2,Los Bambues 180,La Molina Vieja,1
149869868,la-molina,879000.0,0.0,213.0,3,3,1,"Psj.  El Monarca 110, Lomas de La Molina, La Molina",Las Lomas De La Molina Vieja E I,1
148192097,la-molina,770000.0,0.0,121.0,3,2,1,C. Palma Real 134,La Molina,1
149830701,la-molina,594000.0,25.0,230.0,4,3,1,"Urb. LA Capilla , Jr.segovia 100, LA Molina",La Molina,1
149518867,la-molina,690100.0,180.0,197.0,3,5,2,Duplex Vista Externa en Alameda de la Paz,El Remanso,1
141473034,la-molina,1794000.0,0.0,374.0,5,6,4,las lagunas,Las Lagunas De La Molina,1
149178962,la-molina,1207500.0,0.0,427.0,6,6,3,Jirón Los Diáconos 122,La Molina,1
148014441,la-molina,918000.0,360.0,206.0,3,2,2,los ishpingos 197,El Remanso,1
149635350,la-molina,1000210.0,400.0,181.0,3,3,2,Jr. los Cipreses 102,El Remanso,10
148801623,la-molina,335160.0,0.0,53.0,2,1,1,Río Danubio,La Molina,10
149827091,la-molina,914250.0,225.0,177.0,3,2,2,Dirección no informada,El Remanso,10
149871891,la-molina,1137000.0,0.0,230.0,4,3,2,Camacho,Camacho,1
147703680,la-molina,731916.0,100.0,137.0,3,2,1,"Avenida Del Parque  al 500, Urb. La Planicie, La Molina",La Planicie,1
149559759,la-molina,601300.0,0.0,121.0,3,3,1,CALLE EL MOLINO 159,La Ensenada,1
147789180,la-molina,485750.0,200.0,90.0,3,2,1,Av. El Corregidor N°1575  Dpto. 203,Sirius,1
149758934,la-molina,314000.0,0.0,102.0,2,2,1,Los Sauces 500,La Molina,1
149812215,la-molina,686550.0,0.0,130.0,3,3,2,"Rinconada del Lago, 1era,.etapa,",Rinconada Del Lago,1
149834711,la-molina,603750.0,0.0,148.0,3,2,0,Calle Cuba,Santa Patricia I-etapa,1
149516781,la-molina,595000.0,350.0,95.0,2,3,2,Av. La Molina cdra. 33,Las Lagunas De La Molina,1
149539511,la-molina,1135600.0,0.0,256.0,4,3,1,Calle Amazonas 118,La Molina,1
146258796,la-molina,725760.0,0.0,273.0,3,3,1,Av. Del Parque 544,La Molina,1
149416233,la-molina,695000.0,350.0,130.0,3,2,2,Av. Rinconada del Lago 652,La Molina,1
149880119,la-molina,360000.0,0.0,100.0,3,2,1,Armatambo 180,La Molina,1
149273014,la-molina,510000.0,160.0,116.0,3,2,1,Jr. Alameda de los Virreyes al 300,La Molina,1
149611468,la-molina,680000.0,300.0,105.0,3,2,1,Calle Toulon 155,La Riviera De Monterrico,1
149276189,la-molina,504000.0,0.0,107.0,2,2,1,Jirón Lurín 591,La Molina,1
148252984,la-molina,892500.0,0.0,187.0,3,3,1,Jirón de Los Conquistadores,Las Lomas De La Molina Vieja,1
148492467,la-molina,553000.0,0.0,183.0,4,3,1,Río Amarillo,La Molina,1
149572530,la-molina,565950.0,0.0,65.0,2,1,2,Alameda del Corregidor,La Molina,1
149724510,la-molina,770000.0,0.0,173.0,4,3,0,calle los higos 123,La Molina,1
146265466,la-molina,1049800.0,260.0,217.0,3,2,2,JR. LOS Cipreses 1XX DPT 203,El Remanso,1
147859616,la-molina,805000.0,0.0,157.0,4,3,2,Calle Los Albaricoques al 300,La Molina,1
149403517,la-molina,1311000.0,0.0,153.0,3,3,2,Av. Manuel Prado Ugarteche 500,La Estancia,1
147610355,la-molina,1050000.0,0.0,253.0,4,3,1,Molina Vieja,La Molina Vieja,1
147118689,la-molina,451840.0,1.0,74.0,3,2,1,Villareal de los infantes La Molina,Las Lomas De La Molina Vieja E Ii,1
149297132,la-molina,577473.0,0.0,118.0,3,3,1,Avenida Flora Tristán 215,La Molina,1
147038550,la-molina,901500.0,250.0,105.0,3,2,2,CALLE LOS CASTAÑOS,El Remanso,1
145761753,la-molina,943250.0,0.0,252.0,3,3,2,Urb. El Remanso,La Molina,1
148472554,la-molina,933800.0,0.0,255.0,3,2,1,Calle Las Copaibas al 144,El Remanso,10
148378882,la-molina,504000.0,0.0,90.0,3,3,1,El Mástil,La Molina,10
144943977,la-molina,791700.0,0.0,164.0,4,3,1,"Calle Santa Margarita 114, Lima, Perú",La Molina,10
149575828,la-molina,782040.0,350.0,117.0,3,2,2,Calle toulon 135,La Riviera De Monterrico,1
147616344,la-molina,630000.0,0.0,195.0,5,3,1,C. Oviedo Cdra. 1,La Capilla,1
147376404,la-molina,290700.0,0.0,110.0,2,2,0,Castilla la Vieja  al 100,La Molina,1
148699157,la-molina,509365.0,250.0,115.0,3,3,1,Calle Máncora al 200,El Sol De La Molina Et.1,1
149470750,la-molina,378000.0,0.0,94.0,2,2,0,Jiron Segovia  100,La Capilla,1
147210598,la-molina,522000.0,175.0,96.0,3,2,1,"Alameda del Corregidor 15, 2, Urb Sirius, La Molina",Sirius,1
149140980,la-molina,653100.0,0.0,273.0,3,3,1,RIO LA Plata 200 alt Cdra 20 av. Los Fresnos,Las Praderas De La Molina,1
146845608,la-molina,620000.0,1.0,104.0,3,2,1,Jirón los cerezos,Residencial Monterrico,1
149315166,la-molina,682570.0,0.0,121.0,3,3,2,Avenida los Fresnos,El Remanso,1
147528103,la-molina,533800.0,0.0,110.0,3,2,2,Cruz de tenerife,La Capilla,1
4561220,la-molina,570000.0,100.0,104.0,3,2,1,Calle Los Bambues  440,Sirius,1
149330993,la-molina,1683000.0,800.0,296.0,3,3,2,Jr. El Mastil al 200,El Mastil De La Laguna,1
149233147,la-molina,661200.0,0.0,162.0,3,2,1,Chimues 104,La Molina,1
148825998,la-molina,931500.0,360.0,220.0,3,2,2,Calle LOS ISHPINGOS 197 - 301,El Remanso,1
149161547,la-molina,660000.0,255.0,127.0,3,3,1,Paralela a la Cuadra 6 de Av. Las Lomas de la Molina Vi,Las Lomas De La Molina Vieja E Ii,1
146940355,la-molina,450000.0,0.0,95.0,2,2,1,Calle Rio Ganges 105,La Pradera,1
149312371,la-molina,550000.0,200.0,98.0,3,3,1,Alameda del Corregidor 1575,Sirius,1
149737557,la-molina,619500.0,0.0,100.0,2,2,2,Av. la Molina,La Molina,1
148672711,la-molina,730000.0,170.0,120.0,3,2,2,Av. los Fresnos 150,El Remanso,1
148771706,la-molina,525000.0,250.0,110.0,3,2,1,muy cerca a parque,Las Lomas De La Molina Vieja,1
149730433,la-molina,493000.0,0.0,116.0,3,2,1,Aprovisa,Aprovisa,1
147022130,la-molina,671000.0,70.0,119.0,3,2,1,"CERCA COLEGIO ALTAIR, WONG, PLAZA VEA",Sirius,1
148574859,la-molina,867500.0,450.0,158.0,3,2,2,LOS ALBARICOQUES,La Molina,1
149731817,la-molina,638250.0,260.0,128.0,3,2,1,Cerca del Colegio Altair,Sirius,1
148814983,la-molina,534750.0,180.0,105.0,3,2,1,Av. Javier Prado Este,Covima,1
148709481,la-molina,391950.0,80.0,96.0,3,2,0,Portada del Sol,Portada Del Sol Etapa I,1
148623345,la-molina,586500.0,0.0,135.0,5,4,0,Calle Andalucia,La Molina,1
148091915,la-molina,499150.0,0.0,91.0,3,3,1,Avenida Alameda del Corregidor 1575	 al 1500,Sirius,10
149661594,la-molina,2940000.0,1465.0,475.0,10,7,3,Cerros DE Camacho al 200,Camacho,10
149403376,la-molina,689500.0,0.0,130.0,3,3,1,Jirón los Geofisicos,Los Ingenieros,9
149614107,la-molina,899500.0,630.0,193.0,3,3,2,Jr. los Tulipanes,Sirius,1
149653629,la-molina,465750.0,0.0,106.0,3,2,1,Calle Marcahuasi 174,Portada Del Sol Etapa Iii,1
149580974,la-molina,2940000.0,1500.0,525.0,4,7,4,Avenida Circunvalación del Golf Los Inkas 1047,Golf Los Inkas,1
148327220,la-molina,707700.0,170.0,120.0,3,3,2,Av LOS FRESNOS 150 - 201,El Remanso,1
149645389,la-molina,419700.0,150.0,107.0,4,3,1,Río Indo,Las Praderas De La Molina,1
149451865,la-molina,646000.0,0.0,102.0,3,3,1,Calle Vegas del Condado,Las Lomas De La Molina Vieja,1
145157539,la-molina,994700.0,400.0,181.0,3,3,2,Los castaños,El Remanso,1
147592157,la-molina,647500.0,0.0,170.0,3,2,0,Jr. Cuba al 200,Santa Patricia,1
148481402,la-molina,548550.0,120.0,108.0,3,2,1,detras de Facultad de ingenieria de la Univ San Martin,Santa Patricia Etapa Ii,1
149315489,la-molina,646000.0,250.0,116.0,3,3,0,La Libertad,La Molina,1
146495860,la-molina,2257000.0,0.0,431.0,4,4,2,"Prolongación Islas Vírgenes  al 100, La Portada de La Planicie",Portada De La Planicie,1
148847231,la-molina,897800.0,0.0,196.0,3,3,1,Los Aromos 644,La Molina,1
145624692,la-molina,370000.0,0.0,110.0,3,3,0,AV FLORA TRISTAN 333 LA MOLINA,Santa Patricia,1
149513869,la-molina,500250.0,60.0,123.0,3,2,0,Calle la Cordillera 565,La Ensenada,1
65737336,la-molina,225000.0,10.0,41.0,1,1,1,Pasaje Los Condes 1500,La Molina,1
148607654,la-molina,882555.0,500.0,187.0,2,3,2,Manuel Prado Ugarteche 518,La Estancia,1
147834596,la-molina,2082000.0,0.0,510.0,4,6,3,La Molina,La Molina,1
149452694,la-molina,552000.0,110.0,98.0,3,2,1,Calle Montevideo,Santa Patricia I-etapa,1
3780065,la-molina,843200.0,250.0,214.0,3,3,1,"Calle los  Granados No 2xx,  La molina",Molina Vieja,1
149628896,la-molina,617400.0,0.0,91.0,3,2,1,Jr. José Antonio 255,La Molina,1
149257055,la-molina,493000.0,175.0,90.0,3,3,1,Av. Alameda Del Corregidor al 1500,Sirius,1
149674291,la-molina,890000.0,0.0,176.0,4,3,2,El Remanso,El Remanso,1
149179540,la-molina,890960.0,0.0,131.0,3,2,2,Av. Los Fresnos,El Remanso,1
147077472,la-molina,1003000.0,350.0,181.0,3,3,2,LOS Cipreses  al 100,El Remanso,1
146767645,la-molina,2432000.0,100.0,640.0,4,3,2,"Calle El Mastil 5, Dpto 1, La Molina",La Molina,1
148448852,la-molina,385000.0,0.0,100.0,3,2,0,Venta De Departamento en La Molina en Avenida Separadora,La Molina,1
145843461,la-molina,730329.0,100.0,230.0,4,3,1,Jr. Segovia,La Molina,10
146767732,la-molina,640000.0,130.0,92.0,3,2,1,"Jiron Jose Antonio 2, La Molina",La Molina,10
148230086,la-molina,402000.0,0.0,82.0,3,2,1,"Jr. Machu Picchu 295, La Molina",Portada Del Sol Etapa Ii,10
149859018,la-molina,604000.0,320.0,95.0,2,2,2,Av LA Molina  al 3300,Las Lagunas,1
149539729,la-molina,1072000.0,0.0,197.0,2,1,4,"Avenida La Laguna Grande N 1, Urb, Las Lagunas, La Molina",Las Lagunas,1
149357767,la-molina,670000.0,0.0,136.0,3,2,1,Calle Valparaíso 110,La Molina,1
148851164,la-molina,690781.0,200.0,250.0,3,4,0,Los Huertos de La Molina 1,Los Huertos De La Molina,1
146767629,la-molina,1912500.0,400.0,220.0,3,3,2,"Calle Los Tulipanes, La Molina",La Molina,1
149380412,la-molina,1718000.0,800.0,300.0,3,4,2,El Mástil 200,Las Lagunas,1
146767632,la-molina,2400000.0,450.0,640.0,4,4,2,"Calle El Mastil, Urb Las Lagunas de La Molina, La Molina",La Molina,1
149826738,la-molina,610000.0,0.0,188.0,3,2,2,Antunez de Mayolo  al 300,La Fontana,1
147210657,la-molina,831900.0,50.0,296.0,4,3,0,LA VERTIENTE,Ensenada,1
146768692,la-molina,1350500.0,420.0,288.0,3,2,0,"Av Laguna Grande, Urbanizacion Las Lagunas De La Molina, La Molina",Las Lagunas De La Molina,1
146767625,la-molina,525000.0,110.0,92.0,3,3,1,"Jr. José Antonio 2, La Molina",La Molina,1
145885915,la-molina,572360.0,0.0,83.0,3,2,1,Jr. Tacna 180,La Molina,1
147781258,la-molina,364000.0,0.0,85.0,3,2,0,Jirón Huaca de la Luna La Molina,La Molina,1
148229728,la-molina,342720.0,0.0,96.0,3,2,0,Calla Galileo Galilei 111 La Molina,La Molina,1
91416266,la-molina,265500.0,1.0,98.0,3,2,0,JIRON. LURIN,Las Laderas De La Molina,1
149066318,la-molina,670000.0,140.0,158.0,3,3,1,Calle Los Biólogos 160,La Molina,1
4311566,la-molina,1830000.0,1184.0,300.0,3,3,3,CERROS DE CAMACHO,La Molina,1
148131733,la-molina,752100.0,50.0,135.0,3,3,2,Jirón Libertad,Santa Patricia Etapa Ii,1
146768025,la-molina,597600.0,1.0,142.0,3,2,1,"Calle Jose de la Torre Ugarte 1, La Molina",La Molina,1
149276715,la-molina,29071836.0,0.0,114.0,3,2,1,"Calle Centenario N 1, Piso 4, La Molina.",La Molina,1
149318773,la-molina,380254.0,80.0,84.0,3,2,0,Colmenares  - La Molina al 100,Las Colinas De La Molina,1
148547393,la-molina,373000.0,0.0,85.0,3,2,1,"C. Vilcabamba, La Molina",La Molina,1
146768068,la-molina,635040.0,250.0,107.0,3,2,1,"Calle Texcoco, Rinconada del Lago, La Molina",La Molina,1
148521388,la-molina,740395.0,0.0,162.0,4,2,1,Av. Rinconada del Lago,Rinconada Del Lago Etapa Ii,1
144101332,la-molina,799500.0,200.0,175.0,4,2,0,calle los higos 157,La Molina,1
149645929,la-molina,293000.0,0.0,91.0,2,1,0,AV. Separadora Industrial  Urb. Covima - LA Molina,La Molina,1
147407002,la-molina,2700000.0,850.0,424.0,4,3,2,av. Raul Ferrero y Ugarteche La Molina,La Molina,1
149151788,la-molina,503200.0,80.0,104.0,2,2,0,Ishpingos al 200,La Molina,10
145080459,la-molina,480000.0,0.0,227.0,3,2,0,Calle Rio Danubio Urb. Las Praderas,La Molina,10
149173776,la-molina,1088000.0,0.0,255.0,4,4,4,"Calle Los Escribanos N 1, Piso 2, La Molina.",La Molina,10
149812739,la-molina,1017360.0,0.0,160.0,3,2,1,"Ca. Los Robles , La Molina , Perú",La Molina,1
147285819,la-molina,1020000.0,415.0,202.0,3,2,2,Av Manuel Prado Ugarteche,La Estancia,1
149334775,la-molina,527000.0,140.0,120.0,4,2,1,Miami 10,El Sol De La Molina Et.1,1
148788317,la-molina,1842500.0,0.0,270.0,4,2,4,"Avenida Laguna Grande N 1, Urb. Las Terrazas De La Laguna, La Molina",Las Terrazas De La Laguna,1
147224611,la-molina,800000.0,450.0,157.0,3,2,2,CALLE LOS ALBARICOQUES 363,Camacho,1
149703524,la-molina,420000.0,100.0,116.0,3,2,1,Calle Paseo de los Condes 180,Las Lomas De La Molina Vieja,1
147754843,la-molina,1069500.0,200.0,242.0,3,4,2,Alameda del Corregidor,La Molina,1
148629619,la-molina,502500.0,230.0,84.0,3,2,1,Los Mochicas  al 100,Alameda De Los Corregidores,1
144944353,la-molina,904800.0,0.0,259.0,3,3,1,"Calle Santa Margarita 114, Lima, Perú, La Molina, Lima",La Molina,1
142999142,la-molina,1411200.0,430.0,230.0,3,2,2,JIRON EL MASTIL,Las Lagunas De La Molina,10
142772530,la-molina,887750.0,225.0,354.0,3,3,2,Los Saucos 149,El Remanso,8
147668130,la-molina,2680000.0,1800.0,400.0,4,2,2,Av Manuel Prado Ugarteche al 400,Rinconada Baja,10
4386708,la-molina,782000.0,300.0,152.0,3,2,2,LOS ALBARICOQUES,Residencial Monterrico,1
148119264,la-molina,1070000.0,200.0,241.0,3,3,2,Avenida Alameda del Corregidor al 1200,La Molina,1
149611317,la-molina,667260.0,200.0,126.0,2,2,1,Jirón CEDRONES 220 - 201,Sirius,1
149850109,la-molina,459000.0,0.0,107.0,3,3,1,Huaca Del Sol 359,La Molina,1
146767682,la-molina,1419850.0,420.0,237.0,4,3,2,Av. El Golf De Los Incas 1,La Molina,1
148597513,la-molina,569500.0,400.0,99.0,3,2,2,calle Los Bananos N°140 Dpto .20X,Los Cactus,1
148955329,la-molina,536000.0,0.0,93.0,2,1,0,Los Aromos 531,El Remanso,1
147556788,la-molina,656250.0,0.0,180.0,3,2,1,Altura Lima Cdra. 18 - SOL DE LA Molina,La Molina,1
146768040,la-molina,786900.0,200.0,199.0,3,2,1,Calle LAS Poncianas S/N,La Molina Vieja,1
149228377,la-molina,612000.0,300.0,106.0,2,2,1,Av. La Molina al 3300,El Mastil De La Laguna,1
149050472,la-molina,586250.0,0.0,120.0,4,4,2,"Avenida Raul Ferrero N 2, Piso 3,  Urb. La Estancia, La Molina",La Estancia,1
147429303,la-molina,684000.0,350.0,108.0,3,3,1,COLEGIO ALTAIR,La Molina,1
149862995,la-molina,534405.0,0.0,107.0,3,2,0,"Calle LAS Palmas  104, Urb. LA Capilla",La Capilla,1
149159849,la-molina,479400.0,100.0,86.0,3,1,1,Programa de Vivienda Las Viñas de La Molina II Ca. La Península,La Molina,1
4545470,la-molina,420900.0,0.0,84.0,3,2,0,Rio Sena,La Pradera,1
147694185,la-molina,1421250.0,0.0,282.0,6,6,2,Calle Teruel 145,La Capilla,1
148210635,la-molina,556800.0,250.0,92.0,2,2,1,Av LA ARBOLEDA xxx - 2xx,Remanso,1
149147283,la-molina,470000.0,0.0,121.0,3,2,1,Chavin,La Molina,1
149232937,la-molina,355000.0,200.0,90.0,4,3,0,LA MOLINA-MAYORAZGO-CERCA CONSTRUCTORES-DPTO. 4to. PISO-4D-3 BAÑOS- VISTA CALLE- 95 MIL $,Mayorazgo,1
149608673,la-molina,574600.0,120.0,102.0,3,2,1,Jr. de Los Conquistadores,Las Lomas De La Molina Vieja,1
149580038,la-molina,600000.0,100.0,208.0,4,2,2,Río Don 178,Las Praderas De La Molina,1
149730420,la-molina,641000.0,100.0,157.0,3,3,1,Valencia,La Capilla,1
147053511,la-molina,582960.0,200.0,110.0,3,2,2,muy cerca a parque,Las Lomas De La Molina Vieja,1
149727262,la-molina,677400.0,200.0,91.0,3,1,1,Secoyas  al 100,La Molina,1
149854636,la-molina,840000.0,200.0,202.0,3,2,1,Calle Las Mohenas 154,La Molina,1
149847777,la-molina,1870000.0,600.0,237.0,3,2,2,Alameda del Corregidor,La Molina,1
146767197,la-molina,972500.0,350.0,140.0,3,1,2,Av Raúl Ferrero 2,La Molina,9
146767616,la-molina,1293750.0,260.0,300.0,3,2,2,"Calle Las Cedrelas 1, La Molina",La Molina,9
146377688,la-molina,485750.0,0.0,164.0,3,3,1,Calle Huaca Media Luna,Portada Del Sol Etapa Iii,10
149176874,la-molina,379350.0,0.0,94.0,2,2,0,Calle Río Cauca 156,La Pradera,1
148207383,la-molina,537600.0,0.0,145.0,3,2,0,"Jr. Cusco 199, La Molina 15024",La Molina,1
148920716,la-molina,306000.0,20.0,68.0,2,1,0,Madre de Dios,Santa Patricia Etapa Ii,1
147146236,la-molina,570000.0,0.0,101.0,3,2,0,Jr. Valladolid 175,La Capilla,1
148514869,la-molina,459000.0,0.0,97.0,3,2,1,Calle Santa Cruz de Tenerife 256,La Capilla,1
147556571,la-molina,403300.0,0.0,68.0,2,2,0,Altura Corregidor CON Fresnos - Portada DEL SOL,La Molina,1
145103283,la-molina,918480.0,250.0,210.0,4,3,2,AV EL CORREGIDOR 1418,Sirius,1
146767407,la-molina,408000.0,150.0,63.0,3,2,1,Jirón Los Incas 1,La Molina,1
149871592,la-molina,552000.0,50.0,88.0,3,2,0,CALLE SAN MARTIN  290,Santa Patricia Ii-etapa,1
149870673,la-molina,1350.0,0.0,50.0,1,1,0,Santa Cruz De Tenerife 368,La Capilla,1
149898942,la-molina,490000.0,100.0,140.0,2,2,0,Calle Sta Margarita,La Molina,1
147726733,la-molina,1260250.0,0.0,146.0,4,3,2,"Calle Los Lúcumos, La Molina",Residencial Monterrico,1
149562291,la-molina,725000.0,170.0,120.0,3,2,2,Avenida Los Fresnos 150 La Molina,La Molina,1
149773328,la-molina,593300.0,0.0,99.0,3,3,1,calle Leon 185,La Molina,1
146767103,la-molina,1828300.0,1.0,170.0,3,3,2,Tahiti 1,La Molina,1
149751169,la-molina,414000.0,100.0,92.0,3,2,1,Calle Colmenares,La Molina,1
148799519,la-molina,928000.0,350.0,123.0,3,3,2,"Av. Javier Prado, Surco  al 200",La Fontana,1
148549904,la-molina,465000.0,130.0,110.0,3,2,1,LAS LOMAS -DUPLEX-3 DORM.- MAS AMPLIA TERRAZA- FINOS ACABADOS-PARKE GRANDE- OPC: COCHERA- 135 MIL $,Las Lomas De La Molina Vieja,1
147557337,la-molina,646000.0,0.0,165.0,3,2,1,SOL DE LA Molina  2DA  Etapa,La Molina,1
149574172,la-molina,446000.0,100.0,97.0,3,3,1,Jr. Valladolid 450,La Capilla,1
146626540,la-molina,811200.0,400.0,157.0,3,2,2,Calle Los Albaricoques xxx,Residencial Monterrico,1
146768423,la-molina,1184000.0,500.0,178.0,3,2,2,"Alcanfores 1, Urb El Remanso, La Molina",La Molina,1
149360065,la-molina,561000.0,390.0,67.0,2,1,2,La Molina,La Molina,1
63610809,la-molina,703000.0,80.0,130.0,3,3,1,Dirección no informada,La Capilla,1
148383948,la-molina,493000.0,0.0,151.0,6,3,0,calle colmenares 232,La Molina,1
147557805,la-molina,652750.0,0.0,171.0,3,2,0,"Altura de Cuadra 4 de Av. Flora Tristan, Ovalo Cáceres",La Molina,1
144702566,la-molina,2812000.0,0.0,396.0,3,4,2,Calle Los Castaños,El Remanso,7
146767094,la-molina,758550.0,350.0,120.0,3,2,2,Av Raul Ferrero 2,La Molina,7
145252303,la-molina,1229085.0,0.0,151.0,3,3,0,las lagunas,Las Lagunas,9
148932913,la-molina,986000.0,0.0,142.0,3,5,2,Urb El sol de La Molina III Etapa Jr. Samoa,La Molina,1
146411737,la-molina,918000.0,190.0,214.0,3,2,2,"LOS TULIPANES , La Molina",La Molina,1
146767233,la-molina,1205900.0,350.0,177.0,3,1,1,Tahiti 1,La Molina,1
149525478,la-molina,669000.0,350.0,126.0,2,2,1,jr Los Cedros,Sirius,1
149351743,la-molina,572880.0,0.0,101.0,4,4,1,Avenida Corregidor al 2100,Alameda De Los Corregidores,1
147612412,la-molina,908000.0,0.0,135.0,4,4,1,Jr. Santiago Antúnez de Mayolo 122,La Molina,1
147556819,la-molina,971250.0,0.0,230.0,5,5,1,Altura DE  Cdra.24 DEL Corregidor - Urb. LA Capilla,La Molina,1
146746251,la-molina,518000.0,60.0,116.0,3,3,1,Calle río. Mapocho 178,Las Praderas De La Molina,1
145932090,la-molina,608400.0,270.0,107.0,2,2,1,av la molina,El Mastil De La Laguna,1
146735168,la-molina,982395.0,0.0,172.0,3,3,1,Ca Los Cedrones,La Molina,1
148825617,la-molina,589000.0,0.0,200.0,4,4,1,Segovia,La Molina,1
147060294,la-molina,500000.0,170.0,102.0,3,2,1,"FRUTICULTORES, 205",La Molina,1
149782626,la-molina,1031550.0,0.0,130.5,7,9,0,Avenida Corregidor al 2100,Alameda De Los Corregidores,1
143776550,la-molina,555000.0,56.0,90.0,3,3,1,"JR RICARDO PALMA 131, LA MOLINA",La Molina,1
149462126,la-molina,407660.0,100.0,97.0,3,3,1,La Molina,Las Praderas De La Molina,1
149898948,la-molina,584500.0,350.0,102.0,3,3,1,Calle Vegas del Condado,La Molina,1
147906363,la-molina,988250.0,0.0,277.0,3,4,2,jiron Samoa 291,El Sol De La Molina Et.3,1
149772802,la-molina,485110.0,0.0,89.0,3,3,0,Jirón Nevado Alpamayo 157,La Molina,1
146767716,la-molina,1167000.0,350.0,181.0,4,5,2,Jirón Bartolome Herrera 1,La Molina,1
145018189,la-molina,1230000.0,0.0,212.0,4,3,1,Av Alameda de La Paz,La Ensenada,1
149055323,la-molina,1239500.0,0.0,170.0,3,3,4,"Calle Tahiti N 1, Piso 3, Urb. La Planicie, La Molina.",La Planicie,1
149408071,la-molina,562650.0,350.0,92.0,3,2,1,Jr. Las Higueras 175,La Molina,1
147985071,la-molina,438600.0,100.0,121.0,3,2,0,Av. La Fontana,La Molina,1
149323258,la-molina,306000.0,150.0,72.0,2,1,0,Madre De Dios 265,La Molina,1
148952905,la-molina,435005.0,0.0,90.0,3,2,1,Jr. Las Vascongadas,La Molina,1
146767672,la-molina,592000.0,130.0,96.0,3,3,1,"Jose Antonio 270, Parque Monterrico La Molina",La Molina,1
143468723,la-molina,1600000.0,250.0,341.0,3,2,1,Los Cedrones,Sirius,1
149753845,la-molina,735000.0,150.0,172.0,4,3,0,Los Higos 123,La Molina,10
146767097,la-molina,466800.0,0.0,136.0,2,1,1,Jirón Machu Picchu 6,La Molina,9
146768613,la-molina,1517000.0,1.0,230.0,3,2,2,"Av El Mastil, Urbanizacion Las Lagunas De La Molina, La Molina",La Molina,9
146506054,la-molina,402000.0,120.0,99.0,2,2,0,"Calle Máncora Urb. San Remo, La Molina",San Remo,1
148678613,la-molina,561000.0,30.0,114.0,3,2,0,Calle Río Misuri,Las Praderas De La Molina,1
149383552,la-molina,450000.0,160.0,90.0,3,3,2,Río Rin,La Molina,1
147571470,la-molina,423000.0,85.0,70.0,3,1,0,ANDALUCIA 221,La Capilla,1
148053244,la-molina,735000.0,0.0,280.0,3,1,1,CALLE BADAJOS,La Capilla,1
149661116,la-molina,850900.0,0.0,156.0,3,2,1,Calle Montevideo,Sta.patricia,1
149682920,la-molina,628250.0,250.0,120.0,3,2,2,Calle Paseo de Los Condes 124,Las Lomas De La Molina Vieja,1
148657503,la-victoria,437760.0,0.0,102.0,5,2,0,Los Rubíes al 420,Balconcillo,1
149104384,la-victoria,567000.0,0.0,64.0,2,2,0,Av. Javier Prado Este 1501,La Victoria,1
149712877,la-victoria,299000.0,0.0,43.0,1,1,0,Av. Javier Prado Este 1501 Santa Catalina al 1500,Santa Catalina,1
149237031,la-victoria,419505.0,0.0,55.0,2,2,1,Av Javier Prado Este  al 1000,La Victoria,1
148287702,la-victoria,470000.0,350.0,62.0,2,2,0,Av. Paseo de la República,Santa Catalina,1
145474977,la-victoria,188000.0,0.0,49.0,1,1,0,Jr. Evaristo San Cristobal 1751 Urb San Pablo Interior N°308 Piso3,San Pablo,1
149290916,la-victoria,414120.0,70.0,67.0,2,1,0,Nicolás Arriola Cuadra 2,Santa Catalina,1
147788002,la-victoria,420000.0,0.0,67.0,1,1,0,Humbolt 1458 La Victoria,La Victoria,1
148179290,la-victoria,289000.0,0.0,85.0,3,1,0,Jr. Manuel Cisneros 11xx,La Victoria,1
147856812,la-victoria,610000.0,210.0,75.0,3,2,1,Av. Paseo de la Republica 2099,La Victoria,1
149264394,la-victoria,575000.0,0.0,71.0,3,2,1,Av. Javier Prado Este 1035 al 1000,La Victoria,1
148208254,la-victoria,338628.0,0.0,80.0,2,1,0,Jiron Garcia Naranjo 323,La Victoria,1
147787994,la-victoria,455000.0,0.0,75.0,1,1,0,Humbolt 1458 La Victoria,La Victoria,1
149701682,la-victoria,542900.0,0.0,84.0,3,2,1,Av Carlos Villaran,Santa Catalina,1
149611405,la-victoria,376000.0,0.0,85.0,2,1,0,Jr. León García 447,La Victoria,1
147908103,la-victoria,479000.0,0.0,66.0,3,2,0,Avenida Arequipa 1441,Santa Beatriz,1
149172828,la-victoria,507870.0,0.0,81.0,3,2,0,Urbana Perú Tempo,La Victoria,1
149641705,la-victoria,305270.0,0.0,48.0,1,1,1,José Bazzochi 355,La Victoria,1
148713385,la-victoria,409000.0,160.0,83.0,3,2,1,Av. Sta. Catalina,Santa Catalina,1
149278134,la-victoria,524000.0,250.0,73.0,2,2,0,Av. José Gálvez Barrenechea,La Victoria,1
149790106,la-victoria,590000.0,0.0,78.0,3,2,1,Avenida Javier Prado Este 1501,La Victoria,1
148771846,la-victoria,583500.0,0.0,94.0,3,2,0,Valderrama 174,Santa Catalina,1
149003929,la-victoria,478601.0,0.0,72.0,3,2,0,Torre LA Merced 100,Santa Catalina,10
149168103,la-victoria,345000.0,155.0,43.0,1,1,0,AV JAVIER PRADO ESTE 1501,La Victoria,1
149244691,la-victoria,540824.0,0.0,67.0,3,2,0,Av Javier Prado Este al 1000,La Victoria,1
147560130,la-victoria,591533.0,1.0,72.0,3,2,0,AV JAVIER PRADO ESTE,La Victoria,1
149663203,la-victoria,513000.0,0.0,62.0,2,2,0,Av. Javier Prado - Departamento en Venta -  Frente a la vía Expresa,Santa Catalina,1
149042220,la-victoria,392300.0,0.0,56.0,2,1,0,"Jirón Huánuco 1737, en Pleno Emporio de Gamarra",La Victoria,1
145156727,la-victoria,338000.0,250.0,39.0,1,1,0,AV. Santa Catalina 6XX Dpto 602,Santa Catalina,1
149372451,la-victoria,354000.0,0.0,105.0,3,1,0,Jirón Juan Castro 156 La Victoria,Balconcillo,1
149397401,la-victoria,240000.0,0.0,39.0,2,1,0,Calle Topacio al 100,La Victoria,1
147453536,la-victoria,395528.0,0.0,54.0,2,2,1,Av. Canadá,Santa Catalina,1
149288385,la-victoria,563364.0,0.0,73.0,3,2,1,Francisco Terry 127 al 100,Santa Catalina,1
149663186,la-victoria,344216.0,0.0,39.0,1,1,0,Av. Javier Prado - Departamento en Venta -  Frente a la vía Expresa,Santa Catalina,1
149760811,la-victoria,272000.0,0.0,67.0,2,1,0,Av. Parinacochas 2008,Monte Carmelo,1
147999280,la-victoria,389000.0,1.0,51.0,2,2,0,Jr. Fermin Tanguis,Santa Catalina,1
148749508,la-victoria,759000.0,0.0,188.0,3,2,2,Urb. SANTA CATALINA - LA VICTORIA - altura av. Nicolas Arriola cdra.7 & av. Canadá cdra.10,Santa Catalina,1
144881475,la-victoria,194908.0,0.0,25.0,1,1,1,J. Prado este con Av. N. Arriola,La Victoria,1
149574478,la-victoria,462500.0,0.0,68.0,3,2,1,Avenida José de Rivadeneyra al 1089,Santa Catalina,1
149303646,la-victoria,185085.0,0.0,58.0,3,1,0,JR ABTAO 1313,La Victoria,1
149689057,la-victoria,525000.0,400.0,72.0,3,2,1,Av. Paseo de la República Cdra. 21,La Victoria,1
149369101,la-victoria,395000.0,0.0,61.0,2,2,0,Av. P. de la República 2199 - La Victoria,Santa Catalina,1
149635840,la-victoria,479000.0,250.0,80.0,2,2,0,AV. SOLIDARIDAD 103 SANTA CATALINA,La Victoria,1
149261479,la-victoria,310500.0,70.0,95.0,4,1,0,Prolongación La Mar 463,La Victoria,1
149033921,la-victoria,328451.0,80.0,88.0,3,2,0,Luis Chiappe  al 380,Mexico,1
149490177,la-victoria,580000.0,0.0,120.0,5,5,1,Esteban Campodónico,Santa Catalina,1
147596079,la-victoria,539106.0,265.0,74.0,3,2,0,Jose Galvez Barnechea  200  Urb.Santa Catalina,Santa Catalina,1
149552723,la-victoria,340000.0,0.0,39.0,1,1,0,Av Javier Prado Este 1035,La Victoria,1
146684100,la-victoria,596135.0,0.0,75.0,2,2,0,Av. Paseo de la Republica,Santa Catalina,1
148859433,la-victoria,375000.0,0.0,137.0,3,2,0,Av. De las Américas 636,Balconcillo,10
149126669,la-victoria,359000.0,0.0,90.0,3,1,0,Miguel Dasso n,Balconcillo,10
149079747,la-victoria,610000.0,250.0,100.0,3,2,1,Torre de La Merced al 200,Santa Catalina,10
148776223,la-victoria,553000.0,250.0,70.0,2,2,1,Av Javier Prado Este 1095 al 1000,Santa Catalina,1
146982813,la-victoria,360000.0,20.0,136.0,4,3,0,jaspes,Balconcillo,1
148195601,la-victoria,251250.0,80.0,80.0,2,1,0,Isabel La Catolica 390,La Victoria,1
148000669,la-victoria,193200.0,0.0,61.0,1,1,0,Carlos Gutierrez 450,La Victoria,1
148276284,la-victoria,320000.0,0.0,41.0,1,1,0,Av. P.º De La República 2099,La Victoria,1
147504462,la-victoria,235843.0,0.0,76.0,1,2,0,JR. Saenz Peña N°641,La Victoria,1
143173645,la-victoria,424989.0,0.0,47.0,1,1,0,"Calle Alberto Barton N°2xx, DPT Tipo 9",Santa Catalina,1
149362191,la-victoria,397608.0,0.0,51.0,2,2,0,Ca. Fermín Tangüis - Departamento de Estreno - A una Cdra. de la Av. Canadá,Santa Catalina,1
145499226,la-victoria,660000.0,0.0,79.0,3,2,0,"Av Carlos Villaran N° 3xx, Dpto. 406",Santa Catalina,1
146764392,la-victoria,480080.0,0.0,68.0,3,2,0,av. canada  la victoria,La Victoria,1
145499165,la-victoria,352000.0,0.0,40.0,1,1,0,"Av Carlos Villaran N° 3xx, Dpto. 308 AL 1008",Santa Catalina,1
145326477,la-victoria,354000.0,0.0,40.0,1,1,0,Departamento de 1 Dormitorio en Santa Catalina Cerca al Centro Financiero en San Isidro,Santa Catalina,1
147503487,la-victoria,977940.0,250.0,163.0,5,3,0,Jr. Luis Espejo 1050,La Victoria,1
146408272,la-victoria,350000.0,0.0,50.0,2,2,1,"Av Esteban Campodonico N° 5xx, Dpto. 206 AL 2206",Santa Catalina,1
145197209,la-victoria,473095.0,0.0,72.0,3,2,0,"Av Nicolas Arriola N° 1xx, Dpto. 302 AL 3602a",Santa Catalina,1
145197367,la-victoria,370483.0,0.0,58.0,2,2,0,Av Nicolas Arriola N° 1XX Dpto. 322 AL 3622 A,Santa Catalina,1
146033533,la-victoria,423404.0,0.0,55.0,2,2,0,Av. Canadá - Departamento de Estreno - Frente a Paseo de la Republica,Santa Catalina,1
146064630,la-victoria,303000.0,0.0,40.0,1,1,0,Av. Canadá - Departamento de Estreno - Frente a Paseo de la Republica,Santa Catalina,1
146740278,la-victoria,282000.0,0.0,36.0,1,1,0,av.Canada,La Victoria,1
148936910,la-victoria,440000.0,270.0,70.0,3,2,1,Jirón los Brillantes  al 500,La Victoria,1
149379946,la-victoria,427700.0,0.0,57.0,2,2,0,"Vive en Javier Prado, Cerca de San Isidro, al Centro Financiero y La Rambla",La Victoria,1
146034207,la-victoria,323059.0,0.0,37.0,1,1,0,Ca. Fermín Tangüis - Departamento de Estreno - A una Cdra. de la Av. Canadá,Santa Catalina,1
146029615,la-victoria,396000.0,0.0,53.0,2,2,0,Jr. Francisco Graña - Departamento de Estreno - Frente a la av. Nicolás Arriola,Santa Catalina,1
143173415,la-victoria,393138.0,0.0,57.0,2,2,0,"Av Javier Prado Este N° 10xx, Dpto. 402 AL 3302",Santa Catalina,1
149873449,la-victoria,225000.0,120.0,30.0,1,1,0,Jr. Raymundo Carcamo Urb. Santa Catalina al 1000,Santa Catalina,1
145197239,la-victoria,338576.0,0.0,43.0,1,1,0,"Av Nicolas Arriola N° 1xx, Dpto. 304 AL 3604 A",Santa Catalina,1
143173417,la-victoria,476080.0,0.0,62.0,2,2,0,"Av Javier Prado Este N° 10xx, Dpto. 206 AL 1506",Santa Catalina,1
148086823,la-victoria,447000.0,0.0,69.0,3,2,0,Departamento de 3 Dormitorios en Santa Catalina a un Paso del Centro Financiero en San Isidro,Santa Catalina,10
145399037,la-victoria,457000.0,0.0,65.0,3,2,0,Departamento de 3 Dormitorios en Santa Catalina Cerca al Centro Financiero en San Isidro,Santa Catalina,10
149238282,la-victoria,420000.0,0.0,97.0,3,2,0,"Av. Palermo 322, Dpto. 702, Urb. Balconcillo, La Victoria",La Victoria,1
149846031,la-victoria,540000.0,0.0,92.0,3,2,0,Santa Catalina,Santa Catalina,1
149309352,la-victoria,486990.0,0.0,60.0,2,2,0,Vista a Parque. Segundo Uso,La Victoria,1
143173394,la-victoria,323429.0,0.0,39.0,1,1,0,"Av Javier Prado Este N° 10xx, Dpto. 1208, 2808",Santa Catalina,1
145197247,la-victoria,308824.0,0.0,45.0,1,1,0,"Av Nicolas Arriola N° 1xx, Dpto. 320 AL 3520 A",Santa Catalina,1
149605564,la-victoria,353000.0,0.0,43.0,2,2,0,Calle Manuel Arrisueño  al 600,Santa Catalina,1
145499188,la-victoria,438000.0,0.0,57.0,2,2,0,"Av Carlos Villaran N° 3xx, Dpto. 215 AL 1315",Santa Catalina,1
148954193,la-victoria,398902.0,0.0,56.0,2,2,0,"Calle Fermin Tanguis Cdra 1, Frente a un Parque de más de 12mil m2. Ubicado en la Mejor Zona de Santa Catalina a Sólo 5 Minutos del Centro Empresarial de San Isidro",La Victoria,1
146408258,la-victoria,286000.0,0.0,41.0,1,1,1,"Av Esteban Campodonico N° 5xx, Dpto. 601 AL 2201",Santa Catalina,1
146972681,la-victoria,497872.0,0.0,69.0,3,2,0,"Calle Fermín Tanguis N° 1xx, Dpto. 601 AL 2501 C",Santa Catalina,1
149905118,la-victoria,580000.0,0.0,86.0,3,2,1,"Venta DE Departamento EN AV. Calle Juan Jose Mostajo, Lavictoria.",La Victoria,1
145197372,la-victoria,445836.0,0.0,60.0,2,2,0,"Av Nicolas Arriola N° 1xx, Dpto. 2407 AL 3607 A",Santa Catalina,1
145197225,la-victoria,261568.0,0.0,27.0,1,1,0,"Av Nicolas Arriola N° 1xx, Dpto. 305 AL 3605 A",Santa Catalina,1
149407761,la-victoria,355117.0,0.0,58.0,2,2,0,Av. Nicolás Arriola al 100,Santa Catalina,1
145499249,la-victoria,550000.0,0.0,74.0,3,2,0,"Av Carlos Villaran N° 3xx, Dpto. 1005 AL 1505",Santa Catalina,1
149279930,la-victoria,563209.0,0.0,73.0,3,2,0,Av. Javier Prado Este  al 1000,La Victoria,1
147279970,la-victoria,402000.0,0.0,49.0,2,2,0,Jr. Francisco Graña - Departamento de Estreno - Frente a la av. Nicolás Arriola,Santa Catalina,1
148583204,la-victoria,582000.0,0.0,77.0,3,2,0,Av. Javier Prado - Departamento en Venta -  Frente a la vía Expresa,Santa Catalina,1
146408360,la-victoria,446000.0,0.0,67.0,3,2,1,"Av Esteban Campodonico N° 5xx, Dpto. 1105 AL 2205",Santa Catalina,1
146408299,la-victoria,378000.0,0.0,55.0,2,2,1,"Av Esteban Campodonico N° 5xx, Dpto. 403 AL 2203",Santa Catalina,1
145499200,la-victoria,408000.0,0.0,58.0,2,2,0,"Av Carlos Villaran N° 3xx, Dpto.410 AL 910",Santa Catalina,10
148086628,la-victoria,289000.0,0.0,41.0,1,1,0,Departamento de 1 Dormitorio en Santa Catalina a un Paso del Centro Financiero en San Isidro,Santa Catalina,10
146933082,la-victoria,875000.0,0.0,99.0,4,4,2,"Jr Raymundo Cárcamo 1058, La Victoria",La Victoria,10
148511971,la-victoria,360000.0,450.0,52.0,1,1,1,Javier Prado Este al 1000,La Victoria,1
149310168,la-victoria,616392.0,0.0,75.0,3,2,0,Av Javier Prado Este  al 1000,La Victoria,1
149237516,la-victoria,245000.0,0.0,59.0,1,1,0,"Av. Iquitos 546, Dpto. 303, La Victoria",La Victoria,1
143173069,la-victoria,385622.0,0.0,47.0,2,2,0,"Calle Alberto Barton N°2xx, DPT Tipo 7",Santa Catalina,1
145326537,la-victoria,368000.0,0.0,55.0,2,2,0,Departamento de 2 Dormitorios en Santa Catalina Cerca al Centro Financiero en San Isidro,Santa Catalina,1
143173426,la-victoria,545234.0,0.0,72.0,3,2,0,"Av Javier Prado Este N° 10xx, Dpto. 904 AL 2804",Santa Catalina,1
145499212,la-victoria,457000.0,0.0,66.0,3,2,0,"Av Carlos Villaran N° 3xx, Dpto.211 AL 1711",Santa Catalina,1
146255298,la-victoria,680000.0,100.0,200.0,4,2,1,Mariano Pacheco 786,La Victoria,1
143173061,la-victoria,417650.0,0.0,51.0,2,2,0,"Calle Alberto Barton N°2xx, DPT Tipo 8",Santa Catalina,1
149280435,la-victoria,419000.0,0.0,55.0,3,2,0,Av. Javier Prado Este  al 1000,La Victoria,1
146408419,la-victoria,485000.0,0.0,72.0,3,2,1,"Av Esteban Campodonico N° 5xx, Dpto. 207 AL 2207",Santa Catalina,1
148420733,la-victoria,312000.0,250.0,53.0,1,2,0,"Avenida Paseo de la República 2199, La Victoria",La Victoria,1
146034412,la-victoria,511247.0,0.0,61.0,3,2,0,Ca. Fermín Tangüis - Departamento de Estreno - A una Cdra. de la Av. Canadá,Santa Catalina,1
149407440,la-victoria,356817.0,0.0,53.0,2,2,0,Av. Nicolás Arriola al 100,Santa Catalina,1
146408326,la-victoria,381000.0,0.0,56.0,2,2,1,"Av Esteban Campodonico N° 5xx, Dpto. 204 AL 2204",Santa Catalina,1
149079933,la-victoria,544000.0,160.0,86.0,3,2,1,Calle Juan José Mostajo al 100,Santa Catalina,1
143173080,la-victoria,626848.0,0.0,89.0,3,2,0,"Calle Alberto Barton N°2xx, DPT Tipo 17",Santa Catalina,1
145197263,la-victoria,356817.0,0.0,53.0,2,2,0,"Av Nicolas Arriola N° 1xx, Dpto. 2008 AL 3608 A",Santa Catalina,1
147694596,la-victoria,525000.0,300.0,60.0,2,2,1,Paseo de la Republica 2199,La Victoria,1
148939301,la-victoria,666900.0,400.0,148.0,4,4,1,"Mariano Pacheco, Urb. Santa Catalina, La Victoria",Santa Catalina,10
143023058,la-victoria,581000.0,0.0,81.0,2,1,0,PASAJE SIMON BOLIVAR 161 LA VICTORIA,El Porvenir,8
149470209,la-victoria,345000.0,0.0,70.0,3,2,0,"Av. Canadá 1290, Dpto 1404",La Victoria,10
149159765,la-victoria,324000.0,0.0,40.0,1,1,1,"Av Carlos Villaran N° 8xx, Dpto. 309 AL 1709",La Victoria,1
149870609,la-victoria,290700.0,100.0,75.0,3,1,0,"-12., -77.",La Victoria,1
146221441,la-victoria,284215.0,0.0,40.0,1,1,0,"Av Canada N° 1xx, Dpto. 307 AL 2407 C",La Victoria,1
149648076,la-victoria,485000000.0,350.0,60.0,2,2,1,Avenida Paseo de la República 2199,La Victoria,1
149734044,la-victoria,386100.0,0.0,45.0,1,1,0,"Jr. Luis Giribaldi 379, La Victoria 15018, Perú",La Victoria,1
149773744,la-victoria,698000.0,0.0,133.0,5,2,0,Jr. Cangallo 323,La Victoria,1
148150506,la-victoria,330960.0,80.0,85.0,3,2,0,los diamantes,Balconcillo,1
145807243,la-victoria,399000.0,200.0,56.0,2,2,1,VILLARAN,La Victoria,1
149830066,la-victoria,161680.0,0.0,40.0,1,1,0,Prol. Huamanga 758,La Victoria,1
149328184,la-victoria,255000.0,80.0,64.0,2,1,0,Jr. Abtao,La Victoria,1
148697067,la-victoria,550000.0,0.0,133.0,4,3,0,José de Rivadeneyra,La Victoria,1
149303241,la-victoria,515000.0,350.0,60.0,2,2,1,Avenida Paseo de la República 2199,La Victoria,1
148907325,la-victoria,252000.0,0.0,69.0,2,1,0,Psje. Francisco Pizarro N° 0103 Dpto. 18 Piso 04 Urb. El Porvenir,El Porvenir,1
146099608,la-victoria,283158.0,90.0,34.0,1,1,0,Av. Paseo de la República 2199 - La Victoria,La Victoria,1
149247495,la-victoria,185515.0,0.0,43.0,1,1,0,AV Parinacochas  al 900,La Victoria,1
147184469,la-victoria,420000.0,70.0,67.0,2,1,0,AVENIDA NICOLAS ARRIOLA 284,Santa Catalina,1
148920685,la-victoria,620000.0,250.0,110.0,2,2,1,Mariano Pacheco,La Victoria,1
146685166,la-victoria,526744.0,0.0,60.0,2,2,0,Av. Paseo de la republica,Santa Catalina,1
147663890,la-victoria,643000.0,210.0,87.0,3,2,1,Paseo de La Republica,Santa Catalina,1
149159857,la-victoria,370700.0,0.0,50.0,2,2,1,"Av Carlos Villaran N° 8xx, Dpto. 307 AL 1207",La Victoria,1
149843409,la-victoria,376200.0,0.0,85.0,3,2,0,Av. Aviación 2080,La Victoria,1
149704779,la-victoria,429999.0,200.0,62.0,2,2,0,Av. Javier Prado Este,La Victoria,1
149538636,la-victoria,402000.0,250.0,97.0,3,2,0,Av. Palermo,Balconcillo,1
149458781,la-victoria,402045.0,0.0,134.0,3,2,0,Carrillo,La Victoria,1
149159836,la-victoria,355100.0,0.0,49.0,2,2,1,"Av Carlos Villaran N° 8xx, Dpto. 305 AL 1605",La Victoria,1
149261191,la-victoria,405000.0,200.0,65.0,2,2,0,Av. Canadá 1276,La Victoria,1
146650299,la-victoria,356842.0,160.0,41.0,1,1,0,Av. Paseo de la República N° 2119 - La Vitoria,La Victoria,1
147839575,la-victoria,270000.0,0.0,112.0,2,2,0,amatistas 359,Balconcillo,10
149662631,la-victoria,294100.0,100.0,73.0,3,1,0,Jr. Andahuaylas,La Victoria,1
149846636,la-victoria,1071750.0,550.0,157.0,3,3,1,Av. Solidaridad 105,La Victoria,1
147504461,la-victoria,294804.0,0.0,68.0,2,2,0,JR. Saenz Peña N°641,La Victoria,1
149908093,la-victoria,615600.0,0.0,113.0,3,2,0,"Departamento 201 - Segundo Piso - Marcelino Varela 135 Urbanizacion Santa Catalina, La Victoria,",La Victoria,1
146777003,la-victoria,1118000.0,0.0,164.0,5,4,1,Vive rodeado de parques!,Santa Catalina,1
149159815,la-victoria,345400.0,0.0,47.0,2,1,1,"Av Carlos Villaran N° 8xx, Dpto. 310 AL 1710",La Victoria,1
149255373,la-victoria,395000.0,0.0,59.0,2,2,0,Ca. los Topacios 142,La Victoria,1
147724171,la-victoria,370.0,250.0,64.0,2,2,0,Avenida Paseo de la República 20,Santa Catalina,1
148662301,lince,433825.0,0.0,107.0,2,2,0,Risso  al 500,Lince,1
148378163,lince,582585.0,0.0,64.0,2,2,0,Calle Las Margaritas 171,Lince,1
148896348,lince,515000.0,0.0,65.0,2,2,0,"Av César Vallejo al 1400 | 2 Dormitorios, gas Natural, Límite con San Isidro",Lince,1
149671426,lince,556800.0,400.0,118.0,2,2,1,Avenida Coronel Jose Leal,Lince,1
149014605,lince,498114.0,80.0,108.0,3,1,0,Av. Julio César Tello,Lince,1
148546734,lince,970000.0,450.0,91.0,3,2,0,Jr. Coronel Joaquín Bernal 708 - Dpto 501,Lince,1
149604274,lince,583100.0,0.0,106.0,3,2,0,Jr. Joaquin Bernal al 900,Lince,1
149352318,lince,485000.0,200.0,90.0,2,1,0,Francisco de Zela 2677,Lince,1
148896116,lince,945000.0,0.0,105.0,3,3,0,Calle Mariscal Juan Miller 2543,Lince,1
149150928,lince,645510.0,350.0,95.0,3,2,2,Jirón Coronel Domingo Casanova,Lince,1
149585126,lince,815500.0,350.0,81.0,3,2,1,Manuel Villavicencio al 1000,Lince,1
149168961,lince,522000.0,20.0,110.0,2,1,0,Calle Carlos Alayza Y Roel  al  2100,Risso,1
149540619,lince,853250.0,650.0,111.0,3,2,2,Jr. Mama Ocllo,Lince,1
148658261,lince,509760.0,250.0,84.0,3,2,0,Av. Jose Leal 1470 Lince,Lince,1
149049610,lince,499000.0,290.0,71.0,3,2,0,Av. Prol. Iquitos 2230,Lince,1
59135902,lince,401545.0,330.0,58.0,1,1,2,Av. Juan Pardo de Zela N° al 570  ( Dpto 201) – Lince,Lince,1
148883941,lince,1021750.0,0.0,150.0,3,3,1,Manuel Villavicencio,Risso,1
149516373,lince,707363.0,300.0,91.0,3,2,1,Jiron Comandante Manuel Villavicencio  al 800,Lince,1
149661967,lince,850000.0,0.0,133.0,3,3,1,En la Zona de Linsidro Cerca al Touring Club del Perú y Parque Mariscal Castilla,Lince,1
149003496,lince,484029.0,0.0,80.0,3,2,0,Alberto Alexander  al 2200,Lince,1
149868772,lince,479500.0,180.0,45.0,1,1,1,Rivera Navarrete  al 2800,Lince,10
149479213,lince,722600.0,0.0,119.0,2,2,1,Avenida 2 de Mayo 1300,Lince,10
149815516,lince,603750.0,0.0,82.0,2,2,1,Jr. Manuel Villavicencio 1137 - Frente a Parque Castilla,Lince,10
148662209,lince,400325.0,150.0,88.0,2,2,0,Risso al 500,Lince,1
149303740,lince,357000.0,250.0,52.0,2,2,0,"Jr. Belisario Flores - Limite Jesus Maria, A UN Paso DE UPC Y Hosp. Rebagliati - Vista Panoramica",Lince,1
149802441,lince,434700.0,0.0,75.0,3,2,1,AV Iquitos 1570,Lince,1
146354937,lince,331857.0,0.0,61.0,1,1,0,Jr. José Gálvez 1534,Lince,1
147066995,lince,612500.0,0.0,200.0,4,2,0,Av. Ignacio Merino 1691,Lince,1
149517798,lince,291550.0,0.0,65.0,2,2,0,General Cordova  al 2200,Risso,1
145817860,lince,478982.0,0.0,91.0,2,2,0,Jr. José Gálvez 1534,Lince,1
148015066,lince,756000.0,100.0,110.0,3,2,1,Av. Cesar Vallejo cuadra 13,Lince,1
145777442,lince,512012.0,0.0,95.0,2,2,0,Jr. José Gálvez 1532,Lince,1
149415359,lince,1475760.0,0.0,324.0,3,3,2,Los Pinos 322,Country Club,1
149519320,lince,337540.0,170.0,56.0,2,2,0,Av. Arequipa 1492,Lince,1
147672881,lince,372300.0,220.0,85.0,3,2,0,Manuel castañeda,Lince,1
148203267,lince,605000.0,320.0,85.0,3,2,1,Av. Arequipa,Lince,1
149887604,lince,440000.0,0.0,105.0,3,2,0,Av. Crnel Jose Leal,Lince,1
149527408,lince,427990.0,0.0,97.0,3,2,0,Av. José Galvez,Lince,1
145268989,lince,999000.0,380.0,133.0,2,2,2,capac yupanqui,Capacyupanqui,1
148478635,lince,1080000.0,400.0,117.0,3,2,1,Luis Pasteur 1400,Country Club,1
148918548,lince,511000.0,270.0,64.0,2,2,1,Jirón Pedro Conde 176,Lince,1
149416743,lince,395000.0,0.0,40.0,1,1,0,Jr. Comandante Manuel Villavicencio 929,Lince,1
148916905,lince,539000.0,0.0,78.0,2,2,1,Jirón Cápac Yupanqui 1839,Lince,1
149474512,lince,323000.0,0.0,109.0,2,1,0,Jirón Coronel Joaquín Bernal 434,Lince,1
147547855,lince,401000.0,250.0,74.0,3,2,1,Prolongación Iquitos al 1500,Lince,1
148167547,lince,720000.0,500.0,75.0,2,2,1,luis pasteur 1228,Lince,1
149421128,lince,581000.0,0.0,78.0,1,1,1,Manco Segundo 2590,Lince,1
3608136,lince,1260000.0,550.0,175.0,3,2,2,Jiron Sinchi Roca,Lince,1
149258762,lince,340000.0,0.0,92.0,2,2,0,Avenida Juan Pardo de Zela al 600,S/n,1
149159831,lince,957000.0,0.0,91.0,3,2,0,Departamento en Venta de Estreno - Joaquín de Bernal al 700,Lince,1
149086287,lince,417500.0,120.0,86.0,3,1,0,Pezet y Monel al 2100,Lince,10
149775897,lince,396000.0,200.0,44.0,1,1,0,Geranios 310  - Depa 1hab A 2 Cdras del Centro Financiero San Isidro. Limite con Lince,Lince,10
149714998,lince,274000.0,200.0,51.0,2,1,0,"Avenida Iquitos al 1500 Tu Primer Depa en el Corazón de Lima: Moderno, Conectado y Listo Para ser Tuyo",Lince,10
149244987,lince,407660.0,0.0,43.0,1,1,0,Avenida General César Canevaro,Lince,1
149898758,lince,229810.0,0.0,50.0,1,1,0,Jirón Pedro Conde 514,Lince,1
148377029,lince,435537.0,0.0,51.0,1,1,0,Calle Las Margaritas 171,Lince,1
148378227,lince,1157510.0,0.0,127.0,3,2,0,Calle Las Margaritas 171,Lince,1
149868408,lince,344000.0,150.0,43.0,1,1,0,Jirón Pedro Conde  al 100,Risso,1
149418447,lince,517155.0,320.0,61.0,2,2,1,Avenida César Vallejo 335,Lince,1
148703263,lince,527000.0,0.0,64.0,2,2,0,Jirón Pedro Conde,Lince,1
148972208,lince,1610500.0,100.0,370.0,3,5,5,Jr. Juan Bielovucic 1467,Lince,1
145812090,lince,315000.0,200.0,51.0,1,1,0,Calle Ignacio Merino  LINCE,Lince,1
149650853,lince,462000.0,200.0,81.0,3,2,0,Av Iquito  al 1500,Lince,1
149645700,lince,485000.0,250.0,120.0,3,2,0,Manuel Castañeda al 300,Lince,1
149904419,lince,550000.0,0.0,55.0,2,2,1,Lince CON  San Isidro - Departamento de 2 Dormitorios con Balcón  y Cochera,Lince,1
149607560,lince,237187.0,0.0,50.0,3,1,0,Avenida José Galvez al 1700,Lince,1
148662435,lince,437500.0,150.0,83.0,3,3,0,Risso,Risso,1
149098258,lince,355000.0,0.0,30.0,1,1,0,Calle Los Geranios 248 Lince,Lince,1
148972057,lince,485000.0,258.0,65.0,2,2,1,Av. Petit Thouars 1940,Lince,1
149369568,lince,717500.0,220.0,103.0,3,3,1,Jirón Alberto Alexander 2698,Lince,1
149050781,lince,838000.0,0.0,95.0,3,2,0,Avenida Ignacio Merino,Lince,1
4483022,lince,596000.0,260.0,109.0,3,2,0,Calle las Margaritas 170,San Eugenio,1
149495426,lince,593865.0,0.0,73.0,3,2,0,Jr. Coronel Domingo Casanova 568,Lince,1
148747916,lince,545000.0,260.0,78.0,2,2,1,Lince Cerca al Parque Castilla,Capacyupanqui,1
147992801,lince,715000.0,350.0,85.0,2,2,1,Joaquin Bernal,Lince,1
149412706,lince,236000.0,80.0,50.0,1,1,0,"BELLO, Completamente REMODELADO, como NUEVO | Cerca, entre 2 a 4 cuadras de la AV AREQUIPA, AV JAVIER PRADO, VIA EXPRESA Metropolitano, AV CANEVARO | Jr. Pedro Conde",Lince,1
149719465,lince,413000.0,220.0,72.0,3,2,1,Iquitos,San Eugenio,1
149866700,lince,425000.0,180.0,101.0,3,1,0,Av. General César Canevaro,Lince,1
63194320,lince,281400.0,0.0,45.0,1,1,0,Jr Prolongacion Iquitos,S/n,1
149736448,lince,273780.0,130.0,60.0,2,1,0,Avenida Julio César Tello,Lince,1
149222573,lince,370000.0,120.0,66.0,3,1,0,lince,Lince,10
149458895,lince,448800.0,160.0,88.0,2,2,0,Avenida Julio César Tello 875,Lince,10
149652610,lince,586000.0,250.0,79.0,3,2,0,Joaquin Bernal al 1000,S/n,10
149455643,lince,402000.0,200.0,40.0,1,1,1,Jr. Comandante Manuel Villavicencio 7,Lince,1
149655218,lince,380000.0,110.0,90.0,3,2,0,Jirón General José María Córdova 2090,Risso,1
149694487,lince,816000.0,350.0,100.0,3,2,1,Jirón Pedro Conde 178,Lince,1
149124152,lince,700000.0,0.0,93.0,3,2,1,Jirón Comandante Manuel Villavicencio 785,Lince,1
149750357,lince,339500.0,330.0,45.0,1,1,0,Av. Prol. Iquitos,Lince,1
149288675,lince,450000.0,250.0,49.0,1,1,0,Jirón Coronel Joaquín Bernal 708,Lince,1
148320767,lince,1176000.0,0.0,186.0,3,3,1,"Trinidad Morán 1382 Lince, Lima",Lince,1
147920065,lince,365000.0,200.0,45.0,2,1,0,Jiron Pedro conde 157,Lince,1
149501834,lince,569925.0,0.0,72.0,3,2,0,Jr. Coronel Domingo Casanova 568,Lince,1
149098413,lince,373500.0,0.0,43.0,1,1,0,Calle Los Geranios 248 Lince,Lince,1
146437238,lince,647500.0,300.0,157.0,2,2,1,Avenida César Vallejo  lince,Lobaton,1
149854760,lince,522000.0,0.0,61.0,2,2,0,Av. César Vallejo 1445,Lince,1
149501929,lince,612650.0,0.0,77.0,3,2,0,Jr. Coronel Domingo Casanova 568,Lince,1
147019701,lince,962000.0,300.0,96.0,3,2,1,Parque Castilla,Lince,1
149871581,lince,618000.0,300.0,77.0,3,2,1,Av. Salaverry,Lince,1
149622849,lince,507500.0,150.0,111.0,3,1,0,Jirón General José María Córdova 2233,Lince,1
144868545,lince,419000.0,200.0,48.0,1,1,1,Sinchi Roca 2576,Lince,1
149501604,lince,237000.0,79.0,50.0,1,1,0,"A solo pasos (entre 2 a 4 cuadras) de la AV AREQUIPA, AV JAVIER PRADO, VIA EXPRESA| Bello Dpto REMODELADO toda la cocina, piso, paredes, luminaria, etc",Lince,1
149455631,lince,224400.0,0.0,36.0,1,1,0,Jirón Bartolomé Herrera 719,Lince,1
149702226,lince,439000.0,280.0,71.0,3,2,1,Av. Arenales 1475,Lince,1
149390919,lince,705000.0,0.0,92.0,3,3,0,Pasaje Conococha  al 1700 Lince,Risso,1
145991656,lince,580400.0,0.0,78.0,2,2,1,Jr. Capac Yupanqui 1839,Lince,1
146767076,lince,435681.0,1.0,68.0,2,2,0,Jirón Manuel De Pino 6,Lince,1
147428819,lince,514270.0,0.0,68.0,3,2,1,"Jirón Domingo Casanova N° 5xx, Dpto. 502",Lince,1
147429101,lince,596650.0,0.0,77.0,3,2,1,"Jirón Domingo Casanova N° 5xx, Dpto. 504 AL 904",Lince,1
147755003,lince,504975.0,0.0,79.0,3,3,1,Jr. Mama Ocllo,Lince,1
146661494,lince,723200.0,0.0,75.0,3,2,1,"Calle LOS Tulipanes N° 2xx, Dpto. 804 Y 1004",Lince,1
149683279,lince,305760.0,0.0,68.0,2,1,0,AV. Paseo DE LA Republica - Lince,Lince,10
149501899,lince,310040.0,50.0,87.0,3,1,0,Avenida Arenales 2278,Lince,10
149372029,lince,327000.0,120.0,45.0,1,2,0,"Av Prolongación Iquitos N° 18xx, Dpto. 2004",Lince,10
149421068,lince,321000.0,0.0,40.0,1,1,1,"Av Arequipa N° 23xx, Dpto. 904 AL 1904",Lince,1
148501291,lince,599000.0,0.0,72.0,1,1,0,PEDRO CONDE,Lince,1
147429072,lince,596355.0,0.0,76.0,2,1,1,"Jirón Domingo Casanova N° 5xx, Dpto.  1005, 1008",Lince,1
147428804,lince,349500.0,0.0,43.0,1,1,1,"Jirón Domingo Casanova N° 5xx, Dpto. 703",Lince,1
148323828,lince,420000.0,180.0,43.0,1,1,1,Casanova al 100-¡departamento Amoblado  Exclusivo y Moderno con 1 Dorm – Linsidro,Lince,1
149159793,lince,600000.0,0.0,58.0,2,2,0,"Departamento en Venta de Estreno Frente a Parque, muy Luminoso - Joaquín de Bernal al 700",Lince,1
148173999,lince,750060.0,340.0,116.0,3,2,1,Jr. Coronel Domingo Casanova,Lince,1
149032837,lince,517500.0,0.0,98.0,3,2,0,Jirón Almirante Guisse,Lince,1
148337220,lince,378738.0,0.0,36.0,1,1,0,Frente al Parque Castilla - Lince,Lince,1
4483082,lince,794000.0,300.0,96.0,1,2,1,Calle LUIS PASTEUR N°1300,Lince,1
148393553,lince,488000.0,0.0,81.0,2,2,1,Jr. Manuel del Pino 6XX - Dpto 1507,Lince,1
144881297,lince,615781.0,0.0,79.0,1,1,1,Av. César Vallejo,Lince,1
67083466,lince,684375.0,320.0,125.0,2,3,1,Ca. Manuel Villavicencio,S/n,1
149524160,lince,782000.0,0.0,83.0,3,2,0,Jr. Manuel Villavicencio al 1200,Lince,1
146661410,lince,378000.0,0.0,50.0,2,2,0,"Calle LOS Tulipanes N° 2xx, Dpto. 1002",Lince,1
147503542,lince,517711.0,0.0,78.0,3,2,0,Pachacutec 2120,Lince,1
149846896,lince,550000.0,300.0,76.0,2,2,1,AV. Arequipa  al 2600,Lobaton,1
147429049,lince,593865.0,0.0,73.0,3,2,1,"Jirón Domingo Casanova N° 5xx, Dpto. 205 AL 505",Lince,1
148292930,lince,623000.0,0.0,83.0,3,2,0,Av. Cesar Canevaro al 1400,Lince,1
149486567,lince,515970.0,0.0,58.0,2,2,1,JR Pedro Conde - Lince,Lince,1
146718777,lince,445000.0,250.0,65.0,3,2,1,jr manuel candamo 820,Lince,1
4590993,lince,746250.0,300.0,130.0,3,2,1,Calle Juan Bielovucich Cavalier,Lince,1
149180912,lince,55275000.0,0.0,60.0,1,1,2,"Avenida Manuel Villavicencio N 1, Piso 15, Lince",Lince,1
149579807,lince,477000.0,0.0,55.0,2,2,0,Avenida Paseo de la República,Lince,1
149864954,lince,475000.0,0.0,59.0,2,2,0,Avenida Arequipa al 2300,Lince,1
145343291,lince,545000.0,0.0,69.0,2,2,0,Manuel Castañeda 329,Lince,1
149476520,lince,569925.0,0.0,72.0,3,2,1,"Jirón Domingo Casanova N° 5xx, Dpto. 701 AL 1001",Lince,1
148767820,lince,395790.0,0.0,47.0,1,1,0,Jose de la Torre Ugarte Lince,Lince,10
148670676,lince,425000.0,250.0,80.0,3,2,0,Av. Petit Thouars,Lince,10
147669888,lince,783000.0,300.0,80.0,3,2,1,Av. Rivera Navarrete Lince / A 2 Cuadras San Isidro,Lince,1
144738293,lince,369000.0,0.0,53.0,2,2,0,"Av Petit Thouars N° 17xx, Dpto. 306 AL 1506",Lince,1
149829657,lince,590000.0,0.0,76.0,2,2,1,Condominio Ambassador,Lince,1
146830194,lince,580000.0,300.0,74.0,2,2,1,JR VELARDE 825,Risso,1
146892701,lince,361000.0,150.0,44.0,1,1,0,Jr. Carlos Alayza y Roel al 1900,Lince,1
149363237,lince,1011000.0,0.0,158.0,4,4,0,"Cerca a Real Plaza Salaverry, Upc, Universidad del Pacífico",Lince,1
144733199,lince,315000.0,200.0,45.0,1,1,0,Calle Ignacio Merino,Lince,1
147955018,lince,706065.0,0.0,124.0,4,4,0,Jr. José Gálvez 1534,Lince,1
149863194,lince,235000.0,80.0,50.0,1,1,0,Calle Pedro Conde  al 500,Lince,1
146293721,lince,1147000.0,0.0,170.0,3,2,0,Av Alberto Alexander 2784,Lince,10
145812450,lince,328000.0,200.0,56.0,2,1,0,CALLE IGNACIO MERINO,Lince,10
143668862,lince,610500.0,300.0,82.0,2,2,1,Jr. Manuel Villavicencio,Lince,10
142747743,lince,488200.0,196.0,65.0,3,2,0,AVENIDA ARENALES,Lince,1
149126146,lince,542500.0,200.0,76.0,1,2,1,Mariscal Mateo Pumacahua al 2500,Risso,1
147856599,lince,730000.0,0.0,95.0,2,1,0,Departamento en Venta de Estreno - Joaquín de Bernal al 700,Lince,1
149421206,lince,595000.0,0.0,81.0,2,2,1,"Av Arequipa N° 23xx, Dpto. 2206",Lince,1
148292791,lince,584000.0,0.0,78.0,3,2,1,Av. Cesar Canevaro al 1400,Lince,1
149368748,lince,361183.0,0.0,54.0,2,2,0,Av. Arequipa al 1900,Lince,1
148532206,lince,420000.0,0.0,57.0,2,2,1,"Risso, Lince",Risso,1
149048020,lince,520000.0,0.0,62.0,2,2,0,Av Cesar Vallejo 1445,Lince,1
148118884,lince,375795.0,0.0,36.0,1,1,0,manuel villavicencio lince,Lince,1
147587065,lince,1030368.0,0.0,158.0,4,3,0,Pachacutec 2124,Lince,1
149421113,lince,434000.0,0.0,58.0,1,2,1,"Av Arequipa N° 23xx, Dpto. 203 AL 2203",Lince,1
149675191,lince,490000.0,200.0,73.0,2,2,0,Jirón Belisario Flores 100,Lince,1
146633217,lince,275000.0,100.0,45.0,2,1,0,Av. Petit Thouars 1300,Meliton Carvajal,1
148932180,lince,519250.0,450.0,78.0,2,2,1,Capac Yupanqui,Capacyupanqui,1
146345631,lince,916320.0,0.0,102.0,3,2,1,AV. Trinidad Moran 11xx DPT X02,Lince,1
145872945,lince,309494.0,200.0,45.0,1,1,0,Av. merino 1700,Lince,1
149811068,lince,766812.0,0.0,70.0,3,2,1,Jirón Comandante Manuel Villavicencio,Lince,1
149594346,lince,772640.0,480.0,105.0,3,2,1,Calle Sinchi Roca al 2500,Lince,1
148449586,lince,452384.0,0.0,67.0,3,2,1,"Jirón Risso N° 6xx, Dpto. 202",Lince,1
149293862,lince,890000.0,350.0,231.0,3,3,1,Almirante Manuel Villavicencio,Lince,1
149610612,lince,612000.0,125.0,216.0,3,1,0,Av. Arequipa 2465,Lince,10
149001608,lince,519900.0,240.0,64.0,2,2,0,Jirón Pedro Conde 178,Lince,10
149540937,lince,519900.0,240.0,64.0,2,2,0,Av. César Vallejo,Lince,10
147022869,lince,537448.0,0.0,55.0,1,2,0,"Calle Manuel Villavicencio N° 9xx, Dpto. 808 AL 2108",Lince,1
146345604,lince,805920.0,0.0,88.0,3,2,1,AV. Trinidad Moran 11xx DPT X01,Lince,1
145136698,lince,780000.0,500.0,95.0,1,2,1,"Calle Luis Pasteur 1324, san isidro",Lince,1
149147959,lince,361000.0,130.0,39.0,1,1,0,Av. Petit Thouars 1598,Lince,1
149574407,lince,671000.0,200.0,74.0,2,2,1,Calle Los Geranios 200,Lince,1
149833676,lince,238000.0,80.0,50.0,1,1,0,Jirón Pedro Conde  s/n,S/n,1
149811021,lince,530563.0,0.0,56.0,2,2,1,Jirón Comandante Manuel Villavicencio,Lince,1
149118545,lince,490000.0,0.0,49.0,1,1,0,Joaquin Bernal al 700,Lince,1
147694732,lince,919450.0,0.0,157.0,3,3,1,"av. Julio Cesar Tello 1031, Lince",Lince,1
149554007,lince,426400.0,0.0,108.0,2,1,0,Parque Castilla,Lince,1
149766872,lince,236000.0,80.0,50.0,1,1,0,Jirón Pedro Conde,Lince,1
149502112,lince,1253190.0,460.0,146.0,3,3,2,Jr. Comandante Manuel Villavicencio 863,Lince,1
147694390,lince,620000.0,70.0,80.0,3,3,0,Pasaje Conococha  Lince,Lince,1
147473770,lince,479000.0,200.0,67.0,2,2,0,Lince,Lince,1
148442149,lince,545000.0,0.0,58.0,2,2,1,Av. Arequipa 2651,Lince,1
143942789,lince,470000.0,0.0,23.0,2,2,0,LINCE,Lince,1
146524175,lince,437000.0,250.0,57.0,2,2,0,av militar,Lince,1
143173535,lince,1520818.0,0.0,210.0,4,3,0,"Calle Joaquin Bernal N°10xx, Dpto. 2004",Risso,1
149292063,lince,810750.0,500.0,104.0,1,2,1,Luis Pasteur,Lince,1
145954039,lince,450000.0,0.0,50.0,2,2,0,LINCE,Lince,1
145779165,lince,500000.0,0.0,69.0,3,3,0,LINCE,Lince,1
148449596,lince,460826.0,0.0,68.0,3,2,1,"Jirón Risso N° 6xx, Dpto. 501, 701",Lince,1
149573974,lince,547000.0,250.0,66.0,2,2,1,Rivera Navarrete al 2800,San Eugenio,1
149642034,lince,815047.0,0.0,125.0,3,2,0,Jr. Alberto Alexander,Lince,1
149631705,lince,540600.0,0.0,76.0,2,1,1,Jirón Almirante Martín Guisse 1700,Lince,1
149265136,lince,730000.0,0.0,112.0,3,2,0,Lince,Lince,1
148013692,lince,541000.0,1.0,65.0,2,2,0,Av. Cesar Vallejo   Lince,Lince,1
146345582,lince,864800.0,0.0,95.0,3,2,1,AV. Trinidad Moran 11xx DPT 201,Lince,9
148774206,lince,603000.0,0.0,133.0,4,1,2,"Avenida Cesar Vallejo N1, Urb. Risso, Lince",Risso,10
149575018,lince,355000.0,100.0,60.0,1,1,1,Av. Paseo de la República  al 2490,Lince,10
149796173,lince,372117.0,0.0,37.0,1,1,1,Jirón Comandante Manuel Villavicencio,Lince,1
149709617,lince,271140.0,70.0,65.0,2,1,0,Jr. General José María Córdova Lince al 2000,Lince,1
149796232,lince,395801.0,0.0,40.0,1,1,1,Jirón Comandante Manuel Villavicencio,Lince,1
148003369,lince,577500.0,180.0,109.0,3,2,0,calle Las Margaritas,San Eugenio,1
148178202,lince,445000.0,235.0,45.0,1,1,0,"los geranios 310, lince",San Eugenio,1
149177900,lince,342000.0,0.0,106.0,3,2,0,Jr. Mariscal William Miller,Lince,1
148993831,lince,749992.0,0.0,69.0,2,2,0,"Calle Manuel Villavicencio N° 9xx, Dpto.  1301 AL 2101",Lince,1
147952489,lince,641959.0,200.0,60.0,2,2,1,villavicencio 900,Lince,1
147866502,lince,610000.0,205.0,72.0,1,2,0,Jiron Pedro Conde 157,Lince,1
149539373,lince,350001.0,150.0,39.0,1,1,0,Av. Petit Thouars 1598,Lince,1
148449582,lince,444545.0,0.0,66.0,3,2,1,"Jirón Risso N° 6xx, Dpto. 201, 401",Lince,1
148449611,lince,718106.0,0.0,107.0,2,3,1,"Jirón Risso N° 6xx, Dpto. 802",Lince,1
149266449,lince,1069000.0,0.0,160.0,3,3,0,Lince,Lince,1
148449604,lince,462702.0,0.0,69.0,3,2,1,"Jirón Risso N° 6xx, Dpto. 402, 602",Lince,1
144855239,lince,219189.0,0.0,21.0,1,1,0,Av. Arequipa,Lince,1
149634666,lince,531300.0,240.0,76.0,2,2,1,Jr. Almte. Martín Guisse 1800,Lince,1
4255117,lince,351500.0,200.0,47.0,2,1,0,Av. Manuel Villavicencio 853,Lince,1
149662019,lince,593300.0,350.0,66.0,2,2,1,Calle Los Geranios,San Eugenio,1
145758234,lince,512012.0,0.0,45.0,1,1,0,Jr. José Gálvez 1532,Lince,1
4643855,lince,1190000.0,550.0,152.0,3,2,2,Sinchi Roca xx,Country Club,1
149483258,lince,345000.0,150.0,86.0,2,1,0,Av. Arequipa 1736,Lince,1
149695835,lince,553000.0,300.0,64.0,2,2,1,Av. César Vallejo,Lince,1
143946178,lince,360000.0,0.0,135.0,2,2,0,Jr. Belisario Flores 283 285 Lince,S/n,1
149871345,lince,880600.0,200.0,97.0,3,3,0,Jirón Carlos Alayza y Roel,Lince,1
149735490,lince,399000.0,200.0,66.0,2,2,0,Av. Arequipa 1501,Lince,1
144658066,lince,613644.0,0.0,59.0,1,2,1,Avenida Trinidad y Moran 1294,Lince,1
148993830,lince,405050.0,0.0,40.0,1,1,0,"Calle Manuel Villavicencio N° 9xx, Dpto. 605 AL 2005",Lince,1
144655061,lince,811385.0,0.0,83.0,2,2,1,AV. TRINIDAD Y MORAN 1294,Lince,10
149908707,lince,417240.0,0.0,100.0,3,2,0,Av. Gral. Juan Antonio Álvarez de Arenales 2357,Lince,10
144658685,lince,749294.0,0.0,73.0,2,2,1,Av.Trinidad Moran  1294,Lince,10
149547711,lince,306000.0,60.0,58.0,2,1,0,"Altura del Parque Pedro Ruiz Gallo, Municipalidad de Lince",Lince,1
145953902,lince,690000.0,0.0,71.0,3,2,0,LINCE,Lince,1
147556600,lince,1146100.0,0.0,200.0,4,2,1,Alt. Cdra 1 DE Calle Burgos.,Lince,1
149635268,lince,430000.0,180.0,65.0,3,2,0,Jirón Bartolomé Herrera,Lince,1
147251517,lince,400000.0,200.0,52.0,2,2,0,Lince,Lobaton,1
148891805,lince,383900.0,250.0,49.0,1,1,0,Calle Los Geranios 310,Lince,1
149447526,lince,514000.0,350.0,58.0,2,2,1,Jirón Pedro Conde 169,Lince,1
147368101,lince,580000.0,170.0,83.0,3,2,1,jiron leon velarde,Lince,1
148060638,lince,514500.0,10.0,65.0,3,2,0,Av. César Vallejo,Lince,1
144243185,lince,558000.0,160.0,170.0,4,3,0,JOSE DE LA TORRE UGARTE LINCE,Lince,1
147450699,lince,443750.0,150.0,86.0,3,1,0,Calle FRANCISCO DE ZELA N° 2047,Lince,1
148201229,lince,715000.0,0.0,85.0,2,2,1,Av. Joaquín Bernal,Lince,1
4012187,lince,1283625.0,0.0,233.0,3,3,2,Jr. Carlos Alayza y Roel,Lince,1
145081026,los-olivos,224000.0,0.0,65.0,3,2,0,Av. San Bernardo 255,Los Olivos,10
149027432,los-olivos,409360.0,0.0,117.0,4,4,0,Av. Las Palmeras 4101,Los Olivos,10
149592105,los-olivos,206500.0,0.0,79.0,2,1,0,Calle Marca 121,Naranjal,10
149825863,los-olivos,402500.0,0.0,113.0,3,2,0,Jr. Daniel Hernandez  al 200,Los Olivos,1
149039859,los-olivos,606263.0,0.0,175.0,4,4,0,Calle Olavegoya al 1,Pueblo Libre,1
149742738,los-olivos,499999.0,0.0,204.0,4,3,0,Calle Ignacio Torote  al 500,Los Olivos,1
149608364,los-olivos,267540.0,0.0,94.0,3,3,0,"El Olivar Mz.r - Lt.3, Los Olivos 15304, Perú",Los Olivos,1
147680053,los-olivos,3750700.0,0.0,130.0,3,2,0,JR Caraz,Los Olivos,1
149161004,los-olivos,510000.0,0.0,160.0,3,3,0,La Caridad 45,Pro Etapa Iv,1
148199506,los-olivos,280000.0,0.0,83.0,3,2,0,"Calle Ordoner Vargas NUM 110 Dpto 304 - Tercer Piso URB Villa SOL Primera Etapa, Lima 15306, Perú",Los Olivos,1
148737976,los-olivos,239000.0,0.0,62.0,3,1,0,"Jr. Las Guayabas, Los Olivos",Los Olivos,1
149671367,los-olivos,552000.0,0.0,116.0,5,3,0,Urb. Villa los Ángeles Izaguirre los Olivos,Villa Los Angeles,1
145081397,los-olivos,425500.0,0.0,112.0,3,2,0,Jirón Antonio Cabo 870,Los Olivos,1
149608563,los-olivos,257250.0,0.0,94.0,3,3,0,"El Olivar Mz.r - Lt.3, Los Olivos 15304, Perú",Los Olivos,1
147706090,los-olivos,790000.0,0.0,91.0,3,3,0,Calle Santa Isabel  Pueblo Libre,Pueblo Libre,1
147343640,los-olivos,236327.0,0.0,83.0,2,2,0,"URB Carrizal DEL Carmen MZ I LT 10, Los Olivos 15302, Perú",Los Olivos,1
148842166,los-olivos,418750.0,0.0,114.0,4,4,0,Pje. Enrique Lopez Albujar,Los Olivos,1
146645378,los-olivos,325900.0,0.0,103.0,3,2,0,MIGUEL ORTIZ,Villa Sol,1
148612108,los-olivos,260000.0,70.0,83.0,3,2,0,Fidelidad,Pro,1
149439633,los-olivos,455620.0,0.0,97.0,3,2,0,Jr. Huarmey 1510,Covida Etapa Ii,1
149845910,los-olivos,250000.0,0.0,70.0,2,2,0,Av. Rosario del Nte.,Los Olivos,1
148900592,los-olivos,300600.0,0.0,68.0,3,2,0,Jirón Gamma,Los Olivos,1
143350880,los-olivos,357000.0,0.0,105.0,3,3,1,Calle Portugal,San Elias,1
149179508,los-olivos,320850.0,0.0,96.0,3,2,0,Urbanización Villa Sol - II Etapa,Los Olivos,1
147387462,los-olivos,200000.0,110.0,73.0,3,2,0,Pro Etapa I,Pro Etapa I,1
149835378,los-olivos,224000.0,0.0,69.0,2,1,0,AV Jose Santos Chocano LOS Olivos al 600,Panamericana Norte,1
149386238,los-olivos,504000.0,0.0,140.0,5,3,0,Ignacio Torote  El Trebol Los Olivos,Los Olivos,1
149261468,los-olivos,419000.0,0.0,116.0,3,2,1,"Calle Fidelidad – Urb. Pro, Los Olivos",Pro,1
149234691,los-olivos,378400.0,0.0,107.0,2,1,0,Jr. Cajacay  al 600,Los Olivos,1
149588002,los-olivos,241500.0,0.0,68.0,2,1,0,Jr. Santa Eulalia 377 - Los Olivos,Santa Rosa De Lima,10
145081367,los-olivos,444000.0,0.0,112.0,3,2,0,Jirón Antonio Cabo 870,Los Olivos,10
149633741,los-olivos,349000.0,150.0,90.0,3,2,1,Av. Tomás Valle 1530,Los Olivos,10
149730447,los-olivos,367500.0,0.0,90.0,2,1,0,Calle Antonio Moreno 150,Villa Sol Etapa Ii,1
148140945,los-olivos,293900.0,0.0,115.0,3,1,0,"Jiron Amistad, MZ 5. LT. 28",Pro,1
149735846,los-olivos,260000.0,0.0,83.0,3,2,0,"Calle Fidelidad – Urb. Pro, Los Olivos",Pro,1
149582537,los-olivos,235000.0,0.0,78.0,3,1,0,Manuel de Lara 468,Villa Sol,1
147098889,los-olivos,381500.0,0.0,125.0,2,2,1,Casma 283,Los Olivos,1
149154125,los-olivos,289000.0,80.0,78.0,3,2,1,Cortesía 500,Pro,1
148984571,los-olivos,145000.0,0.0,52.0,2,1,0,Calle La Prudencia Mz.tt5 - Lt.32,Pro,1
148128701,los-olivos,222000.0,170.0,69.0,3,2,0,Jr. Huasta  al 4800,Parque Del Naranjal Et.2,1
149367688,los-olivos,287975.0,0.0,103.0,3,1,0,Calle proteccion UrB Pro,Los Olivos,1
147281328,los-olivos,305440.0,100.0,80.0,3,2,0,Cl Isaac Newton 7091,Sol De Oro,1
91052408,los-olivos,429000.0,70.0,118.0,3,3,0,calle fidelidad,Pro,1
144355562,los-olivos,418000.0,200.0,102.0,3,2,3,JIRON GUANDU 3839,Las Palmeras,1
146424980,los-olivos,79000.0,50.0,22.0,1,1,0,calle fidelidad,Pro,1
149898096,los-olivos,334000.0,0.0,120.0,3,3,0,Jirón La Sinceridad 850,Pro,1
147515961,los-olivos,248400.0,0.0,98.0,3,3,1,Los olivos,Los Olivos,1
148902842,los-olivos,338000.0,200.0,109.0,2,2,0,Avenida Alfa 799,EL TRÉBOL 4 Etapa,1
149790001,los-olivos,362000.0,0.0,92.0,3,2,0,"Jr. Pariahuanca 821, Los Olivos al 800",Las Palmeras,1
148777768,los-olivos,221000.0,0.0,67.0,2,1,0,El Amargon 4055,Covida,1
148123858,los-olivos,400000.0,0.0,157.0,3,2,1,Mercurio 7517,Los Olivos,1
149820246,los-olivos,174000.0,0.0,69.0,2,1,1,Miguel Ortiz 635,Los Olivos,1
149043330,los-olivos,289109.0,0.0,78.0,3,2,0,Ur. Villa Sol  al 1200,Villa Sol Etapa Ii,1
149683861,los-olivos,387600.0,170.0,92.0,2,2,1,Altura de la Cuadra 12 de Av. Carlos Izaguirre,Los Olivos,1
147269581,los-olivos,397000.0,0.0,90.0,3,2,1,CALLE CHACAS 999,Covida,1
148785069,los-olivos,407100.0,0.0,115.0,4,3,0,Jr. Isaac Newton,Sol De Oro,1
149352341,los-olivos,173200.0,0.0,54.0,1,1,0,San Hernan no228,Santa Luisa Etapa Ii,10
149306229,los-olivos,129960.0,0.0,45.0,1,1,0,Jr. Libra 1117,Los Olivos,10
149620881,los-olivos,438000.0,0.0,241.0,3,2,0,Jirón Gonzales Prada  744,Los Olivos,7
149854253,los-olivos,530000.0,210.0,120.0,3,2,1,Mayta Capac 356,El Trébol,1
149193195,los-olivos,296615.0,0.0,113.0,3,2,0,Eleodoro Zevallos 192 3ER Piso Urbanizacion Villasol III,Los Olivos,1
146217269,los-olivos,310250.0,0.0,100.0,2,2,0,"La Caridad 520, Los Olivos 15307",Los Olivos,1
149470826,los-olivos,171000.0,0.0,100.0,4,1,0,Laura Caller,Los Olivos,1
147503666,los-olivos,249000.0,0.0,126.0,4,2,0,Avenida Zaragoza Manza O4 Lote 7,Los Olivos,1
146217636,los-olivos,255500.0,0.0,90.0,1,1,0,"La Caridad 520, Los Olivos 15307",Los Olivos,1
149450480,los-olivos,269000.0,0.0,80.0,3,2,0,URB Prolima II,Los Olivos,1
148566623,los-olivos,269500.0,0.0,78.0,3,1,0,"C. 15 , Mz F Urb. Pro Lima II Etapa LOS Olivos",Pro,1
149693273,los-olivos,508950.0,0.0,110.0,3,2,1,av Proceres de Huandoy  al 200,Puerta De Pro,1
148667487,los-olivos,361350.0,0.0,107.0,3,2,0,"El Derecho 504, Los Olivos 15307, Perú",Los Olivos,1
149085117,los-olivos,277000.0,0.0,91.0,3,2,0,Jr  Extramadura al 100,Pro,1
149608923,los-olivos,222950.0,0.0,94.0,3,3,0,"El Olivar Mz.r - Lt.3, Los Olivos 15304, Perú",Los Olivos,1
149814326,los-olivos,585750.0,0.0,135.0,4,3,1,LOS Opalos Dpto 501 - LOS Olivos,Los Olivos,1
149812921,los-olivos,302600.0,0.0,75.0,2,1,0,Departamento Listo Para Vivir EN Zona Estratégica – LOS Olivos,Los Olivos,1
147726704,los-olivos,229160.0,0.0,58.0,2,1,0,JR. LOS Helenios,Las Palmeras,1
149879596,los-olivos,240765.0,0.0,90.0,3,1,0,"Villa Mercedes, Los Olivos",Los Olivos,1
149746479,los-olivos,208320.0,0.0,75.0,3,2,0,"Cooperativa Virgen del Rosario, Los Olivos.",Los Olivos,1
149874546,los-olivos,390500.0,0.0,91.0,3,2,0,Manuel DE Lara 364,Villa Sol,1
148628927,los-olivos,318250.0,0.0,108.0,4,2,0,Confraternidad,Los Olivos,1
147552902,los-olivos,265200.0,100.0,62.0,3,1,1,Jr.  Las Guayabas  Los Olivos - Cerca a la Av Tomas Valle,Los Olivos,1
149592489,los-olivos,233100.0,0.0,75.0,3,3,0,Calle Cajay URB LOS Naranjos LOS Olivos,Los Olivos,1
149765637,los-olivos,666900.0,0.0,177.0,3,2,1,Jirón José Santos Atahualpa 563,Los Olivos,1
149640979,los-olivos,445900.0,0.0,98.0,2,1,0,Jr. Huarmey 1381,Covida,1
148477692,los-olivos,385250.0,0.0,220.0,6,3,1,Ca. 9,Los Olivos,1
147615338,los-olivos,366240.0,0.0,112.0,3,2,0,"Daniel Fernandez 3839, Lima 15301, Perú",Los Olivos,1
149874536,los-olivos,390500.0,0.0,91.0,3,2,0,Manuel DE Lara 364,Villa Sol,1
149432458,los-olivos,311500.0,0.0,104.0,3,1,0,Jiron Catac 633,Los Olivos,1
148426241,los-olivos,294946.0,160.0,74.0,3,2,2,Alfredo Mendiola  al 6821,Los Olivos,10
149628834,los-olivos,216000.0,0.0,80.0,3,2,0,Calle 4 EL Naranjal LOS Olivos,Los Olivos,10
145678342,los-olivos,235980.0,0.0,90.0,3,20,0,Gonzales Vigil,Los Olivos,10
149621316,los-olivos,376200.0,0.0,344.0,10,6,0,Santa Elisa Los Olivos,Santa Elisa,1
149874524,los-olivos,443750.0,0.0,91.0,2,1,1,Manuel DE Lara 364,Villa Sol,1
149552751,los-olivos,595000.0,0.0,262.0,5,3,0,Jirón  Isaac Newton 7329,Los Olivos,1
148945703,los-olivos,284750.0,0.0,108.0,4,2,0,Jr. el Cuarzo 1,Los Olivos,1
149664068,los-olivos,389000.0,50.0,115.0,3,2,0,Calle Cajay URB LOS Naranjos LOS Olivos,Los Olivos,1
149874549,los-olivos,443750.0,0.0,91.0,3,2,0,Manuel DE Lara 364,Villa Sol,1
149617686,los-olivos,222265.0,0.0,238.0,6,4,0,Calle 11  9,Santa Elisa,1
146217068,los-olivos,182500.0,0.0,59.0,1,1,0,"La Caridad 520, Los Olivos 15307",Los Olivos,1
145786273,los-olivos,224900.0,0.0,75.0,2,1,0,Cerca a Av. Canta Callao,Los Olivos,1
149781315,los-olivos,259000.0,0.0,106.0,3,2,0,Jr. El Derecho Mz Z4 Lote 31 IV Sector Urb. Pro 31,Los Olivos,1
149617682,los-olivos,170965.0,0.0,105.0,4,2,0,Mz. F Lt. 9 1,Santa Elisa,1
148428123,los-olivos,298000.0,0.0,70.0,3,2,0,Villasol 3,Los Olivos,1
149552752,los-olivos,367000.0,0.0,132.0,4,2,0,Jr. Isaac Newton al 7300,Los Olivos,1
148814364,los-olivos,490000.0,0.0,120.0,2,2,0,Jr.manuel Rivero 374,Los Olivos,1
147984888,los-olivos,294670.0,0.0,66.0,3,2,0,Urb. Las Plameras,Los Olivos,1
149106150,los-olivos,379000.0,0.0,134.0,2,1,1,Calle Godofredo Garcia 624 Dpto 1,Panamericana Norte,1
146297458,los-olivos,476000.0,150.0,104.0,3,2,1,Jr. Azafran,Las Palmeras,1
149514498,los-olivos,204000.0,0.0,67.0,2,1,0,JR. SANTOS ATAHUALPA 870 DPTO. 4XX,Los Olivos,1
149104623,los-olivos,138000.0,0.0,51.0,1,1,0,Calle Godofredo Garcia  al 624,Panamericana Norte,1
149697429,los-olivos,264000.0,0.0,70.0,3,2,1,Miguel Ortiz,Villa Sol,1
148528701,los-olivos,199999.0,0.0,72.0,2,2,0,SEBASTIAN BARRANCA,Los Olivos,1
149572677,los-olivos,234260.0,0.0,83.0,2,1,0,Jaime Bausate y Meza con Av Los Alisos,Previ,1
146476137,los-olivos,417500.0,0.0,116.0,3,2,0,Avenida naranjal con avenida Las palmeras,Naranjal,1
149177607,los-olivos,259500.0,0.0,100.0,3,1,0,El Derecho 526,Los Olivos,1
149106558,los-olivos,285000.0,0.0,80.0,4,3,0,Los Pinos,12 De Agosto,1
149607908,los-olivos,324558.0,0.0,84.0,3,2,0,La Unidad,Los Olivos,1
148642505,los-olivos,302000.0,180.0,85.0,3,2,1,CALLE NUEVE ( EX RIO SANTA ) ESQUINA CON ALFREDO MENDIOLA,Los Olivos,1
147907965,los-olivos,1400.0,0.0,104.0,3,3,0,Urb Carlos Cueto Fernandini Etapa 2,Los Olivos,10
149412639,los-olivos,258650.0,0.0,89.0,3,1,0,Av. Los Alisos,Previ,10
149697000,los-olivos,281250.0,0.0,142.0,1,1,0,Calle las Violetas,Primavera,6
149760763,los-olivos,144800.0,0.0,77.0,2,2,0,Calle 48,Los Olivos,1
149263735,los-olivos,278000.0,130.0,65.0,3,1,0,Los Olivos,Los Olivos,1
146032115,los-olivos,310000.0,0.0,116.0,3,2,0,Jiron. Eleodoro Zevallos con avenida santa elvira.,Villa Sol Etapa Iii,1
63074723,los-olivos,323000.0,0.0,90.0,3,2,0,Los Olivos,Los Olivos,1
148907594,los-olivos,144800.0,0.0,77.0,2,2,0,Calle 48 N°180  Mz. Tt2 Lte. Sub 60-b,Los Olivos,1
144998187,los-olivos,270000.0,100.0,80.0,3,1,0,Urbanización trébol los Olivos,El Trébol,1
149642043,los-olivos,259000.0,0.0,64.0,2,1,0,Los Limoncillos,Los Olivos,1
149135489,los-olivos,201840.0,0.0,62.0,1,1,0,Confraternidad,Los Olivos,1
148882487,los-olivos,268000.0,0.0,97.0,3,1,0,Santo Tomás,Los Olivos,1
149363436,los-olivos,155000.0,0.0,65.0,2,1,0,Departamento LOS Olivos,Los Olivos,1
149668046,los-olivos,380000.0,0.0,85.0,3,2,0,Edificio Los Nogales de Los Olivos,Los Olivos,1
148862316,los-olivos,270000.0,0.0,90.0,3,2,0,2WWG+X64 Los Olivos,Los Olivos,1
149124527,los-olivos,324300.0,0.0,98.0,3,3,0,Los Olivos,Los Olivos,1
145080544,los-olivos,342000.0,0.0,68.0,3,1,0,Previ Naranjal,Los Olivos,1
146594013,los-olivos,179990.0,0.0,50.0,2,1,0,Huandoy con Marañón,Los Olivos,1
145909547,los-olivos,199000.0,0.0,61.0,2,1,0,Jiron. Eleodoro Zevallos 168 urb. villasol III etapa,Villa Sol Etapa Iii,1
148567824,los-olivos,184800.0,0.0,68.0,3,1,0,Calle Hungria  al 100,Los Olivos,1
149381958,los-olivos,258750.0,0.0,81.0,2,1,0,Av. los Próceres de Huandoy,Pro Etapa I,1
149473275,los-olivos,258750.0,0.0,53.0,1,1,0,La Caridad 528,Los Olivos,1
146570650,los-olivos,325920.0,0.0,95.0,3,2,0,Plaza vea Mayolo,Los Olivos,1
147463474,los-olivos,249043.0,0.0,89.0,3,1,0,"ALTURA 6 DE LA AVENIDA LOS ALISOS, URBANIZACION MICAELA BASTIDAS",Previ,1
144564060,los-olivos,358900.0,1.0,102.0,3,1,0,Jiron Libra,Los Olivos,1
148059780,los-olivos,233100.0,0.0,81.0,3,3,0,CALLE LOS OLIVOS,Los Jazmines De Naranjal,1
148988283,los-olivos,263800.0,0.0,81.0,3,1,0,Av Beta 2108,Los Olivos,1
148477874,los-olivos,366450.0,0.0,101.0,4,2,0,Calle 37 los olivos,EL TRÉBOL 3 Etapa,1
149685058,los-olivos,200000.0,15.0,75.0,2,2,0,M4 al 100,Puerta De Pro,1
149855944,los-olivos,208000.0,0.0,74.0,3,2,0,Avenida Alfredo Mendiola 6821,Los Olivos,1
148160262,los-olivos,253500.0,120.0,67.0,3,1,0,Av. Universitaria Norte,Villa Sol,1
149481767,magdalena-del-mar,613970.0,350.0,100.0,3,2,1,Av. Antonio Miró Quesada,Magdalena,1
149695843,magdalena-del-mar,566150.0,300.0,78.0,2,2,1,Jr. Sáenz Peña,Magdalena,1
148603258,magdalena-del-mar,1379148.0,500.0,163.0,3,3,2,Av. Juan de Aliaga 277,Magdalena,1
149664198,magdalena-del-mar,399500.0,200.0,79.0,3,2,0,Jr. Amazonas 521,Magdalena,1
148028479,magdalena-del-mar,600730.0,0.0,64.0,2,2,1,Av. Malecón Magdalena,Magdalena,1
149797647,magdalena-del-mar,680000.0,390.0,92.0,3,2,2,Jirón María Parado DE Bellido  1,San Felipe,1
149735029,magdalena-del-mar,574600.0,220.0,78.0,2,2,1,Av. Alberto del Campo 414 Magdalena,Magdalena,1
148917153,magdalena-del-mar,774450.0,300.0,81.0,3,2,1,Calle Francisco Graña 610,Magdalena,1
149716434,magdalena-del-mar,639000.0,350.0,95.0,3,3,1,Calle Baca Flor 146,Magdalena,1
149099774,magdalena-del-mar,1105500.0,375.0,177.0,3,3,2,Malecón Bernales,Magdalena,1
149634948,magdalena-del-mar,645000.0,370.0,80.0,3,2,1,Jr. Daniel Hernandez al 100,Magdalena,1
149539768,magdalena-del-mar,416500.0,0.0,72.0,3,3,1,JR Ayacucho 649,Magdalena,1
149684062,magdalena-del-mar,1156000.0,0.0,206.0,3,3,2,Alberto del Campo 4xx - Duplex con Terraza y Estacionamiento Doble,Magdalena,1
148186817,magdalena-del-mar,435100.0,1.0,56.0,2,2,0,FAUSTINO,Magdalena,1
149705306,magdalena-del-mar,390000.0,200.0,53.0,2,2,1,Jr. Tomas Ramsey 104,Magdalena,1
149567869,magdalena-del-mar,358280.0,250.0,68.0,3,2,0,Jr. Tacna,Udima,1
149777816,magdalena-del-mar,782000.0,400.0,152.0,3,2,1,Av. Juan de Aliaga  al 600,Orrantia Del Mar,1
148160538,magdalena-del-mar,560000.0,0.0,61.0,2,2,0,Torres Matos 141,Magdalena,1
149428572,magdalena-del-mar,1313500.0,540.0,150.0,3,2,2,Malecon Bernales 195,Magdalena,1
147304364,miraflores,703500.0,550.0,125.0,2,2,2,Berlin,Miraflores,1
149354150,miraflores,863100.0,220.0,105.0,2,3,1,Calle Los Capulies,Aurora,1
149608236,miraflores,1346360.0,0.0,155.0,3,2,1,Miraflores,Miraflores,1
149579622,miraflores,837900.0,0.0,81.0,2,2,0,Calle Porta,Miraflores,1
4596815,miraflores,469000.0,300.0,39.0,1,1,1,Av. José Pardo,Miraflores,1
149845223,miraflores,741300.0,420.0,86.0,2,2,2,Grimaldo del Solar al 550,Miraflores,1
149687917,miraflores,956000.0,0.0,121.0,3,2,1,Calle San Ignacio de Loyola,Miraflores,1
149343835,miraflores,1625000.0,1000.0,198.0,3,3,3,Departamento Completamente Remodelado en Mirasidro,Miraflores,1
149662576,miraflores,3285000.0,1400.0,257.0,3,3,3,lord cochrane 436 miraflores,Miraflores,1
148968391,miraflores,1921000.0,859.0,240.0,3,3,2,Malecón Cisneros,Miraflores,1
147548762,miraflores,1085000.0,0.0,236.0,5,5,2,"C. Teniente Coronel Gustavo Escudero Otero 266, Lima 15048",Miraflores,1
149258184,miraflores,1532287.0,0.0,187.0,3,2,2,"Tripoli, Miraflores",Miraflores,1
149800842,miraflores,918000.0,500.0,136.0,3,3,2,Prolongación Arenales 655,Miraflores,1
148749696,miraflores,668000.0,200.0,120.0,3,2,1,Jose Gonzales al 100,Miraflores,1
149791089,miraflores,1621500.0,1400.0,272.0,3,3,2,Calle Manco Cápac al 500,Miraflores,1
147271275,miraflores,730000.0,300.0,87.0,2,2,1,C. Cantuarias 355,Miraflores,1
149710849,miraflores,5075000.0,1600.0,312.0,3,3,3,MALECÓN DE LA RESERVA 421,Miraflores,1
148984203,miraflores,837500.0,550.0,110.0,2,2,1,Calle Ocharán 600,Miraflores,1
149540527,miraflores,578000.0,400.0,102.0,2,2,0,Larco al 600,Miraflores,1
149362652,miraflores,542000.0,0.0,60.0,2,2,1,"Av. Del Ejército al 700 | Estreno, Leed, 2 Dorm, Cochera, Cerca al Malecón",Miraflores,1
147134220,miraflores,765000.0,1.0,102.0,3,2,2,Av paseo de la republica,Miraflores,1
148678460,miraflores,808463.0,375.0,155.0,3,2,1,Avenida José Pardo 345,Miraflores,1
149519816,miraflores,1217000.0,716.0,208.0,3,2,2,Ernesto Diez Canseco,Miraflores,1
149493696,miraflores,431837.0,0.0,58.0,2,2,0,Pasaje Amelio Placencia al 100,Aurora,1
149276465,miraflores,574000.0,350.0,71.0,2,2,1,Av General Mendiburu,Miraflores,1
148960289,miraflores,873600.0,483.0,112.0,3,2,0,Av. Ricardo Palma 827,Miraflores,1
149257980,miraflores,335461.0,150.0,61.0,1,1,0,Calle Independencia,Miraflores,1
149751779,miraflores,1155000.0,750.0,190.0,2,3,2,Calle Almirante Lord Nelson 268,Miraflores,1
147788488,miraflores,880000.0,280.0,93.0,3,2,1,AV Santa Cruz 1460,Santa Cruz,1
148739925,miraflores,1231200.0,750.0,183.0,3,2,2,Calle Contralmirante Villar 384,Miraflores,1
149434659,miraflores,787500.0,400.0,140.0,3,3,1,Av. José Pardo 610,Miraflores,1
147855190,miraflores,662670.0,370.0,116.0,2,3,1,Av José Pardo 674,Miraflores,1
149905127,miraflores,821000.0,0.0,75.0,2,2,0,"Venta DE Departamento EN AV. Larco 791, Miraflores  al 791",Miraflores,1
149440234,miraflores,1292000.0,600.0,240.0,3,2,2,Av Roca y Boloña,Miraflores,1
147666817,miraflores,1115000.0,0.0,92.0,3,2,0,AVENIDA LARCO,Miraflores,1
143026485,miraflores,1537500.0,600.0,256.0,3,2,2,Independencia,Miraflores,1
149716456,miraflores,822500.0,575.0,121.0,3,2,1,Domingo Elías al 200,Miraflores,1
149511808,miraflores,787050.0,0.0,88.0,2,2,0,Av. Arequipa,Miraflores,1
149785682,miraflores,990000.0,600.0,133.0,3,2,0,Avenida General Mendiburu al 500,Miraflores,1
149606282,miraflores,623800.0,250.0,79.0,2,2,0,Avenida 28 de Julio,Armendariz,1
147697770,miraflores,1306500.0,500.0,152.0,3,2,0,AURORA MIRAFLORES,Aurora,1
148958122,miraflores,500000.0,300.0,76.0,2,1,1,Calle Salaverry,Miraflores,1
149672880,miraflores,1155600.0,650.0,165.0,3,3,1,Calle Bolognesi,Miraflores,1
147453474,miraflores,545000.0,0.0,65.0,2,2,0,Av. República De Panamá,Miraflores,1
142916567,miraflores,1032000.0,0.0,151.0,3,2,1,Calle Mariscal Sucre 321,Miraflores,1
147231838,miraflores,4485600.0,0.0,329.0,3,3,2,Malecon 28 de Julio,Miraflores,1
149052108,miraflores,653250.0,0.0,121.0,2,2,1,"Avenida Tomás Marsano, Miraflores.",Miraflores,1
149697117,miraflores,546960.0,300.0,73.0,2,1,0,"Avenida Gral Montagne, Miraflores",Miraflores,1
148250682,miraflores,1358000.0,700.0,155.0,3,3,0,Malecon de la Marina,Miraflores,10
148950990,miraflores,860274.0,450.0,148.0,3,2,1,Avenida Reducto 1580,Miraflores,10
148239521,miraflores,1577743.0,0.0,227.0,3,3,0,"Calle Chiclayo 346, Miraflores",Miraflores,10
148733957,miraflores,904165.0,0.0,157.0,3,2,1,Avenida Jose Pardo al 1100,Miraflores,1
147525882,miraflores,695652.0,0.0,76.0,2,2,1,C. Berlín 351 al 300,Miraflores,1
149802065,miraflores,1072000.0,450.0,161.0,3,3,2,Miraflores,Miraflores,1
149777729,miraflores,778000.0,500.0,107.0,3,2,1,"Oswaldo Hercelles Cdra 1, Límite con Aurora - Miraflroes",Barrio Medico,1
149577977,miraflores,706800.0,350.0,101.0,3,2,1,Berlin al 500,Miraflores,1
149809399,miraflores,2035000.0,810.0,190.0,3,2,2,Malecon de la Marina,Miraflores,1
149640154,miraflores,846800.0,320.0,150.0,3,2,0,Armendáriz,Armendariz,1
149452625,miraflores,782043.0,350.0,90.0,2,2,1,Av Jose Pardo 570,Miraflores,1
149431141,miraflores,1507500.0,0.0,175.0,3,3,2,"Avenida Jose Pardo 1, Piso 3, Miraflores",Santa Cruz,1
144022003,miraflores,1224000.0,990.0,184.0,3,3,2,"Av Mariscal Sucre 4XX, Miraflores",Santa Cruz,1
149400385,miraflores,670000.0,360.0,110.0,3,3,1,Avenida Reducto,Miraflores,1
146905624,miraflores,1500000.0,600.0,190.0,3,3,2,CALLE TRIPOLI 255,Malecón Cisneros,1
149860518,miraflores,905397.0,300.0,92.0,3,2,0,Av. Jose Pardo  1453,Miraflores,1
149261517,miraflores,735640.0,500.0,106.0,3,2,2,Avenida Paseo de la República al 6200,San Antonio,1
149239769,miraflores,436000.0,100.0,88.0,3,2,0,Calle General Suarez  al 1100,Miraflores,1
147671640,miraflores,3024000.0,1500.0,261.0,4,4,2,Avenida Angamos,Miraflores,1
149743481,miraflores,908700.0,580.0,120.0,3,3,2,Calle Piura 11,Miraflores,1
90644136,miraflores,743000.0,400.0,59.0,1,2,0,Larco,Miraflores,1
148623645,miraflores,1152600.0,850.0,146.0,3,2,2,El Rosario,Miraflores,1
148489089,miraflores,653790.0,340.0,90.0,3,3,1,General Vidal,Miraflores,1
147788146,miraflores,693750.0,350.0,95.0,3,2,1,Av. Arequipa 4940,Miraflores,1
146517852,miraflores,403200.0,550.0,116.0,2,2,2,Gonzáles Prada,Miraflores,1
149408793,miraflores,846600.0,0.0,95.0,2,2,1,Diego Ferré al 300,Miraflores,1
148711313,miraflores,2747000.0,0.0,286.0,3,4,3,"Malecón Pedro de Osma 1, Piso 3, Barranco",Malecon Reserva,1
148896187,miraflores,1507500.0,600.0,291.0,3,3,2,Por Parque Tradiciones y Reducto 2 | Pent-house 3 Dorm-2 Estac-terraza-jacuzzi,San Antonio,1
147154457,miraflores,2287180.0,1381.0,176.0,3,2,2,malecon balta,Jose Balta,1
148558863,miraflores,1906150.0,0.0,359.0,4,3,2,C. Manuel Tovar,Miraflores,1
148816457,miraflores,4857500.0,1800.0,545.0,5,5,3,Malecón Cisneros,Miraflores,10
148900423,miraflores,1222415.0,0.0,305.0,3,4,1,Jose Gonzales 787 al 700,Miraflores,10
149447231,miraflores,617550.0,0.0,92.0,2,3,1,"Calle Acacias - 2 Dormitorios, 01 Cochera y Gran Balcon",Miraflores,10
149444044,miraflores,994160.0,0.0,111.0,3,2,2,Cerca a Larcomar y Malecón - Balcon - Frente 2do Piso.  2dorm 2 Baños 2 Cocheras,Miraflores,1
149862934,miraflores,424000.0,0.0,41.0,1,1,0,Av. Paseo de la República  a 1 Cuadra de Av. Reducto y Cerca a Parque,Miraflores,1
149688282,miraflores,765600.0,400.0,125.0,3,2,1,Calle Alcanfores,Miraflores,1
149803223,miraflores,1122000.0,0.0,83.0,2,2,2,"Calle Bajada Balta 1, Departamento 13, Miraflores (cerca al Parke Kennedy, Frente Wong Balta)",Miraflores,1
148699132,miraflores,2780500.0,1365000.0,428.0,3,2,2,Malecón Cisneros,Miraflores,1
149446597,miraflores,1794000.0,694.0,200.0,3,2,2,Malecón Cisneros 238,Miraflores,1
149283392,miraflores,752400.0,900.0,123.0,2,2,2,Av. Grau al 600 -  2 Dormitorios - 2 Cocheras - 1 Deposito,Miraflores,1
145935601,miraflores,1162500.0,200.0,210.0,4,3,1,PLACENCIA,El Rosal,1
149833105,miraflores,1500750.0,700.0,156.0,3,4,1,Malecon de la Marina,Miraflores,1
148612399,miraflores,647500.0,0.0,85.0,3,2,1,C. Colón 132,Miraflores,1
148729336,miraflores,653000.0,600.0,94.0,1,1,1,Pedro Martinto Cerca al Malecón Paul Harris,Miraflores,1
149524339,miraflores,1435000.0,0.0,212.0,3,2,1,Francisco del Castillo 221,San Antonio,1
143350101,miraflores,1087790.0,550.0,125.0,2,3,2,Grimaldo del Solar,Leuro,1
147237204,miraflores,1573410.0,0.0,158.0,3,2,1,AVENIDA DE LA AVIACION 565,Miraflores,1
149604106,miraflores,850000.0,0.0,104.0,1,2,1,Prolongación Arenales Cdra 8 - Moderno Flat Amoblado,Santa Cruz,1
149341915,miraflores,545000.0,250.0,78.0,1,2,0,Calle Vidal  - Dpto Ss04,Miraflores,1
149728259,miraflores,595000.0,300.0,85.0,2,2,0,Av. Alfredo Benavides 840,Miraflores,1
148078226,miraflores,884564.0,420.0,105.0,3,2,1,Av. Roca y Boloña  al  3xx- Dpto 301 - No Paga Alcabala,Aurora,1
149412559,miraflores,642600.0,400.0,62.0,1,1,1,Av. José Pardo 1055,Miraflores,1
149797734,miraflores,650000.0,480.0,121.0,3,4,1,Calle Tripoli,Miraflores,1
4286342,miraflores,1864500.0,0.0,197.0,3,3,2,Av. Ernesto Montagne 100,Aurora,1
149869196,miraflores,1850700.0,900.0,155.0,3,3,2,Av. Malecón de La Marina 400 - Dpto 702,Miraflores,1
4412841,miraflores,2170800.0,1200.0,303.0,4,4,2,Parque Villena,Santa Cruz,1
149847391,miraflores,1584400.0,700.0,155.0,3,3,0,Malecon de la Marina,Miraflores,1
148868963,miraflores,2110500.0,1200.0,236.0,3,4,3,Malecón Cisneros,Miraflores,1
149177715,miraflores,619700.0,300.0,80.0,2,2,2,Av. Grau Cdra1 - 2 Dormitorios y 2 Estacionamientos  80.5m2 Venta Cerca al P. Kennedy,Miraflores,1
149471084,miraflores,763800.0,403.0,123.0,3,3,1,Avenida la Paz 675,Miraflores,1
149193079,miraflores,1410000.0,850.0,225.0,3,3,2,Avenida Paseo de la República 6255,Miraflores,10
149862954,miraflores,2001000.0,0.0,241.0,4,3,2,Calle Juan José Calle,Aurora,10
149688176,miraflores,935000.0,350.0,121.0,3,4,1,Calle San Ignacio de Loyola 561,Miraflores,10
147275285,miraflores,880600.0,0.0,111.0,3,2,2,Coronel Luis Arias Schreiber 230,Miraflores,1
149167564,miraflores,619000.0,400.0,70.0,2,2,1,manuel tovar 340,Miraflores,1
149524115,miraflores,878500.0,0.0,110.0,2,2,1,Francisco del Castillo 221,San Antonio,1
149097945,miraflores,1066400.0,750.0,172.0,4,3,2,Calle Coronel Inclán,Miraflores,1
149278389,miraflores,2086200.0,1000.0,204.0,3,3,2,Calle Parque Armendáriz,Miraflores,1
149847218,miraflores,1095000.0,950.0,203.0,3,2,2,Calle Comandante Donovan,Malecon Reserva,1
149506232,miraflores,1428000.0,0.0,237.0,3,3,2,Calle  General Mendiburu  585,Miraflores,1
149494631,miraflores,714000.0,350.0,98.0,2,2,1,"Av. Pardo al 1200, Venta Departamento en Miraflores 98 m², 02 Dormitorios, Balcón con Vista al Mar, Cochera y Depósito",Miraflores,1
147788508,miraflores,1668750.0,800.0,205.0,3,3,2,Malecon Cisneros,Jose Balta,1
149750554,miraflores,864500.0,0.0,127.0,3,3,2,Av. Manuel Villarán 198,Aurora,1
148436300,miraflores,718000.0,450.0,92.0,2,2,1,Avenida Reducto 851,San Antonio,1
149905128,miraflores,930000.0,0.0,90.0,3,2,0,"Larco, Miraflores  al 791",Miraflores,1
146816932,miraflores,591500.0,550.0,95.0,2,2,1,Calle Ocharán,Miraflores,1
148646076,miraflores,998000.0,550.0,125.0,2,2,2,Calle Alcanfores 920,Miraflores,1
149156686,miraflores,570860.0,200.0,76.0,1,1,1,Avenida La Paz 528,Leuro,1
149832891,miraflores,1693950.0,700.0,156.0,3,3,2,Malecon de la Marina,Miraflores,1
149474239,miraflores,520000.0,300.0,66.0,1,2,0,Calle Vidal 140 - Dpto 1104,Miraflores,1
149459965,miraflores,655155.0,0.0,93.0,3,2,0,Calle Bajada Balta  al 100,Miraflores,1
149534120,miraflores,465681.0,225.0,40.0,1,1,0,Av. Paseo de la República Paralela con Av. Reducto,Miraflores,1
149049746,miraflores,1330000.0,0.0,134.0,2,2,2,C. Roma 314,Miraflores,1
147364438,miraflores,783000.0,600.0,140.0,3,2,1,Bolivar,Miraflores,1
149661598,miraflores,427000.0,290.0,61.0,1,1,1,Avenida Reducto 14,San Antonio,1
149444402,miraflores,1680000.0,1450.0,208.0,3,2,2,Leonidas Avendaño Cdra 1 - Cerca a Parque Meliton Porras,Miraflores,1
149110408,miraflores,956300.0,900.0,96.0,2,2,2,Calle Francia 834,Miraflores,1
147855273,miraflores,630000.0,0.0,65.0,1,2,0,Av Malecon de la Marina Miraflores,Miraflores,1
149545759,miraflores,973520.0,677.0,120.0,2,2,2,Vía Expresa Luis Bedoya Reyes 6171,Miraflores,1
149204371,miraflores,530100.0,0.0,102.0,2,2,0,AV. Diaz Canseco  al 500,Miraflores,10
147698723,miraflores,2805600.0,1361.0,288.0,4,3,4,Calle San Ignacio de Loyola,Miraflores,10
149870194,miraflores,1149200.0,0.0,185.0,2,3,1,Calle General Iglesias  715,Miraflores,10
149608547,miraflores,614000.0,0.0,65.0,2,2,1,A Pasos del Club  Las Terrazas y Av. Larco,Miraflores,1
149904045,miraflores,1122000.0,0.0,125.0,2,2,2,Calle Jorge Vanderghen 438,Santa Cruz,1
149688147,miraflores,759330.0,460.0,98.0,2,2,1,Avenida Mariscal La Mar al 800,Miraflores,1
149379997,miraflores,1650000.0,850.0,203.0,3,2,2,Malecón Cisneros,Miraflores,1
149866615,miraflores,1696600.0,0.0,400.0,3,3,2,Calle Manuel de Freyre Santander  al 100,Miraflores,1
149273640,miraflores,3071250.0,1650.0,432.0,4,5,2,Jose Gonzales  al 600,Miraflores,1
149505029,miraflores,499000.0,0.0,71.0,3,2,0,Avenida Tomas Marsano al 2200,Miraflores,1
149470827,miraflores,1002700.0,0.0,121.0,3,4,0,Calle San Ignacio de Loyola,Miraflores,1
148545597,miraflores,1065000.0,0.0,162.0,4,3,2,Av Roca Y Boloña 606,Miraflores,1
149355392,miraflores,2147200.0,1300.0,215.0,3,3,2,Calle Mariscal Sucre 343,Miraflores,1
146059313,miraflores,820000.0,350.0,76.0,2,2,1,"Av. Santa Cruz 15XX, Miraflores",Santa Cruz,1
149473042,miraflores,515431.0,0.0,50.0,1,1,0,Avenida Jose Pardo  al 1000,Miraflores,1
149346478,miraflores,4550000.0,0.0,361.0,4,4,2,Malecón Cisneros,Malecón Cisneros,1
144907449,miraflores,626450.0,300.0,90.0,2,2,1,Calle Chiclayo,Miraflores,1
149234827,miraflores,787250.0,560.0,126.0,2,3,1,Av. Arequipa,Miraflores,1
149826942,miraflores,1543500.0,450.0,188.0,3,3,2,Calle Independencia Cuadra 12 Primer Piso,Miraflores,1
149507282,miraflores,999460.0,0.0,132.0,2,2,2,Jose Gonzales al 400,Miraflores,1
145855340,miraflores,1032300.0,650.0,168.0,3,3,2,calle Jose Roman,Aurora,1
146913431,miraflores,2765000.0,0.0,534.0,5,5,2,Santa Ana,Malecon Armendariz,1
149217783,miraflores,2278000.0,1500.0,212.0,3,4,2,El Rosario,Santa Cruz,1
149234243,miraflores,1418600.0,700.0,381.0,3,3,1,Avenida Manuel Villarán 387,Aurora,1
147353584,miraflores,2108000.0,850.0,193.0,3,2,2,Malecon Cisneros,Malecón Cisneros,1
149775870,miraflores,1245600.0,950.0,184.0,2,3,2,Calle Mariscal Sucre 430,Santa Cruz,1
149341738,miraflores,999000.0,0.0,131.0,2,1,0,Calle  José Domingo Choquehuanca  al 165,Miraflores,1
142990768,miraflores,3740800.0,2800.0,515.0,3,4,2,MALECON DE LA MARINA,Malecon Marina,1
149085521,miraflores,1883618.0,0.0,295.0,5,5,2,Malecón 28 de Julio,Miraflores,10
149897802,miraflores,1138400.0,0.0,166.0,3,2,0,Vista al Mar - Restaurante - Sede Miraflores,Miraflores,10
149794141,miraflores,923400.0,320.0,200.0,2,1,0,Avenida José Pardo 1078,Miraflores,10
149225256,miraflores,1197000.0,600.0,150.0,2,2,3,José Del Llano Zapata,Miraflores,1
148487895,miraflores,1474000.0,900.0,164.0,2,3,2,"Calle Francia, Miraflores.  Muy Cerca al Faro de Miraflores.",Miraflores,1
148547636,miraflores,752500.0,0.0,76.0,3,2,2,Ca. San Martín 836,Miraflores,1
149868587,miraflores,2242500.0,1600.0,350.0,3,4,2,Calle Manuel Tovar,Miraflores,1
148860633,miraflores,663250.0,550.0,75.0,2,2,0,Av. La Mar 326 - Dpto 710,Miraflores,1
149469022,miraflores,939600.0,900.0,96.0,2,2,2,Calle Francia - A UNA Cuadra DEL Malecon Cisneros - Cochera Doble Y Deposito,Jose Balta,1
148881890,miraflores,628250.0,350.0,81.0,2,2,1,Calle Vidal 140 - Dpto Ss03,Miraflores,1
149682944,miraflores,950000.0,0.0,219.0,3,3,1,Avenida Benavides al 200,Miraflores,1
4592814,miraflores,2325000.0,850.0,244.0,3,3,0,Calle Italia,Miraflores,1
148610224,miraflores,1601300.0,0.0,198.0,3,3,3,Av. Angamos Oeste,Miraflores,1
149554217,miraflores,1118600.0,783.0,123.0,2,2,1,Av. Santa Cruz al 1000,Miraflores,1
148082150,miraflores,1995000.0,0.0,326.0,4,4,2,C. Miguel Aljovin 238,San Antonio,1
146884285,miraflores,720000.0,400.0,93.0,2,2,1,Independencia,Miraflores,1
149103745,miraflores,430000.0,200.0,41.0,1,1,0,Avenida Reducto,Miraflores,1
146281815,miraflores,3173400.0,0.0,250.0,3,3,2,Ignacio Merino,Miraflores,1
149908092,miraflores,663000.0,0.0,91.0,2,2,1,Calle Independencia  424,Miraflores,1
149341152,miraflores,1068750.0,0.0,136.0,3,2,0,Calle Jose Domingo Choquehuanca al 165,Miraflores,1
149327324,miraflores,2380000.0,1200.0,144.0,2,2,2,rosario 137,Miraflores,1
143554697,miraflores,3432750.0,1000.0,300.0,4,4,3,Triana 2xx,Miraflores,1
149473370,miraflores,1571500.0,0.0,181.0,3,4,3,José Del Llano Zapata 340 181.90m2 con 03 Cocheras y 03 Dormitorios,Miraflores,1
148144312,miraflores,1431500.0,700.0,135.0,3,2,1,AV. DE LA AVIACION N°565,Miraflores,1
148144627,miraflores,980000.0,650.0,80.0,2,2,1,AV. DE LA AVIACION N°565,Miraflores,1
147674303,miraflores,989801.0,0.0,170.0,3,2,1,"Ca. José Gonzales 463, Miraflores  al 15000",Miraflores,1
149503703,miraflores,733376.0,0.0,84.0,2,2,0,Avenida Del Ejército  al 1100,Miraflores,1
149571055,miraflores,1077150.0,450.0,111.0,2,2,2,Calle Jose Felix Olcay,Miraflores,1
148615343,miraflores,1715000.0,0.0,426.0,4,3,3,Av. 28 de Julio 611,Miraflores,1
148959922,miraflores,718000.0,580.0,91.0,2,2,1,Av de la Aviación al 100,Miraflores,1
149524166,miraflores,822500.0,0.0,111.0,2,2,1,Francisco del Castillo 221,San Antonio,10
149779153,miraflores,2128500.0,600.0,255.0,4,5,2,Chiclayo  al 1100,Miraflores,10
148807192,miraflores,859350.0,420.0,129.0,2,3,2,Calle Coronel Inclán,Miraflores,10
149446139,miraflores,572500.0,420.0,61.0,1,1,1,Calle Grimaldo del Solar,Leuro,1
149903108,miraflores,498872.0,0.0,78.0,2,1,1,Calle Enrique Palacios 291,Miraflores,1
149693716,miraflores,805000.0,180.0,217.0,3,3,2,General Silva 130,Aurora,1
148149363,miraflores,737750.0,390.0,78.0,2,2,1,Calle San Martin 836,Miraflores,1
148742535,miraflores,635000.0,180.0,107.0,3,2,0,Calle Gonzales Vigil 131,Miraflores,1
148221186,miraflores,1485000.0,875.0,225.0,3,3,2,Calle San Fernando 421,Miraflores,1
149275929,miraflores,670100.0,380.0,90.0,3,2,1,Calle Contralmirante Villar 730 Miraflores,Miraflores,1
149871049,miraflores,1914000.0,0.0,264.0,3,3,2,Tupac Amaru,Miraflores,1
149701581,miraflores,1631000.0,0.0,155.0,3,3,0,Malecon de la Marina,Miraflores,1
148040705,miraflores,1388000.0,700.0,146.0,3,2,2,"Calle Independencia, Miraflores",Miraflores,1
149574964,miraflores,1080000.0,550.0,162.0,3,2,2,Calle José Gabriel Chariarse 400,San Antonio,1
149581745,miraflores,1518000.0,1000.0,204.0,3,3,3,Calle Alfredo Salazar,Miraflores,1
149718000,miraflores,752000.0,450.0,130.0,2,2,1,Calle Enrique Palacios 600,Miraflores,1
148659359,miraflores,873600.0,550.0,136.0,3,2,1,Almirante Lord Nelson 320,Miraflores,1
148534056,miraflores,1100000.0,800.0,121.0,3,2,1,bolognesi,Bolognesi,1
4194637,miraflores,1786100.0,1000.0,360.0,3,3,2,MALECÓN 28 DE JULIO,Miraflores,1
148777320,miraflores,850000.0,550.0,101.0,3,2,1,Av. Arequipa 5100,Miraflores,1
147580231,miraflores,850000.0,450.0,129.0,2,3,2,Coronel Inclán,Miraflores,1
4004438,miraflores,4420000.0,1800.0,361.0,4,5,2,Malecón Cisneros 7xx,Miraflores,1
145641401,miraflores,424253.0,200.0,42.0,1,1,0,Av. Paseo de la República 5,Miraflores,1
149356111,miraflores,884000.0,470.0,102.0,3,2,2,Avenida José Pardo 510,Miraflores,1
149237061,miraflores,1735000.0,850.0,218.0,3,3,3,Sargento William Arias Robles Cdra 1 Piso 2,Aurora,1
146138550,miraflores,718000.0,200.0,88.0,3,2,1,Av Casimiro Ulloa al 400,Miraflores,1
149566906,miraflores,1526000.0,700.0,207.0,3,2,1,Malecón de la Reserva 575,Miraflores,1
149177671,miraflores,1690000.0,0.0,211.0,3,3,3,Calle José Sabogal,Aurora,1
146836552,miraflores,678000.0,350.0,62.0,2,2,1,Avenida Paseo de la República 6200,Miraflores,1
149421117,miraflores,1032500.0,625.0,84.0,4,3,2,Calle Madrid,Miraflores,1
149541857,miraflores,985000.0,692.0,145.0,3,3,2,Calle Francisco de Paula Ugarriza 271,San Antonio,10
147364492,miraflores,707000.0,0.0,83.0,3,2,0,AV EJERCITO,Miraflores,10
149759070,miraflores,654500.0,275.0,68.0,2,2,1,Calle Grimaldo del Solar,Leuro,10
148800363,miraflores,1050000.0,0.0,136.0,2,3,1,Calle José Gonzáles 640,Miraflores,1
149578056,miraflores,459000.0,220.0,60.0,1,1,1,Av. José Pardo,Miraflores,1
144637104,miraflores,901000.0,500.0,125.0,3,2,2,Napanga,Miraflores,1
149850012,miraflores,767566.0,0.0,87.0,3,2,0,"Miraflores Limite Barranco, Piso 6, Vista Calle, Estreno",Miraflores,1
149057528,miraflores,1251200.0,550.0,121.0,3,3,2,Calle José Gonzáles 626,Miraflores,1
148206054,miraflores,1988000.0,900.0,296.0,3,3,2,"Calle Toribio Pacheco, Miraflores",Miraflores,1
149190102,miraflores,1120000.0,340.0,132.0,3,3,0,Calle Julián Arias Aragüez 425,San Antonio,1
149634305,miraflores,336600.0,150.0,60.0,1,1,0,Calle Independencia - Miraflores al 200,Miraflores,1
145910522,miraflores,843200.0,0.0,87.0,3,2,1,La Mar 1050 Miraflores,Miraflores,1
149796194,miraflores,958365.0,480.0,118.0,3,2,1,Av. General Mendiburu,Miraflores,1
149542370,miraflores,2460100.0,1000.0,266.0,3,3,3,La Paz,Miraflores,1
148756251,miraflores,748000.0,240.0,86.0,2,2,1,Av Grau 240,Miraflores,1
149338631,miraflores,728887.0,0.0,50.0,2,2,1,Miraflores,Miraflores,1
145288060,miraflores,730000.0,500.0,135.0,3,3,2,lAS VIÑAS 280,Aurora,1
149909702,miraflores,600000.0,300.0,61.0,2,2,0,Miraflores,Miraflores,1
149705055,miraflores,1275000.0,800.0,136.0,4,3,1,Avenida General Córdova 215,Miraflores,1
149868413,miraflores,581500.0,280.0,62.0,2,2,1,Av. Alfredo Benavides,Miraflores,1
149774030,miraflores,1241000.0,450.0,236.0,4,2,2,Av. Jorge Chávez - Miraflores,Miraflores,1
149014352,miraflores,3350000.0,0.0,482.0,3,6,0,Armendariz,Miraflores,1
149561378,miraflores,2242500.0,1800.0,362.0,4,4,3,San Andrés 109,Miraflores,1
149260406,miraflores,1207500.0,0.0,161.0,3,4,2,Av. 28 de Julio,Miraflores,1
145916611,miraflores,1072000.0,700.0,154.0,3,2,2,Calle independencia 1120,Miraflores,1
90530739,miraflores,1020000.0,800.0,144.0,2,3,2,LORD NELSON 300,Miraflores,1
90585987,miraflores,4623000.0,1965.0,545.0,5,5,3,Malecón Cisneros 740,Miraflores,1
149764976,miraflores,1190000.0,420.0,205.0,4,3,2,Calle San Martín,Miraflores,1
148945127,miraflores,724600.0,200.0,120.0,4,3,1,Calle Roma 148 Miraflores,Miraflores,1
149870233,miraflores,1470000.0,700.0,180.0,3,3,3,Malecón Balta 790,Miraflores,1
149793733,pueblo-libre,375000.0,0.0,79.0,1,2,1,Jirón Torres Malarín Cuadra 5,Pueblo Libre,1
149562770,pueblo-libre,409500.0,0.0,58.0,2,2,0,Jiron Clovis,Pueblo Libre,1
149177032,pueblo-libre,505163.0,0.0,100.0,3,2,1,Calle Olavegoya  al 100,Pueblo Libre,1
147260186,pueblo-libre,520000.0,300.0,85.0,3,2,0,Parque Enrique Leon Garcia,Pueblo Libre,1
149517795,pueblo-libre,487000.0,270.0,77.0,3,2,1,Av. Brasil 1636,Pueblo Libre,1
147947180,pueblo-libre,484900.0,350.0,68.0,3,1,0,Av. Del Río 257 - Dpto 303,Pueblo Libre,1
146508356,pueblo-libre,429000.0,0.0,72.0,3,2,0,Avenida Sevilla  Pueblo Libre,San Martin,1
143503485,pueblo-libre,506000.0,20.0,100.0,3,2,0,AV.UNIVERSITARIA CERCA U.CATÓLICA Y UNMSM 1ER.PISO 100M2 3DORM. PATIO,Los Jardines De La Catolica,1
149700586,pueblo-libre,383000.0,0.0,56.0,2,2,0,Calle Santa Fe  al 100,Pueblo Libre,1
149620795,pueblo-libre,512500.0,0.0,107.0,3,2,0,JIRON AGUSTIN LANGUE,Pueblo Libre,1
149471372,pueblo-libre,490000.0,250.0,95.0,3,2,0,Abraham Valdelomar,Pueblo Libre,1
146720680,pueblo-libre,465000.0,280.0,83.0,2,2,1,Av. Brasil 1238,Pueblo Libre,1
148537085,pueblo-libre,370000.0,0.0,76.0,3,3,0,AV Colonial  al 2700,Pueblo Libre,1
149644737,pueblo-libre,492250.0,0.0,73.0,3,2,1,Avenida Bolivar  al 1000,Pueblo Libre,1
148968390,pueblo-libre,259900.0,250.0,34.0,1,1,0,Av. Del Río 257 - Dpto 1403,Pueblo Libre,1
149765715,pueblo-libre,345000.0,0.0,56.0,2,2,1,Jirón Torres Malarín Cuadra 5,Pueblo Libre,1
149506663,pueblo-libre,471463.0,0.0,88.0,3,2,0,RIO Moche Cuadra 2,Pueblo Libre,1
147942204,pueblo-libre,368500.0,0.0,97.0,3,2,0,Avenida Mariano H Cornejo  al 1200,Pueblo Libre,1
148744574,pueblo-libre,349900.0,290.0,50.0,2,2,0,Av. Del Río 257 - Dpto. 1102,Pueblo Libre,1
148684214,pueblo-libre,645500.0,350.0,165.0,3,3,1,Av. del Río,Pueblo Libre,1
149752360,pueblo-libre,442000.0,200.0,85.0,3,2,0,Simón Bolivar  al 400,Pueblo Libre,1
148526443,pueblo-libre,425000.0,350.0,88.0,3,2,0,Calle de Noguera 133,Pueblo Libre,1
65581503,pueblo-libre,327500.0,150.0,50.0,1,1,1,Av. Mariano Cornejo,El Carmen,1
149251930,pueblo-libre,294100.0,150.0,50.0,1,1,0,Avenida Mariano H. Cornejo,Pueblo Libre,10
63052254,pueblo-libre,420000.0,130.0,92.0,2,1,1,Jr. José Ramón Pizarro,Pueblo Libre,8
149831499,pueblo-libre,450000.0,0.0,70.0,3,2,0,Jr. José Manuel Ugarteche,Pueblo Libre,10
149325370,pueblo-libre,638250.0,100.0,175.0,4,3,0,Eleazar blanco 300,La Mar,1
144382572,pueblo-libre,424736.0,0.0,66.0,2,2,1,pueblo libre,Isla Verde,1
149156101,pueblo-libre,489000.0,0.0,78.0,3,2,0,Av Rio Grande  al 2xx,Pueblo Libre,1
149365001,pueblo-libre,479000.0,250.0,78.0,3,2,1,Av. Simón Bolívar 528,Pueblo Libre,1
149044577,pueblo-libre,638000.0,0.0,108.0,3,2,1,Santiago Rossel - Venta Duplex Pueblo Libre Estreno,Pueblo Libre,1
148938558,pueblo-libre,671220.0,220.0,104.0,3,2,1,Parque San Martín,San Bernardo,1
149335800,pueblo-libre,600000.0,280.0,105.0,3,2,1,Eleazar Blanco 209,Pueblo Libre,1
147542220,pueblo-libre,608700.0,490.0,120.0,3,3,1,Mariano Cornejo 1430 Urb Dpt 1902,Pueblo Libre,1
148286216,pueblo-libre,450000.0,360.0,77.0,3,2,1,Cipriano Dulanto 1358,Pueblo Libre,1
149638162,pueblo-libre,376200.0,0.0,79.0,3,1,0,Sta. Lucia 171,Pueblo Libre,1
148072907,pueblo-libre,508200.0,200.0,76.0,3,2,0,AV BRASIL,Pueblo Libre,1
149574856,pueblo-libre,591500.0,150.0,94.0,3,2,1,Jirón Victor Pantoja Castillo,San Martin,1
149251256,pueblo-libre,300000.0,220.0,49.0,2,1,0,Av. la Marina 440,Pueblo Libre,1
143667646,pueblo-libre,489600.0,150.0,87.0,3,2,1,Mariano Cornejo,Pueblo Libre,1
149293586,pueblo-libre,500200.0,0.0,86.0,3,2,0,Avenida Mariano H. Cornejo,Pueblo Libre,1
149430449,pueblo-libre,884940.0,0.0,184.0,4,3,0,Morelos 256,Pueblo Libre,1
148626700,pueblo-libre,544900.0,330.0,97.0,3,2,1,Jiron Jose Gregorio Paredes 273,Pueblo Libre,1
149145306,pueblo-libre,473000.0,300.0,88.0,3,2,1,Av. Brasil 1636,Pueblo Libre,1
149038916,pueblo-libre,630289.0,0.0,74.0,3,2,0,Jirón Rio de Janeiro,Pueblo Libre,1
149794135,pueblo-libre,295000.0,0.0,48.0,1,1,0,Av. Pedro Torres Malarin Cuadra 5,Pueblo Libre,1
149224696,pueblo-libre,390100.0,0.0,56.0,2,2,1,Avenida Simon Bolivar al 1000,Pueblo Libre,1
148086466,pueblo-libre,656750.0,145.0,132.0,3,1,1,Calle los Cabo Nicolas Gutarra,Pueblo Libre,1
147791681,pueblo-libre,459000.0,0.0,74.0,3,2,1,Aragon 375,Pueblo Libre,1
149496658,pueblo-libre,490000.0,270.0,77.0,3,2,1,Av. Brasil  1636,Pueblo Libre,1
148946514,pueblo-libre,680000.0,0.0,104.0,3,2,1,Parque San Martin  al 300,Pueblo Libre,1
148460604,pueblo-libre,313500.0,1.0,70.0,2,1,0,Calle Parque Ruiz Olivier Número 30 Interior 7,Circolo,1
146514676,pueblo-libre,450000.0,280.0,65.0,2,2,0,calle clovis 678,Pueblo Libre,1
148526326,pueblo-libre,455400.0,220.0,85.0,3,2,1,416 Av. Simón Bolívar,Isla Verde,10
149574968,pueblo-libre,542335.0,0.0,87.0,3,3,0,Av Del Rio  al 300,Pueblo Libre,10
147787818,pueblo-libre,384000.0,180.0,72.0,2,2,0,Paso de los Andes 1172,Pueblo Libre,10
147678692,pueblo-libre,530000.0,250.0,79.0,3,2,0,Calle Rio Huaura  361 Pueblo Libre,Pueblo Libre,1
4327519,pueblo-libre,440960.0,280.0,82.0,2,1,1,Calle Manuel Seoane,Pueblo Libre,1
148086599,pueblo-libre,451000.0,0.0,112.0,3,3,0,Avenida Vivanco,Villa Militar Pueblo Libre,1
149273566,pueblo-libre,570000.0,0.0,78.0,3,2,1,Jr. Río Huaura – Pueblo Libre,Pueblo Libre,1
148634184,pueblo-libre,405000.0,0.0,75.0,3,2,1,"Avenida Sucre, Pueblo Libre",Pueblo Libre,1
147980821,pueblo-libre,770000.0,350.0,100.0,3,2,1,Cadiz  al 400,Pueblo Libre,1
149041767,pueblo-libre,524000.0,0.0,69.0,3,2,0,Departamento de 3 Dormitorios en Pueblo Libre Cerca a Av. Brasil,Pueblo Libre,1
149225190,pueblo-libre,325688.0,0.0,45.0,1,1,0,Avenida Bolivar al 1000,Pueblo Libre,1
149800998,pueblo-libre,840000.0,350.0,133.0,3,2,1,Calle Río Moche,Pueblo Libre,1
148293233,pueblo-libre,578800.0,0.0,90.0,3,2,0,Av Antonio José de Sucre 1301,Pueblo Libre,1
148978008,pueblo-libre,420200.0,0.0,58.0,2,2,1,Jr. Clovis al 600,Pueblo Libre,1
147856770,pueblo-libre,990000.0,0.0,150.0,3,3,1,Parque Bahía 150,Pueblo Libre,1
149151824,pueblo-libre,638400.0,0.0,127.0,4,2,0,Jiron Nicolas Alcazar  al 600,Pueblo Libre,1
148896061,pueblo-libre,719034.0,0.0,83.0,3,2,0,Pueblo Libre,Pueblo Libre,1
147930716,pueblo-libre,426000.0,0.0,60.0,2,2,0,Cadiz al 400,Pueblo Libre,1
148896087,pueblo-libre,1048388.0,0.0,159.0,3,3,0,Pueblo Libre,Pueblo Libre,1
147501830,pueblo-libre,418750.0,250.0,73.0,3,2,1,Roberto Acevedo al 371,La Mar,1
149508878,pueblo-libre,409000.0,0.0,122.0,2,2,0,Calle General Vidal al 300,Silgal,1
148293377,pueblo-libre,648400.0,170.0,108.0,3,3,0,Jose Antonio de Sucre Cuadra 13,Pueblo Libre,1
149383432,pueblo-libre,366000.0,0.0,47.0,2,2,0,Departamento de 2 Dormitorios en Pueblo Libre Cerca a Av. Brasil,Pueblo Libre,1
148062957,pueblo-libre,891000.0,400.0,173.0,3,3,1,Urb. Parque San Martín Pueblo Libre,San Martin,1
148073669,pueblo-libre,453904.0,200.0,66.0,2,2,0,AVENIDA BRASIL,Pueblo Libre,1
148806961,pueblo-libre,300000.0,0.0,48.0,1,1,0,Pedro Torres Malarin,Pueblo Libre,1
148958304,pueblo-libre,450000.0,200.0,63.0,2,1,1,Av. José Leguía y Meléndez 1826 Dpto. 202,La Estancia,1
144432400,pueblo-libre,583000.0,0.0,82.0,3,2,1,pueblo libre,Isla Verde,1
148473726,pueblo-libre,388848.0,0.0,66.0,1,1,0,Jr. José Ramón Pizarro Pueblo Libre.,Pueblo Libre,1
148825531,pueblo-libre,544900.0,330.0,80.0,3,2,1,José Gregorio Paredes,Pueblo Libre,1
148362356,pueblo-libre,431000.0,220.0,85.0,3,2,0,Av Bolivar 516,Pueblo Libre,10
149613946,pueblo-libre,253820.0,0.0,41.0,1,1,0,Av. Mariano H. Cornejo,Pueblo Libre,10
149760453,pueblo-libre,507500.0,260.0,63.0,2,2,1,Avenida Manuel Cipriano Dulanto 1464,Pueblo Libre,10
149395955,pueblo-libre,523260.0,210.0,84.0,3,2,0,Jr. Gral. Artigas 764,Pueblo Libre,1
149736202,pueblo-libre,520000.0,0.0,51.0,2,2,0,Jr.clovis  al 600,Pueblo Libre,1
148439147,pueblo-libre,431000.0,0.0,65.0,3,2,0,Jr. José Manuel Ugarteche 139,Pueblo Libre,1
149735836,pueblo-libre,348750.0,0.0,51.0,1,1,0,América 260,Pueblo Libre,1
147692586,pueblo-libre,632000.0,250.0,120.0,3,2,1,"Av. Manuel Cipriano Dulanto 1815, Pueblo Libre",Pueblo Libre,1
149887584,pueblo-libre,463880.0,250.0,72.0,3,2,0,Avenida General Manuel I. Vivanco 1077,Pueblo Libre,1
149141726,pueblo-libre,777400.0,0.0,165.0,5,4,1,Jr. General José Ramón Pizarro 1092,Colmenares,1
149721521,pueblo-libre,478800.0,380.0,85.0,3,2,1,Av. Manuel Cipriano Dulanto,Pueblo Libre,1
149433591,pueblo-libre,279000.0,180.0,44.0,1,1,0,AV. LA Marina 238,Pueblo Libre,1
149528557,pueblo-libre,404740.0,220.0,86.0,3,2,0,Gral Artigas 801,Pueblo Libre,1
148246941,pueblo-libre,448500.0,150.0,103.0,3,1,0,Dirección no informada,Pueblo Libre,1
145843974,pueblo-libre,608400.0,0.0,80.0,2,3,0,avenida La Marina 2XX,Pueblo Libre,1
149046691,pueblo-libre,500000.0,120.0,70.0,3,2,0,Jr. Aragón 361,Pueblo Libre,1
148211937,pueblo-libre,499000.0,0.0,81.0,3,2,1,Santander,Pueblo Libre,1
149538569,pueblo-libre,461700.0,215.0,85.0,3,2,0,Av. Simón Bolívar,Pueblo Libre,1
149471721,pueblo-libre,282900.0,80.0,79.0,2,1,0,Calle Tupac Amaru,Pueblo Libre,1
149193535,pueblo-libre,567000.0,200.0,79.0,3,2,0,Jirón Río Huaura,Pueblo Libre,1
149910641,pueblo-libre,535000.0,220.0,82.0,2,2,1,Avenida Horacio Urteaga 1537,Pueblo Libre,1
148751816,pueblo-libre,397500.0,200.0,66.0,3,2,0,Jr. Amazonas 706,Pueblo Libre,1
149179337,pueblo-libre,522000.0,80.0,160.0,4,2,0,Jr. Bernardo O'Higgins 281,Pueblo Libre,1
149822412,pueblo-libre,619200.0,250.0,102.0,3,2,0,Jr. General José Ramón Pizarro 970,El Carmen,1
145045268,pueblo-libre,355000.0,0.0,56.0,2,2,1,Jose Gregorio Paredes,Pueblo Libre,1
149277458,pueblo-libre,657000.0,100.0,171.0,3,3,0,Eleazar Blanco 200,Colmenares,1
148984529,pueblo-libre,385000.0,0.0,59.0,2,2,0,Av. Brasil 2790,Pueblo Libre,1
149181418,pueblo-libre,430000.0,370.0,69.0,3,2,1,Galicia 378,Pueblo Libre,1
149783621,pueblo-libre,650000.0,300.0,92.0,2,2,0,José Ugarteche,Pueblo Libre,1
148513716,pueblo-libre,258750.0,100.0,45.0,1,1,0,"Calle Virrey Manuel Guirior Cdra. 10, Pueblo Libre",Pueblo Libre,10
4401767,pueblo-libre,676600.0,99.0,135.0,3,2,0,Calle parque el carmen,Pueblo Libre,10
149791224,pueblo-libre,465000.0,250.0,65.0,2,2,1,Avenida la Marina 445,Pueblo Libre,10
149361394,pueblo-libre,567600.0,0.0,89.0,3,2,2,Tándem Pueblo Libre,Pueblo Libre,1
149740796,pueblo-libre,525000.0,180.0,85.0,3,2,1,Maipu 648 650,Pueblo Libre,1
148763488,pueblo-libre,525000.0,300.0,84.0,3,2,1,Av. Manuel Cipriano Dulanto 1358,Pueblo Libre,1
148664744,pueblo-libre,459000.0,215.0,85.0,3,2,0,Av. Simón Bolívar,Pueblo Libre,1
149688846,pueblo-libre,581880.0,0.0,87.0,3,2,0,Av. del Río,Pueblo Libre,1
148749611,pueblo-libre,879000.0,0.0,116.0,3,2,0,Jr. Gral. José Ramón Pizarro,Pueblo Libre,1
142507635,pueblo-libre,573500.0,0.0,110.0,5,5,1,Sucre,Pueblo Libre,1
149470471,pueblo-libre,500000.0,100.0,102.0,2,2,0,Murillo,Pueblo Libre,1
149132669,pueblo-libre,287000.0,0.0,38.0,1,1,1,AV. LA Marina,Pueblo Libre,1
149034416,pueblo-libre,629986.0,0.0,112.0,3,3,1,Parque El Carmen 1384,Pueblo Libre,1
149766485,pueblo-libre,420000.0,250.0,65.0,2,2,1,Avenida de la Marina 449,Pueblo Libre,1
149147078,pueblo-libre,577500.0,300.0,80.0,3,3,1,Parque San Martín 241,San Martin,1
149447062,pueblo-libre,273340.0,150.0,61.0,1,1,0,Juan Pablo Fernandini 1246,Pueblo Libre,1
149251878,pueblo-libre,408000.0,30.0,60.0,4,3,0,Av. Colombia 146,Pueblo Libre,1
149220099,pueblo-libre,565000.0,220.0,78.0,3,2,0,Jirón Río Huaura,28 De Julio,1
149167569,pueblo-libre,420000.0,0.0,64.0,2,2,0,Jiron José Gregorio Paredes 273,Pueblo Libre,1
143700728,pueblo-libre,503200.0,150.0,86.0,3,2,0,Mariano Cornejo,Pueblo Libre,1
143648707,pueblo-libre,550000.0,100.0,105.0,3,1,2,Jr Daniel Hernandez 740,Pueblo Libre,1
149582073,pueblo-libre,433500.0,250.0,79.0,3,2,0,Jirón General José Ramón Pizarro 460,San Bernardo,1
149720288,pueblo-libre,390000.0,200.0,59.0,2,2,0,Clovis,Pueblo Libre,1
148196616,pueblo-libre,519000.0,0.0,90.0,2,2,1,Santander,Pueblo Libre,1
148262917,pueblo-libre,363000.0,0.0,53.0,2,2,0,Departamento de 2 Dormitorios en Pueblo Libre Cerca a Av. Sucre,Pueblo Libre,1
149421367,pueblo-libre,325687.0,200.0,45.0,1,1,1,Av. Simón Bolívar 1209,Pueblo Libre,1
149773590,pueblo-libre,378700.0,0.0,57.0,2,2,0,Zaragoza al 100,Pueblo Libre,1
143173042,pueblo-libre,470000.0,0.0,68.0,2,2,0,"Av. Simón Bolívar N°14xx, Dpto. 1804",Pueblo Libre,1
148955433,pueblo-libre,532650.0,1.0,103.0,3,2,0,Oré 121,Pueblo Libre,1
148639098,pueblo-libre,517123.0,0.0,72.0,3,2,1,Jaime Herrera,Pueblo Libre,1
147900086,pueblo-libre,455000.0,280.0,84.0,3,2,0,"Av. La Mar 1417, Pueblo libre",Pueblo Libre,10
147280223,pueblo-libre,502000.0,0.0,68.0,2,2,0,Jr. Daniel Hernández al 1200,Pueblo Libre,8
148972576,pueblo-libre,542500.0,0.0,144.0,3,2,0,Coronel Ernesto Odriozola 129,Pueblo Libre,10
143947243,pueblo-libre,361000.0,0.0,53.0,2,2,1,"Av LA Marina N° 4xx, Dpto. X07",Pueblo Libre,1
144714247,pueblo-libre,331000.0,0.0,51.0,1,2,0,"Av Manuel Cipriano Dulanto N° 2xx, Dpto. X03 Y X07 B",Pueblo Libre,1
145892329,pueblo-libre,541500.0,0.0,72.0,3,2,1,JR. Clovis 6XX Dpto X01,Pueblo Libre,1
148479980,pueblo-libre,480498.0,0.0,81.0,3,3,0,Av. Sucre Pueblo Libre 13,Mariscal Antonio Jose De Sucre,1
149278833,pueblo-libre,370000.0,0.0,78.0,1,2,0,Pedro Torres Malarin al 500,Pueblo Libre,1
149874738,pueblo-libre,395000.0,0.0,70.0,2,2,0,Jr.manuel Cipriano Dulanto  al 1000,Pueblo Libre,1
146310357,pueblo-libre,423000.0,0.0,64.0,3,2,0,Departamento de 3 Dormitorios en Pueblo Libre Cerca a Av. Brasil,Pueblo Libre,1
144714272,pueblo-libre,388000.0,0.0,62.0,1,2,0,"Av Manuel Cipriano Dulanto N° 2xx, Dpto. X04 A",Pueblo Libre,1
149483177,pueblo-libre,262200.0,100.0,44.0,2,1,0,Virrey Manuel M. De Guirior Cdra 10 - Dpto DE 2 Habs  Pueblo Libre,Pueblo Libre,1
148639194,pueblo-libre,386075.0,0.0,50.0,2,2,1,Jaime Herrera,Pueblo Libre,1
143878907,pueblo-libre,286000.0,0.0,39.0,1,1,1,"Av LA Marina N° 4xx, Dpto. X08",Pueblo Libre,1
148996701,pueblo-libre,750000.0,0.0,202.0,6,2,0,Jirón General José Ramón Pizarro 576,Pueblo Libre,1
149640336,pueblo-libre,437500.0,0.0,84.0,2,2,0,Jr. Bolívar 416,Pueblo Libre,1
147820421,pueblo-libre,506000.0,0.0,77.0,3,2,0,Zaragoza 200,Pueblo Libre,1
149830826,pueblo-libre,381200.0,0.0,57.0,2,2,0,Jr. Clovis al 600,Pueblo Libre,1
148112426,pueblo-libre,381829.0,0.0,57.0,2,2,1,Manuel Ugarteche,Pueblo Libre,1
149734931,pueblo-libre,391000.0,0.0,180.0,2,1,0,JR. Cadiz  Pueblo Libre al 100,Pueblo Libre,1
147662566,pueblo-libre,285000.0,0.0,38.0,1,1,0,Departamento de 1 Dormitorio en Pueblo Libre Cerca a Av. Sucre,Pueblo Libre,1
149796436,pueblo-libre,603750.0,0.0,90.0,3,3,0,Avenida Sucre 1301,Pueblo Libre,1
148112802,pueblo-libre,264271.0,0.0,39.0,1,1,0,Manuel Ugarteche,Pueblo Libre,1
148794653,pueblo-libre,419375.0,0.0,100.0,3,3,0,Calle Angela Podesta al 200,Pueblo Libre,1
148479878,pueblo-libre,586930.0,0.0,90.0,3,2,0,Av. Sucre Pueblo Libre 13,Mariscal Antonio Jose De Sucre,1
145788219,pueblo-libre,358900.0,0.0,80.0,3,2,0,av.bolivar 240 pueblo libre,Pueblo Libre,1
148856222,pueblo-libre,473000.0,250.0,95.0,2,2,0,Abraham Valdelomar 738,Pueblo Libre,1
147822809,pueblo-libre,617000.0,0.0,106.0,3,2,0,Zaragoza 200,Pueblo Libre,1
147820786,pueblo-libre,518000.0,0.0,75.0,3,3,0,Zaragoza 200,Pueblo Libre,1
144714432,pueblo-libre,403000.0,0.0,65.0,1,2,0,"Av Manuel Cipriano Dulanto N° 2xx, Dpto. X08 B",Pueblo Libre,1
147706329,pueblo-libre,814915.0,0.0,105.0,3,2,0,Calle Santa Isabel Pueblo Libre,Pueblo Libre,10
147789509,pueblo-libre,358985.0,0.0,63.0,1,1,1,Santiago Wagner,Pueblo Libre,10
148480008,pueblo-libre,649793.0,0.0,108.0,3,3,0,Av. Sucre Pueblo Libre 13,Mariscal Antonio Jose De Sucre,10
149652418,pueblo-libre,824550.0,0.0,173.0,4,3,1,"Av. Manuel Cipriano Dulanto al 1430, Pueblo Libre",Colmenares,1
149297886,pueblo-libre,533800.0,250.0,80.0,3,2,1,Jose Ramón Pizarro al 1200,Pueblo Libre,1
148896038,pueblo-libre,403768.0,0.0,64.0,2,1,0,Pueblo Libre,Pueblo Libre,1
149483374,pueblo-libre,489500.0,0.0,79.0,3,2,0,Leguia Melendez- Al Lado de Plaza VEA,Pueblo Libre,1
149846336,pueblo-libre,394900.0,160.0,58.0,2,2,0,Rio Grande al 100,Pueblo Libre,1
147503636,pueblo-libre,574788.0,0.0,92.0,3,2,0,Simón Bolivar 947,Pueblo Libre,1
149874557,pueblo-libre,620000.0,320.0,92.0,3,2,0,Av. Bolívar 947,Pueblo Libre,1
145863980,pueblo-libre,445000.0,250.0,84.0,3,2,1,Av. Cipriano al 1000-super Oportunidad DE Compra!,Pueblo Libre,1
147503444,pueblo-libre,422862.0,0.0,64.0,3,2,0,"Calle Ugarteche, Pueblo Libre",Pueblo Libre,1
147820170,pueblo-libre,331000.0,0.0,51.0,2,1,0,Zaragoza 200,Pueblo Libre,1
147280307,pueblo-libre,482000.0,0.0,70.0,3,2,0,Jr. Daniel Hernández al 1200,Pueblo Libre,1
147323733,pueblo-libre,299000.0,0.0,45.0,1,1,0,Jr. Daniel Hernández al 1200,Pueblo Libre,1
149795957,pueblo-libre,672000.0,0.0,109.0,3,3,0,AV. Sucre,Pueblo Libre,1
148844310,pueblo-libre,562520.0,0.0,138.0,4,1,0,Av. Simón Bolívar al 1400,El Carmen,1
148896011,pueblo-libre,770784.0,0.0,84.0,2,1,0,Pueblo Libre,Pueblo Libre,1
143173606,pueblo-libre,520000.0,0.0,76.0,3,2,1,"Av. RIO Grande N°3xx, Dpto. 1601",Pueblo Libre,1
147823004,pueblo-libre,555000.0,0.0,85.0,3,2,0,Zaragoza 200,Pueblo Libre,1
145081436,pueblo-libre,277500.0,0.0,45.0,1,1,0,C. Manuel de Guirior,Pueblo Libre,1
149831236,pueblo-libre,666300.0,0.0,98.0,3,2,0,Jr. Clovis al 600,Pueblo Libre,1
143946976,pueblo-libre,285000.0,0.0,38.0,1,1,1,"Av LA Marina N° 4xx, Dpto. X04",Pueblo Libre,1
147503650,pueblo-libre,426000.0,0.0,66.0,2,2,0,Jose  Gregorio Paredes 2700,Pueblo Libre,1
149422608,pueblo-libre,398000.0,0.0,66.0,2,2,0,Jirón Amazonas,Pueblo Libre,1
146429531,pueblo-libre,391000.0,0.0,59.0,2,2,1,"Av LA Marina N° 4xx, Dpto. X05",Pueblo Libre,1
148111947,pueblo-libre,403617.0,0.0,69.0,1,1,0,Manuel Ugarteche,Pueblo Libre,1
143878948,pueblo-libre,469000.0,0.0,72.0,2,2,1,"Av LA Marina N° 4xx, Dpto. X03",Pueblo Libre,1
143878947,pueblo-libre,419000.0,0.0,61.0,2,2,1,"Av LA Marina N° 4xx, Dpto. X02",Pueblo Libre,1
148112560,pueblo-libre,490626.0,0.0,78.0,3,2,1,Manuel Ugarteche,Pueblo Libre,1
149773899,pueblo-libre,564655.0,0.0,85.0,3,2,0,Zaragoza al 100,Pueblo Libre,1
144714351,pueblo-libre,403400.0,0.0,64.0,1,2,0,"Av Manuel Cipriano Dulanto N° 2xx, Dpto.x02, X05, X09, X10 B",Pueblo Libre,1
149483830,pueblo-libre,428800.0,0.0,79.0,3,2,0,Cipriano Dulanto - Bello Flat de 80 mts - 3 Dorm - Vista Exterior,Pueblo Libre,1
90133335,pueblo-libre,675000.0,240.0,128.0,3,2,1,Ca. Colmenares,Pueblo Libre,1
147824301,pueblo-libre,627000.0,0.0,93.0,4,3,0,Zaragoza 200,Pueblo Libre,1
149498536,pueblo-libre,1000000.0,700.0,190.0,3,3,1,Rio Moche al 368,Pueblo Libre,1
148113015,pueblo-libre,902217.0,0.0,146.0,3,3,1,Manuel Ugarteche,Pueblo Libre,1
145733091,pueblo-libre,391000.0,150.0,63.0,2,2,0,Av sucre 1301,Mariscal Antonio Jose De Sucre,1
149418245,pueblo-libre,420000.0,200.0,58.0,2,2,0,Pueblo Libre,Pueblo Libre,1
149874558,pueblo-libre,345000.0,0.0,56.0,2,1,1,Torres Malarin 522,Pueblo Libre,1
147183692,pueblo-libre,370000.0,155.0,79.0,2,1,0,"Av Mariano Cornejo 1225, Pueblo Libre",Pueblo Libre,1
149898159,pueblo-libre,560000.0,200.0,90.0,3,2,1,Pueblo Libre,Pueblo Libre,1
148032504,pueblo-libre,233000.0,0.0,38.0,1,1,1,Parque Santa María,Pueblo Libre,1
146194958,pueblo-libre,629954.0,0.0,89.0,3,2,1,JR. Jose Ramon Pizarro 9XX DPT 401 AL 801,Pueblo Libre,1
148635967,pueblo-libre,250000.0,90.0,52.0,1,1,0,Av. Manuel Cipriano Dulanto 2047,La Mar,1
149828706,pueblo-libre,603750.0,290.0,110.0,2,2,1,Dirección no informada,El Suta,1
149315196,pueblo-libre,580000.0,200.0,72.0,2,2,1,Jr. Gral. José Ramon Pizarro  1432,Pueblo Libre,10
149264637,pueblo-libre,532000.0,0.0,88.0,3,2,0,JR. Abraham Valdelomar 735,Pueblo Libre,8
149909390,pueblo-libre,256650.0,0.0,74.0,3,1,0,Av Antonio José de Sucre 1150,Pueblo Libre,10
147961411,pueblo-libre,369999.0,0.0,53.0,2,2,1,av. abraham lincoln 357,Los Bambues,1
147184376,pueblo-libre,478800.0,300.0,78.0,3,2,0,JORGE CHAVEZ,Oyague,1
149192278,pueblo-libre,282000.0,0.0,38.0,1,1,0,Avenida La Marina,Pueblo Libre,1
145510351,pueblo-libre,348339.0,0.0,54.0,1,1,0,CALLE FERNANDINI,Pueblo Libre,1
145892261,pueblo-libre,533500.0,0.0,71.0,3,2,1,JR. Clovis 6XX Dpto X02,Pueblo Libre,1
142995767,pueblo-libre,400000.0,150.0,73.0,3,2,1,Av. Manuel Cipriano Dulanto 10XX,Pueblo Libre,1
149028400,pueblo-libre,560000.0,0.0,82.0,3,2,0,Calle Isla San Lorenzo,Pueblo Libre,1
145258473,pueblo-libre,530000.0,0.0,78.0,3,2,1,Jirón Río Huaura 361,Pueblo Libre,1
148511417,pueblo-libre,915000.0,0.0,150.0,3,2,2,Pueblo libre,Circolo,1
149033752,pueblo-libre,272500.0,117.0,42.0,1,1,0,Avenida Manuel Cipriano Dulanto 2047,Pueblo Libre,1
149738808,pueblo-libre,875000.0,0.0,134.0,3,3,1,Callle Rio Moche  al 300,Pueblo Libre,1
146106995,pueblo-libre,421979.0,0.0,90.0,2,2,0,JOSE SANTIAGO WAGNER 2850,Pueblo Libre,1
145438155,pueblo-libre,896250.0,0.0,154.0,3,3,0,Cadiz,Pueblo Libre,1
149361267,pueblo-libre,283720.0,150.0,48.0,1,1,0,Jirón General José Ramón Pizarro 1452,Colmenares,1
148450865,pueblo-libre,469024.0,0.0,70.0,3,2,0,Av Jaime Herrera Ardiles  Pueblo Libre,Pueblo Libre,1
149231882,pueblo-libre,516284.0,0.0,74.0,3,2,0,Pueblo Libre,Pueblo Libre,1
144678511,pueblo-libre,613831.0,0.0,75.0,3,2,1,Cdra. 15 JUAN PABLO FERNANDINI,Pueblo Libre,1
144899980,pueblo-libre,478000.0,290.0,89.0,3,2,1,Av. Brasil 1470 - Pueblo Libre,Pueblo Libre,1
149705292,pueblo-libre,435000.0,250.0,69.0,2,2,1,Avenida de la Marina 2689,Pueblo Libre,1
149293761,pueblo-libre,284543.0,0.0,51.0,1,1,0,Avenida Mariano H. Cornejo,Pueblo Libre,1
91125620,pueblo-libre,502000.0,0.0,115.0,3,2,0,Ramon Pizarro xxx,El Carmen,1
149341831,pueblo-libre,409313.0,1.0,65.0,1,2,0,Jr. General José Ramón Pizarro 925,Pueblo Libre,1
144607411,pueblo-libre,452200.0,1.0,65.0,3,2,1,SAN MARCOS,Pueblo Libre,1
148608707,pueblo-libre,430900.0,0.0,64.0,3,2,0,Jr. José Manuel Ugarteche cuadra,Pueblo Libre,1
148827230,pueblo-libre,507500.0,0.0,90.0,4,3,1,Av. Brasil 1392,Pueblo Libre,1
149860724,pueblo-libre,465000.0,250.0,65.0,2,2,1,Av. la Marina 1400,Pueblo Libre,1
148314348,pueblo-libre,362000.0,0.0,60.0,2,2,0,Jr. José Manuel Ugarteche,Pueblo Libre,1
149652711,pueblo-libre,597000.0,400.0,85.0,3,2,1,Avenida Simón Bolívar 1324,Pueblo Libre,10
149289951,pueblo-libre,486310.0,0.0,82.0,3,2,0,Avenida Mariano H. Cornejo,La Esperanza,10
146239320,pueblo-libre,568000.0,0.0,86.0,2,2,0,"Jr. José Santiago Wagner ,",Pueblo Libre,10
149009269,pueblo-libre,249690.0,0.0,45.0,1,1,0,AV DE LA MARINA 238,Pueblo Libre,1
145733177,pueblo-libre,457000.0,150.0,74.0,3,2,0,Av Sucre 1301,Mariscal Antonio Jose De Sucre,1
149645239,pueblo-libre,1200000.0,0.0,230.0,4,5,2,Parque Rospigliosi  al 100,Pueblo Libre,1
148345183,pueblo-libre,432000.0,120.0,99.0,3,2,0,Av. Sucre 1282,Pueblo Libre,1
148027118,pueblo-libre,369000.0,300.0,70.0,3,2,0,av brasil 1670 pueblo libre,Pueblo Libre,1
146194733,pueblo-libre,577500.0,0.0,87.0,3,2,1,JR. Jose Ramon Pizarro 9XX DPT  701,Pueblo Libre,1
147613080,pueblo-libre,880000.0,0.0,155.0,3,3,0,Parque colombia Pueblo Libre,Pueblo Libre,1
148883863,pueblo-libre,450000.0,0.0,69.0,3,2,0,Jr. José Manuel Ugarteche,Pueblo Libre,1
145510436,pueblo-libre,562300.0,0.0,76.0,3,2,0,CALLE FERNANDINI,Pueblo Libre,1
149789451,pueblo-libre,1225000.0,300.0,263.0,4,3,2,Calle Juan Roberto Acevedo,Pueblo Libre,1
149271401,pueblo-libre,420000.0,0.0,56.0,2,2,0,Santa Marta,Pueblo Libre,1
149039784,pueblo-libre,499000.0,250.0,74.0,3,2,1,Av. Colombia 245,Pueblo Libre,1
147596217,pueblo-libre,427368.0,1.0,59.0,2,2,0,Av. Sevilla 200 Pueblo Libre,Pueblo Libre,1
149811811,pueblo-libre,495000.0,0.0,80.0,2,2,0,Cádiz,Pueblo Libre,1
143529623,pueblo-libre,266000.0,0.0,37.0,1,1,1,Avenida La Marina,Pueblo Libre,1
149003146,pueblo-libre,409000.0,250.0,83.0,3,2,0,Av. Sucre 146,Pueblo Libre,1
148667770,pueblo-libre,385000.0,0.0,56.0,2,2,0,Santa Fe 190,Pueblo Libre,1
148196967,pueblo-libre,859000.0,0.0,162.0,3,2,1,Santander,Pueblo Libre,1
149341595,pueblo-libre,1208157.0,1.0,176.0,4,3,0,Jr. General José Ramón Pizarro -,Pueblo Libre,1
147608271,pueblo-libre,626200.0,100.0,40.0,1,1,0,Virrey Manuel M. De Guirior al 1000,Pueblo Libre,1
145555412,pueblo-libre,358766.0,2.0,55.0,1,2,0,Fernandini  Pueblo Libre,Pueblo Libre,1
148073518,pueblo-libre,563000.0,200.0,84.0,3,2,0,AV BRASIL,Pueblo Libre,1
149288084,pueblo-libre,500550.0,0.0,82.0,3,2,0,Av. Mariano H. Cornejo,La Esperanza,1
149228162,pueblo-libre,550000.0,0.0,107.0,3,2,0,Jirón Ángela Podestá Pescheira 120,Pueblo Libre,1
148538028,pueblo-libre,399000.0,0.0,68.0,2,2,0,Av. Brasil  al 2790 - Dpto1606,Pueblo Libre,1
149264563,pueblo-libre,567000.0,0.0,93.0,3,2,0,JR. Abraham Valdelomar  735,Pueblo Libre,1
149712692,san-borja,1016600.0,520.0,195.0,3,2,2,Av. Buena Vista  140,Chacarilla Del Estanque,1
149466354,san-borja,569250.0,50.0,116.0,3,2,0,Avenida Aviación 2324,San Borja,1
147036212,san-borja,4124319.0,600.0,550.0,4,4,2,CHACARILLA SAN BORJA,San Borja,1
149629256,san-borja,1038000.0,0.0,180.0,4,3,2,Gozzoli Norte al 700,San Borja Sur,1
148432729,san-borja,2184000.0,1200.0,398.0,3,3,3,Andalucia 189,Chacarilla Del Estanque,1
149833765,san-borja,1345500.0,1.0,144.0,3,3,2,Trinidad,San Borja,1
148182240,san-borja,1120000.0,30.0,252.0,3,3,2,Carzou,San Borja,1
144847825,san-borja,1225000.0,0.0,400.0,3,2,2,Jirón,Monterrico Norte,1
148990391,san-borja,972000.0,250.0,167.0,4,3,1,Jirón Batrich Bozovich  al 300,San Borja,1
149544084,san-borja,670000.0,250.0,90.0,3,2,0,Jr. Millet 175,San Borja,1
149589354,san-borja,291550.0,80.0,54.0,2,1,0,Calle de la Técnica 280,San Juan Masias,1
147555133,san-borja,670000.0,0.0,90.0,3,3,0,Jr. Millet 173 San Borja,San Borja,1
149861642,san-borja,1155750.0,500.0,130.0,3,2,2,Avenida Boulevard de Surco 1052,San Borja,1
149242869,san-borja,2134000.0,0.0,270.0,4,3,2,"Venta DE Duplex EN Chacarilla DEL Estanque , SAN Borja",Chacarilla Del Estanque,1
149651548,san-borja,986000.0,1.0,197.0,3,2,2,Av Buena Vista,San Borja,1
148324134,san-borja,986000.0,0.0,200.0,4,3,2,Jr. 24 Piso 3 San Borja - VTA,San Borja,1
149456465,san-borja,835250.0,400.0,112.0,3,2,1,Jr. Pietro Torrigiano 400 - a 2 Cuadras de Parque de la Familia y Ebony,Corpac,1
148958589,san-borja,1324435.0,700.0,175.0,3,3,2,Calle Venecia,Chacarilla Del Estanque,1
149791086,san-borja,1479240.0,680.0,234.0,3,4,2,Jr Torrigiano Pietro  al 100,Corpac,1
149800883,san-borja,1052250.0,200.0,201.0,4,4,2,Durero,San Borja,1
149569130,san-borja,1080450.0,570.0,195.0,3,2,2,Chacarilla,Chacarilla,1
148950993,san-borja,1955000.0,1600.0,426.0,4,3,3,Los Recuerdos 411,Chacarilla Del Estanque,1
149845570,san-borja,1036260.0,0.0,120.0,3,3,1,Matamoros 129 Chacarilla SAN Borja,San Borja,1
149149072,san-borja,1289716.0,400.0,220.0,3,4,4,Calle Carzou Charles al 100,San Borja,1
148210427,san-borja,1038500.0,0.0,200.0,4,4,2,"Calle Mayorazgo 1, Chacarilla del Estanque, San Borja",Chacarilla Del Estanque,1
148450683,san-borja,560000.0,0.0,101.0,2,1,0,AV AVIACION CUADRA 33,San Borja,10
149559152,san-borja,1093050.0,600.0,197.0,3,4,2,Pasaje Robert Boyle,Corpac,10
148219435,san-borja,415400.0,280.0,64.0,1,1,1,"Velasco Astete 312, San Borja",San Borja,10
148073281,san-borja,599400.0,200.0,117.0,3,2,1,Portinari al 100,San Borja,1
147787681,san-borja,1102000.0,0.0,121.0,3,2,2,"Calle Luiggi Pirandello 434, San Borja",San Borja,1
148953164,san-borja,857500.0,0.0,114.0,3,3,2,Av San Borja Norte 299 San Borja,San Borja Norte,1
149155985,san-borja,737760.0,578.0,90.0,2,2,1,Calle Toscanini al 100,Las Begonias,1
149547772,san-borja,2228000.0,1200.0,494.0,3,3,2,Jirón Monte Carmelo Cuadra 5,San Borja,1
149760203,san-borja,1088000.0,450.0,170.0,3,4,2,BUENA VISTA,San Borja,1
149845932,san-borja,1038000.0,0.0,119.0,3,3,1,Trinidad  Chacarilla San Borja,San Borja,1
148854929,san-borja,1537650.0,1300.0,258.0,4,4,2,Los Recuerdos,San Borja,1
148786510,san-borja,736682.0,380.0,162.0,3,2,1,Joaquín Turina 196,San Borja Sur,1
149697951,san-borja,408000.0,0.0,84.0,2,1,0,Av. Javier Prado Este al 3000,San Borja,1
148647377,san-borja,981000.0,400.0,185.0,4,3,0,Jirón Pietro Torrigiano al 100,Corpac,1
148156076,san-borja,851000.0,350.0,98.0,3,2,1,JIRON TASSO,San Borja,1
147611214,san-borja,1337000.0,0.0,158.0,3,2,2,San Borja,San Borja,1
149536815,san-borja,798500.0,600.0,128.0,2,2,1,Copernico al 100,San Borja Sur,1
148073276,san-borja,932400.0,590.0,126.0,2,2,2,Calle LOS Recuerdos 473,San Borja,1
149259393,san-borja,739000.0,380.0,90.0,3,2,1,Avenida San Borja Norte,San Borja,1
146870308,san-borja,1190000.0,680.0,254.0,4,3,2,AV VELASCO ASTTEETE 955,San Borja,1
146004544,san-borja,496800.0,120.0,85.0,2,2,0,Pissarro,San Borja,1
148728192,san-borja,1650000.0,1950.0,371.0,4,5,2,Jirón Conde de la Vega del Ren 178,Chacarilla Del Estanque,1
149255508,san-borja,776250.0,0.0,107.0,3,2,1,san Borja Norte 12xx,San Borja,1
149245992,san-borja,1739500.0,0.0,254.0,3,3,2,Vendo Departamento Primer Piso/ Estreno/ Chacarilla SAN Borja,Chacarilla Del Estanque,1
147910190,san-borja,1171800.0,0.0,179.0,3,3,2,Calle Frangonard,San Borja,1
148950992,san-borja,1296000.0,0.0,382.0,3,3,1,Jirón Jose Maria Sert N° 215,San Borja,1
149520354,san-borja,1356000.0,600.0,270.0,5,6,2,AV. DEL Parque SUR al 600,San Borja Sur,1
149020374,san-borja,612500.0,350.0,98.0,3,2,1,Avenida San Borja Norte,San Borja,1
149158962,san-borja,833000.0,800.0,115.0,3,4,2,CALLE GALEON,San Borja,1
147037279,san-borja,1506200.0,600.0,180.0,3,3,2,CHACARILLA SAN BORJA,San Borja,10
149493505,san-borja,1196350.0,0.0,172.0,4,4,2,Donizetti al 200,San Borja,10
149430843,san-borja,1008000.0,0.0,214.0,3,4,2,"Calle Galeon, Chacarilla  al 100",Chacarilla Del Estanque,10
149027772,san-borja,889000.0,400.0,176.0,3,3,2,Argenta al 100,Las Begonias,1
148548434,san-borja,1197000.0,400.0,235.0,3,3,4,Avenida Esmeralda al 300,Chacarilla,1
147036763,san-borja,2134412.0,600.0,270.0,4,4,2,HERMANO LOBO,San Borja,1
148921819,san-borja,980000.0,600.0,126.0,2,3,2,"Calle LOS Recuerdos, Urb. Chacarilla",Chacarilla,1
149472903,san-borja,1522700.0,0.0,158.0,3,3,2,Flat de Estreno con Vista a Parque  Excelente Distribucion muy Luminoso y Zona Tranquila - C. Buen Retiro,San Borja,1
149144679,san-borja,472600.0,200.0,90.0,2,1,0,CALLE 24,Mariscal Ramon Castilla,1
149379906,san-borja,654165.0,0.0,76.0,3,2,0,Av. Parque Sur Cdra 7  San Borja Serca a La Rambla San Borja y Plaza Vea San Borja,San Borja,1
149634088,san-borja,1277500.0,0.0,196.0,3,4,2,Av. San Borja Norte Cuadra 2,San Borja,1
149861884,san-borja,880000.0,450.0,140.0,4,3,1,Av. San Luis 2692,Las Magnolias,1
149870636,san-borja,1151500.0,671.0,264.0,3,3,2,Av. del Pinar 250,Chacarilla Del Estanque,1
145060511,san-borja,1550300.0,490.0,231.0,4,3,2,CALLE,San Borja Norte,1
144503951,san-borja,479550.0,150.0,92.0,2,2,1,Avenida Boulevard,San Borja,1
148609289,san-borja,726800.0,0.0,89.0,3,3,0,"Av. Galvez Barrenechea 947, San Borja",Corpac,1
148663020,san-borja,1142430.0,750.0,167.0,3,2,2,Los Recuerdos,Chacarilla Del Estanque,1
148479863,san-borja,1259250.0,0.0,200.0,3,3,2,calle melissa,Chacarilla,1
142708586,san-borja,1019000.0,200.0,200.0,4,3,2,calle LOS SAUCES,Jacaranda,1
147623566,san-borja,1210550.0,400.0,235.0,4,4,2,av san borja sur,San Borja Sur,1
148517042,san-borja,830000.0,0.0,110.0,3,3,0,AV. SAN BORJA SUR  359,San Borja,1
149870275,san-borja,1121400.0,0.0,186.0,3,2,2,Calle 20,Mariscal Ramon Castilla,1
144863914,san-borja,1830834.0,0.0,231.0,4,3,2,trinidad 220 san borja,Chacarilla Del Estanque,1
148842091,san-borja,495000.0,110.0,124.0,3,2,0,Av. Aviación,San Borja,1
148609287,san-borja,719600.0,0.0,90.0,3,3,0,"Avenida Jose Galvez Barrenechea 947,",Corpac,1
149186809,san-borja,1246900.0,750.0,185.0,3,4,2,Calle Las Garzas,Chacarilla Del Estanque,1
149190301,san-borja,770000.0,350.0,130.0,3,3,1,Calle 7 141,Monterrico Norte,1
148357431,san-borja,719600.0,0.0,90.0,3,3,1,Galvez Barrenechea - San Borja,Corpac,1
149142263,san-borja,1530000.0,1200.0,208.0,3,3,3,Trinidad 528,Chacarilla Del Estanque,1
149319493,san-borja,1000000.0,350.0,194.0,4,4,2,Cerca de San Borja Norte con Boulevard de Surco,Las Artes,1
148242388,san-borja,1506650.0,550.0,181.0,3,3,2,HERMANO LOBO,Chacarilla Del Estanque,10
149613643,san-borja,1295000.0,750.0,180.0,3,3,2,Bello Horizonte,Chacarilla Del Estanque,10
149131784,san-borja,666650.0,0.0,90.0,3,2,1,Av. San Borja Nte. 1101,San Borja,10
149581168,san-borja,438000.0,250.0,70.0,2,1,0,Alfa Escorpión,San Borja,1
149139124,san-borja,725000.0,500.0,104.0,3,2,2,Calle Barajas,San Borja,1
148609202,san-borja,1085000.0,0.0,180.0,3,4,0,Av. José Galvez Barrenechea 947,Corpac,1
149588003,san-borja,776250.0,450.0,109.0,3,2,1,Calle 23,San Borja,1
149126168,san-borja,3242661.0,0.0,404.0,4,4,1,Jirón Hermano Lobo 230,Chacarilla Del Estanque,1
148994714,san-borja,613000.0,120.0,95.0,3,2,0,Géminis 150,Juan XXIII,1
148167414,san-borja,661320.0,220.0,97.0,3,2,1,Rousseau,San Borja,1
149784383,san-borja,2210000.0,800.0,348.0,4,4,3,Bello Horizonte Chacarilla San Borja,San Borja,1
149167541,san-borja,2309322.0,0.0,117.0,4,5,1,Jr Galeon 195 San borja,Chacarilla Del Estanque,1
149188971,san-borja,1162000.0,1200.0,188.0,3,2,2,calle los recuerdos xxx,Chacarilla Del Estanque,1
149356852,san-borja,692000.0,0.0,102.0,4,2,1,Jirón Andres Vesalio,Las Artes,1
149871753,san-borja,1356600.0,0.0,217.0,3,4,4,Jirón Galeón 130,Chacarilla Del Estanque,1
148476245,san-borja,927414.0,0.0,125.0,3,2,2,Pedro Lopez De Ayala al 800,San Borja,1
149713808,san-borja,1071000.0,350.0,171.0,4,3,2,Durero,San Borja,1
148160627,san-borja,912600.0,450.0,178.0,3,4,0,San Borja Sur  al 800,San Borja,1
148772003,san-borja,2411500.0,400.0,434.0,3,3,2,Juan Bielovucic Cavalier  al 300,Chacarilla Del Estanque,1
147153718,san-borja,974400.0,500.0,180.0,4,3,2,PRIMAVERA 1007,San Borja,1
148732148,san-borja,731000.0,310.0,119.0,3,3,1,Av. San Borja Sur al 500,San Borja Sur,1
149115544,san-borja,606600.0,1.0,117.0,3,2,1,Dirección no informada,San Borja,1
147520560,san-borja,1775500.0,1000.0,352.0,4,4,4,"Alameda Picaflores, San Borja",Chacarilla Del Estanque,1
149168406,san-borja,2559160.0,0.0,253.0,3,5,2,Jr Galeon 195 San borja,Chacarilla Del Estanque,1
148198525,san-borja,1112200.0,500.0,190.0,3,3,2,SAN BORJA,San Borja Sur,1
149126614,san-borja,4368292.0,0.0,550.0,4,4,2,Jirón Hermano Lobo 230,Chacarilla Del Estanque,1
145132666,san-borja,1870044.0,0.0,256.0,3,3,2,TRINIDAD 220,Chacarilla Del Estanque,1
148005580,san-borja,619750.0,300.0,114.0,3,2,0,AV. SAN BORJA NORTE 758 SAN BORJA,San Borja,1
149394495,san-borja,1067430.0,450.0,135.0,3,2,2,Avenida San Borja Norte,San Borja,1
145546855,san-borja,945000.0,0.0,177.0,4,4,2,Av. San Borja Sur 513,San Borja,1
149717975,san-borja,1125040.0,850.0,154.0,3,2,2,Chacarilla San Borja 1,Chacarilla Del Estanque,1
144349428,san-borja,988000.0,135.0,209.0,5,3,1,LUIGI PIRANDELLO,San Borja,1
147727657,san-borja,1017750.0,450.0,120.0,3,2,1,av buena vista 567,Mariscal Ramon Castilla,1
149086070,san-borja,910000.0,300.0,213.0,3,4,1,San Borja Norte al 700 - Piso 8,San Borja,1
143356565,san-borja,1467000.0,490.0,230.0,4,3,2,Calle 39,Mariscal Ramon Castilla,1
149400469,san-borja,870000.0,200.0,218.0,4,4,2,Calle Pablo Usandizaga  al 500,Chacarilla Del Estanque,1
149905137,san-borja,750000.0,320.0,92.0,3,2,1,"Calle Poussin 100, Piso 4 Jacarandá, SAN Borja",San Borja,1
149633032,san-borja,815500.0,0.0,97.0,3,2,1,Av. San Borja Norte Cuadra 2,San Borja,1
146243071,san-borja,1411935.0,0.0,233.0,3,5,2,Av. Alejandro Velasco Astete,San Borja,1
146330825,san-borja,1890000.0,400.0,300.0,4,4,4,"Avenida Buena Vista 6, Piso 4, Chacarilla, San Borja",Chacarilla Del Estanque,1
146944531,san-borja,1351308.0,0.0,183.0,3,2,0,Av. San Borja Nte. 1305,San Borja Norte,1
148010809,san-borja,1323250.0,0.0,258.0,3,2,2,Venecia  al 200,Chacarilla Del Estanque,1
147917264,san-borja,1550500.0,0.0,181.0,3,4,2,Vendo Departamento DE Estreno EN Chacarilla SAN Borja - Entrega Inmediata,Chacarilla Del Estanque,1
149106410,san-borja,1088000.0,0.0,152.0,3,2,2,Pacaritambo  al 200,San Borja,1
148157104,san-borja,1278000.0,450.0,196.0,3,3,1,SAN BORJA NORTE,San Borja,1
148586374,san-borja,599000.0,0.0,106.0,3,1,1,AV JAVIER PRADO ESTE 2400,San Borja,1
148337392,san-borja,798500.0,600.0,128.0,2,2,1,Copernico con Leonhard Euler,San Borja,1
149542195,san-borja,1080000.0,250.0,179.0,3,2,0,Jr. Millet 175,San Borja Norte,1
147663746,san-borja,552750.0,300.0,110.0,3,1,0,"Mercator , san Borja",San Borja Norte,1
144311594,san-borja,1320000.0,650.0,212.0,3,2,2,Calle La Pradera,San Borja,1
91264765,san-borja,725000.0,0.0,109.0,3,3,2,Pietro Marchand 110,San Borja,1
149905147,san-borja,1052250.0,520.0,222.0,3,3,2,Av. Bielovucic Cavalier  Frente al Pentagonito,San Borja,1
148447915,san-borja,1831200.0,0.0,300.0,3,4,3,Bielovucic Cavalier 133 al 100,San Borja,1
148705453,san-borja,1530000.0,0.0,245.0,3,3,2,av. Buenavista Cuadra 3,Chacarilla Del Estanque,1
149372169,san-borja,929938.0,1.0,119.0,3,4,0,Jirón Hermano Lobo,Chacarilla Del Estanque,1
146062689,san-borja,2206600.0,0.0,316.0,3,3,2,AV. DEL Pinar 4XX DPT 102,Chacarilla Del Estanque,1
66465995,san-borja,578000.0,0.0,116.0,3,3,1,Avenida Boulevard de Surco,Chacarilla,10
145667222,san-borja,1319300.0,700.0,175.0,3,2,2,Calle Venecia 209 Piso 3,Chacarilla Del Estanque,10
148147504,san-borja,1016740.0,180.0,187.0,3,4,1,C.25 san broja,San Borja,10
148538086,san-borja,1533350.0,801.0,361.0,3,3,2,Av. Buena Vista 318,Chacarilla,1
149309051,san-borja,850600.0,0.0,112.0,3,3,0,"Jr. 2 - 690, Urbanización Monterrico Norte - San Borja al 600",Monterrico Norte,1
3831439,san-borja,1170000.0,350.0,190.0,3,2,2,CALLE POUSIN,San Borja,1
147098494,san-borja,604187.0,350.0,104.0,3,3,0,Jirón 10 510,San Borja,1
146599026,san-borja,1044700.0,1.0,200.0,3,4,1,JR MAYORAZGO CHACARILLA DEL ESTANQUE  SAN BORJA  DUPLEX 200M2  3 HAB  4 BAÑOS  1 ESTAC.,San Borja,1
149343505,san-borja,785000.0,350.0,120.0,4,3,2,Calle las Canarias 145,Chacarilla Del Estanque,1
149764951,san-borja,1732500.0,0.0,366.0,5,6,2,Gozzoli 2,Santo Tomas,1
144730078,san-borja,999000.0,450.0,156.0,3,3,2,"Avenida Buena Vista 6, Chacarilla, San Borja",Chacarilla Del Estanque,1
149633804,san-borja,840000.0,0.0,112.0,3,2,1,Av. San Borja Norte Cuadra 2,San Borja,1
149135963,san-borja,1004665.0,0.0,119.0,3,2,1,Hermano Lobo  al 500,Chacarilla,1
149826887,san-borja,1893240.0,0.0,224.0,3,3,2,"Av, Del Pinar 324 Dpto, 202 Chacarilla",San Borja,1
148473217,san-borja,1155750.0,850.0,259.0,4,4,2,Avenida Buena Vista al 654,Buenavista,1
145095791,san-borja,1196217.0,0.0,135.0,3,2,0,"Av SAN Borja Norte N° 8xx, Dpto. 201",San Borja,1
145544118,san-borja,2340000.0,1200.0,393.0,3,3,3,ANDALUCÍA 189,Chacarilla Del Estanque,1
149664044,san-borja,633750.0,70.0,135.0,3,3,0,Juan Gris Cerca AL Pentagonito,San Borja,1
148922302,san-borja,1323250.0,700.0,175.0,3,2,2,Calle Venecia al 200,Chacarilla Del Estanque,1
143658355,san-borja,1870000.0,1200.0,302.0,3,3,2,Alameda Picaflores,San Borja,1
149167818,san-borja,1105000.0,100.0,208.0,4,5,1,Calle Velasquez 371 san Borja,San Borja,1
149372599,san-borja,744600.0,300.0,115.0,3,2,2,Jirón Bronzino,San Borja,1
145994064,san-borja,962500.0,400.0,128.0,3,2,2,JR LEONARDO DA VINCI,San Borja,1
149813922,san-borja,624710.0,500.0,115.0,2,3,1,Pasaje Robert Boyle 100 ESQ CON Galvez Barrenechea Cuadra 9,San Borja,1
149549557,san-borja,871335.0,350.0,120.0,3,2,1,Dalton 169,San Borja,1
147221973,san-borja,1794500.0,0.0,231.0,4,3,0,Chacarilla del Estanque - San Borja,Chacarilla Del Estanque,1
147332605,san-borja,1150000.0,800.0,180.0,4,3,2,Av. Boulevard de Surco,San Borja Norte,1
148922472,san-borja,1156000.0,700.0,200.0,3,2,2,Pacaritambo 291,Chacarilla,1
145665107,san-borja,661500.0,400.0,125.0,2,3,1,CARZOU,San Borja,1
149225027,san-borja,686000.0,450.0,147.0,2,2,2,Av. Buena Vista al 100,San Borja,1
146673360,san-borja,1246000.0,400.0,183.0,3,3,2,SAN BORJA NORTE,San Borja,10
149905107,san-borja,1837000.0,375.0,248.0,5,2,2,"JR. Paseo DEL Bosque , Ramon Castilla , SAN Borja",San Borja,10
148085890,san-borja,1970250.0,700.0,305.0,3,2,2,"Buena Vista, san Borja, Lima",San Borja,10
148835968,san-borja,1358000.0,880.0,212.0,3,3,2,Jiron La Pradera,Chacarilla Del Estanque,1
148989949,san-borja,603000.0,200.0,117.0,3,2,1,Calle Portinari  al 100 - 117m² - Remodelado - Vista a la Calle  - 3 Dormitorios,San Borja,1
149905116,san-borja,1029550.0,450.0,165.0,3,3,2,"Calle 29, SAN Borja",San Borja,1
149656221,san-borja,646000.0,0.0,107.0,3,2,0,Calle 35,Mariscal Ramon Castilla,1
146445894,san-borja,748000.0,200.0,134.0,3,3,1,VAN DE VELDE 177,San Borja,1
146673768,san-borja,1223000.0,400.0,130.0,3,3,2,CALLE 20,San Borja,1
148620439,san-borja,770000.0,500.0,90.0,3,3,1,Jose Galvez Barrenechea  al 900,San Borja,1
149306832,san-borja,754000.0,150.0,140.0,4,2,0,Salzillo al 119,San Borja,1
144620217,san-borja,2656800.0,1100.0,340.0,5,6,4,Velasco Astete 700,San Borja,1
149796712,san-borja,577500.0,0.0,53.0,2,2,1,Avenida San Borja Norte 1120,San Borja,1
149870438,san-borja,1032500.0,350.0,200.0,5,3,1,Calle Venecia al 200,Chacarilla Del Estanque,1
148693684,san-borja,1067500.0,550.0,222.0,3,2,2,Bielovucic Cavalier,San Borja,1
4661907,san-borja,650000.0,350.0,104.0,3,2,1,av. san borja sur 934,San Borja,1
149717670,san-borja,1355200.0,400.0,190.0,4,3,1,Carzou 103,San Borja Norte,1
149720602,san-borja,85083300.0,200.0,242.0,5,3,1,Calle,Mariscal Ramon Castilla,1
149519017,san-borja,537000.0,0.0,118.0,3,2,0,Av. San Borja Sur,San Borja,1
149667585,san-borja,840000.0,120.0,185.0,6,3,0,San Borja,San Borja,1
146526553,san-borja,388000.0,120.0,55.0,1,1,1,calle 30,San Borja,1
148565553,san-borja,948000.0,0.0,297.0,5,3,3,Calle Avogadro,San Borja Sur,1
148712641,san-borja,800000.0,670.0,122.0,3,2,2,Avenida San Borja Sur,San Borja,1
149854487,san-borja,678000.0,400.0,126.0,3,3,1,Amadeo Avogadro 123,Corpac,1
148923728,san-borja,65692500.0,0.0,120.0,2,3,2,Wagner 298,San Borja,1
149850515,san-borja,900000.0,350.0,240.0,5,4,2,LOPEZ DE AYALA 1350,San Borja,1
149109545,san-borja,719600.0,0.0,90.0,3,2,1,Gálvez Barrenechea  al 900,San Borja,1
148144485,san-borja,875420.0,300.0,118.0,1,1,1,San Borja norte,San Borja Norte,1
149232684,san-borja,643000.0,150.0,160.0,3,3,0,Gaetano Donizetti 245,San Borja,1
149578019,san-borja,777000.0,0.0,218.0,3,2,2,"Jr. Benlliure 395, Lima 15036",San Borja Norte,1
149192265,san-borja,850000.0,450.0,144.0,3,2,2,Av. del Parque Sur 564,San Borja Sur,10
144545375,san-borja,1444000.0,800.0,180.0,3,4,2,avenida boulevard,San Borja,10
149780849,san-borja,1028100.0,500.0,178.0,3,3,2,Jirón GINO SEVERINI N° 166,San Borja,10
149593226,san-borja,396750.0,350.0,68.0,2,1,0,Ca. John Hassinger cdra. 1,San Borja,1
149796766,san-borja,945000.0,350.0,240.0,5,4,2,Avenida San Borja Norte,San Borja,1
149128229,san-borja,654165.0,0.0,76.0,3,2,0,"AV DEL Parque Sur, SAN Borja",San Borja,1
149800679,san-borja,751483.0,0.0,91.0,3,2,1,Gozzoli al 300,San Borja,1
149896604,san-borja,1156000.0,750.0,284.0,3,3,2,Av. Buena Vista 662,San Borja,1
149452867,san-borja,1780000.0,500.0,250.0,3,3,2,Calle Trinidad,Chacarilla Del Estanque,1
148242535,san-borja,1600000.0,550.0,182.0,3,3,2,HERMANO LOBO 200,Chacarilla Del Estanque,1
146392453,san-borja,885505.0,200.0,119.0,3,2,0,Av del Parque Sur 750,San Borja Sur,1
149462493,san-borja,1070460.0,0.0,116.0,3,2,1,Av. San Borja Sur 410,San Borja,1
149387044,san-borja,828000.0,400.0,114.0,3,3,2,Av. San Borja Sur,San Borja,1
147154558,san-borja,1184000.0,500.0,186.0,3,2,2,Avenida Buena Vista al 100,Chacarilla Del Estanque,1
58447980,san-borja,525400.0,250.0,94.0,2,3,1,Calle,Monterrico Norte,1
149898906,san-borja,621600.0,180.0,101.0,3,1,1,Calle Vicente Morales Duarez,Chacarilla Del Estanque,1
149469321,san-borja,530000.0,300.0,116.0,3,3,0,Av. San Borja Sur 443,San Borja Sur,1
149812923,san-borja,1099000.0,0.0,172.0,3,3,2,Avenida Buena Vista 219,Chacarilla Del Estanque,1
146157046,san-borja,592000.0,0.0,100.0,3,2,0,johanes vermeer san borja s/n,Las Artes,1
149280288,san-borja,737000.0,270.0,137.0,3,2,1,Av. del Parque Sur 524,San Borja,1
144861365,san-borja,614690.0,0.0,85.0,3,2,0,Av Parque sur 748,San Borja Sur,1
149406610,san-borja,1370000.0,410.0,256.0,4,3,2,Avenida del Parque Sur 677,San Borja,1
149754955,san-borja,665000.0,400.0,90.0,3,3,1,Calle Von Leonard Philip 103,Corpac,1
149898912,san-borja,997500.0,400.0,250.0,4,3,2,Jr. 9,Monterrico Norte,1
149605091,san-borja,1489440.0,0.0,249.0,3,2,2,Avenida del Pinar,Chacarilla Del Estanque,1
149640070,san-borja,682500.0,275.0,93.0,4,3,1,Jirón Isaac Albeniz 373,Las Magnolias,1
149460103,san-borja,828000.0,200.0,114.0,3,2,1,Fray Angélico 429,San Borja,1
144484709,san-borja,2800000.0,1800.0,492.0,3,4,3,"CALLE TRINIDAD 420, SAN BORJA",San Borja,1
149730551,san-borja,1016000.0,750.0,130.0,3,2,2,Calle 31,Mariscal Ramon Castilla,1
149727432,san-borja,600000.0,220.0,105.0,4,3,2,San borja,San Borja Sur,1
149662920,san-borja,840000.0,0.0,185.0,6,4,0,Jirón Gozzoli Sur,San Borja Sur,10
147976925,san-borja,1043000.0,500.0,120.0,3,3,2,AV BOULEBARD 1000,San Borja,10
149124813,san-borja,670000.0,350.0,90.0,3,2,1,Calle Leonard Bernstein 185,San Borja,10
149207330,san-borja,1349056.0,850.0,234.0,3,2,2,Buena Vista al 200,Chacarilla Del Estanque,1
149079101,san-borja,1275000.0,750.0,185.0,3,4,2,Las Garzas,Chacarilla Del Estanque,1
149827453,san-borja,1261700.0,700.0,191.0,3,3,2,Calle Melissa 184,Chacarilla Del Estanque,1
149352562,san-borja,1303000.0,750.0,140.0,3,3,2,Jiron la Pradera 372,Chacarilla Del Estanque,1
147569954,san-borja,560000.0,300.0,121.0,3,2,1,Jiron 10 324,San Borja,1
149772539,san-borja,868630.0,0.0,112.0,3,3,1,Urb. Mariscal Castilla,Mariscal Ramon Castilla,1
4658571,san-borja,2372500.0,1200.0,398.0,4,5,3,andalucia,Chacarilla Del Estanque,1
149844352,san-borja,647500.0,300.0,115.0,2,2,1,Severini 171,San Borja,1
146308669,san-borja,1232100.0,0.0,141.0,3,3,2,CHACARILLA DEL ESTANQUE SAN BORJA,Chacarilla Del Estanque,1
148513558,san-borja,1339050.0,600.0,229.0,3,3,2,"San Borja Norte, san Borja",San Borja,1
149610146,san-borja,1013000.0,650.0,155.0,3,3,2,BUENA VISTA,Chacarilla Del Estanque,1
148607655,san-borja,574431.0,160.0,84.0,3,2,1,Jean Sibelius,San Borja,1
149851975,san-borja,1100000.0,750.0,163.0,3,2,2,Chacarilla del Estanque Este,San Borja,1
3387862,san-borja,770500.0,240.0,116.0,3,2,2,CALLE ANDRES SEGOVIA N°120 Dpto.. 201 SAN BORJA,Las Magnolias,1
145435051,san-borja,720250.0,308.0,120.0,3,3,1,AV. SAN BORJA SUR 541,San Borja Sur,1
144684751,san-borja,1200000.0,450.0,280.0,4,3,2,Dirección no informada,Mariscal Ramon Castilla,1
149784588,san-borja,875000.0,600.0,138.0,3,3,0,Jirón Millet 175,San Borja,1
143338989,san-borja,633500.0,300.0,84.0,2,3,1,calle Lopez de ayala 279,San Borja Sur,1
149224549,san-borja,735000.0,0.0,131.0,3,3,1,"Av. San Borja Nte. 1281, San Borja 15037, Perú",San Borja,1
145053251,san-borja,1064000.0,500.0,155.0,3,3,2,CALLE 20 156,San Borja,1
149825739,san-borja,775000.0,450.0,110.0,3,2,1,Av. del Parque Sur 510,San Borja,1
149466076,san-borja,330000.0,0.0,62.0,1,1,1,Av. Velasco Astete 300,Mariscal Ramon Castilla,1
146308800,san-borja,1065600.0,0.0,120.0,3,3,2,CHACARRILLA DEL ESTANQUE SAN BORJA,Chacarilla Del Estanque,1
146313190,san-borja,1065600.0,0.0,172.0,4,4,1,SAN BORJA NORTE,San Borja Norte,1
149394609,san-borja,1053150.0,450.0,127.0,3,2,2,Avenida San Borja Norte,San Borja,1
149746036,san-borja,880000.0,750.0,195.0,4,3,2,Correggio 155,San Borja,1
142957341,san-borja,1310400.0,0.0,212.0,3,3,2,A un paso del pentagonito,Chacarilla,1
149028626,san-borja,739860.0,0.0,93.0,3,2,1,San Borja,San Borja,10
149682910,san-borja,973000.0,400.0,185.0,4,3,1,Pietro Torrigiano Corpac San Borja,Corpac,10
148609150,san-borja,675800.0,200.0,90.0,3,3,1,Av. de las Artes Sur 391,San Borja Sur,10
149393601,san-borja,875000.0,0.0,138.0,3,3,0,Jr. Millet 173,San Borja,1
148848434,san-borja,808800.0,350.0,130.0,3,2,2,Miguel Angel 483,San Borja,1
149629850,san-borja,1227600.0,360.0,245.0,4,4,2,Avenida Velasco Astete 109,Mariscal Ramon Castilla,1
149262376,san-borja,1242500.0,0.0,195.0,3,2,1,Pisano,San Borja Sur,1
148662355,san-borja,962000.0,400.0,177.0,3,3,2,Calle 7  211 Urb. Monterrico Norte  SAN Borja,Monterrico Norte,1
145429480,san-borja,1015000.0,580.0,155.0,2,3,2,picaflores 200,Chacarilla,1
149129917,san-borja,951825.0,0.0,120.0,3,3,1,AV. Buena Vista,San Borja,1
147761560,san-borja,971850.0,350.0,127.0,3,3,1,Av san Borja norte,San Borja Norte,1
149193809,san-borja,1075440.0,0.0,234.0,4,3,1,Av. del Parque Sur,Corpac,1
145646777,san-borja,1821350.0,0.0,562.0,5,4,2,calle 30 #111,San Borja Norte,1
148597358,san-borja,1200000.0,650.0,174.0,3,3,0,Avenida San Borja Sur,San Borja,1
149557778,san-borja,1085000.0,600.0,190.0,3,2,2,Pacaritambo,Chacarilla,1
146076945,san-borja,633150.0,350.0,106.0,3,3,2,JR 3 Nº DPTO . Urb Monterrico Norte SAN BORJA,Monterrico Norte,1
148109383,san-borja,877200.0,450.0,118.0,3,2,1,Avenida San Borja Norte al 600,San Borja,1
149608534,san-borja,569000.0,200.0,71.0,3,2,1,Avenida San Borja Norte,San Borja,1
148995457,san-borja,782000.0,200.0,120.0,3,2,2,Calle John Neper,San Borja,1
149129223,san-borja,805732.0,0.0,112.0,3,3,0,"Calle 2, Urb. Monterrico Norte, SAN Borja",San Borja,1
149302673,san-borja,875000.0,350.0,116.0,3,2,1,López de Ayala,San Borja Norte,1
149152105,san-borja,928520.0,250.0,120.0,3,3,1,Av. San Borja Sur 850,San Borja Sur,1
149792151,san-borja,690000.0,350.0,124.0,3,3,1,Avenida San Borja Sur 300,San Borja,1
149685631,san-borja,829500.0,350.0,112.0,3,2,1,Jr.,Monterrico Norte,1
65679102,san-borja,962000.0,130.0,181.0,3,3,1,Portinari 198,San Borja Norte,1
149825530,san-borja,414000.0,250.0,63.0,2,1,1,Avenida Velasco Astete,Mariscal Ramon Castilla,1
149314984,san-borja,1260000.0,50.0,223.0,3,2,2,Calle TIÉPOLO 121 - 1º PISO,San Borja,1
90051049,san-borja,921000.0,700.0,130.0,3,3,2,Av. San Borja Sur,San Borja,1
149778367,san-borja,584500.0,0.0,90.0,2,2,2,Avenida San Borja Norte 629,San Borja,1
149219210,san-borja,699000.0,0.0,108.0,2,2,1,Jr. 2,Monterrico Norte,1
149408431,san-isidro,1037000.0,0.0,160.0,3,3,2,LOS Sauces  al 300,San Isidro,1
147196339,san-isidro,1963500.0,790.0,220.0,3,4,3,Calle Tomas  Edison 292 Urb. Country Club San Isidro,San Isidro,1
148133160,san-isidro,1150522.0,512.0,147.0,3,4,1,Ca. Porras Osores,San Isidro,1
146828843,san-isidro,867000.0,0.0,185.0,4,5,0,CALLE JOSE DEL LLANO ZAPATA,San Isidro,1
149475881,san-isidro,733150.0,750.0,112.0,2,2,2,Av. Jorge Basadre Grohmann 840,Orrantia,1
149316462,san-isidro,1142400.0,0.0,180.0,2,2,2,Av. Conquistadores al 1100,San Isidro,1
148172881,san-isidro,1396000.0,850.0,280.0,3,3,2,Avenida Parque Sur al 400,San Isidro,1
149685900,san-isidro,1420000.0,900.0,181.0,3,3,2,Los Manzanos al 454,San Isidro,1
148288136,san-isidro,1527000.0,1076.0,177.0,3,3,2,Golf Millenium,San Isidro,1
146747481,san-isidro,430000.0,0.0,47.0,1,1,1,Ca. Los Laureles 250,San Isidro,1
149264726,san-isidro,538200.0,250.0,83.0,3,2,0,"Avenida. Arequipa, san Isidro",San Isidro,1
149903824,san-isidro,564300.0,185.0,89.0,2,1,1,Av. Javier Prado Este al 1100,San Isidro,1
149455605,san-isidro,2640000.0,1164.0,290.0,3,4,2,Calle Republica  al 300,San Isidro,1
149516550,san-isidro,1101120.0,480.0,136.0,3,3,2,Avenida Javier Prado Oeste 12,San Isidro,1
149582212,san-isidro,2346000.0,1385.0,354.0,3,3,2,Calle Los Nogales,Orrantia,1
144012712,san-isidro,9435000.0,2500.0,827.0,3,3,4,LOS CEDROS 701,San Isidro,1
149377216,san-isidro,889200.0,500.0,117.0,3,2,2,Golondrinas 230,Limatambo,1
149699489,san-isidro,535000.0,0.0,70.0,2,2,1,Alberto del Campo al 400,San Isidro,1
148972112,san-isidro,971500.0,690.0,152.0,3,2,2,Av. Dos de Mayo,San Isidro,1
149561732,san-isidro,1050000.0,400.0,152.0,3,2,2,Av José Gálvez Barrenechea,San Isidro,1
149716400,san-isidro,1877000.0,0.0,215.0,3,4,2,La Fuente al 200,San Isidro,1
147472748,san-isidro,1608630.0,728.0,135.0,3,2,2,"Calle La Republica 833, San Isidro, Lima",El Olivar,1
148742378,san-isidro,1590000.0,790.0,300.0,4,4,3,Avenida Javier Prado Oeste,Santa Rosa,1
149765226,san-isidro,2646500.0,1063.0,570.0,4,3,3,Av. 2 de Mayo,San Isidro,1
149846475,san-isidro,1356600.0,900.0,161.0,3,3,2,Av. Salaverry 2999,San Isidro,1
149136496,san-isidro,803400.0,750.0,126.0,2,1,1,Calle Santa Luisa 195,San Isidro,1
149240623,san-isidro,4000000.0,2000.0,520.0,4,4,2,Los Nogales,San Isidro,1
149896717,san-isidro,1959750.0,990.0,244.0,3,4,2,Lima Golf Club,San Isidro,1
148840828,san-isidro,1169150.0,0.0,528.0,4,4,2,"Calle Los Ficus N 3, San Isidro",San Isidro,1
149843000,san-isidro,460000.0,0.0,45.0,1,1,0,Av. Javier Prado Este 595 San Isidro al 500,San Isidro,1
147492074,san-isidro,1565200.0,900.0,294.0,5,5,2,Pent House en Av. Alberto del Campo - Límite con San Isidro,Country Club,1
149887993,san-isidro,680000.0,350.0,104.0,3,2,1,Av. Alberto del Campo al 488,San Isidro,1
148152218,san-isidro,1632000.0,760.0,180.0,3,2,2,"Pezet, San Isidro , San Isidro, Lima",San Isidro,1
148528566,san-isidro,1714650.0,0.0,185.0,3,3,2,Calle Teniente Alberto Chabrier,Golf,1
146329039,san-isidro,3082000.0,0.0,388.0,4,3,3,SALAMANCA,El Rosario,1
149484770,san-isidro,1139000.0,600.0,141.0,2,2,2,Calle Los Castaños 310,Country Club,1
149791098,san-isidro,605000.0,0.0,54.0,2,2,0,"Los Pinos 561, San Isidro",San Isidro,1
149478124,san-isidro,485750.0,200.0,45.0,1,1,0,Av. Canaval y Moreyra,San Isidro,1
149022850,san-isidro,1751040.0,0.0,215.0,3,3,1,Calle General La Fuente,San Isidro,1
148303643,san-isidro,837500.0,420.0,116.0,2,2,2,Los Castaños,San Isidro,10
149041223,san-isidro,1735000.0,760.0,235.0,3,4,2,LOS Eucaliptos al 300,San Isidro,10
146889189,san-isidro,2383329.0,1.0,225.0,3,3,2,Choquehuanca san isidro,San Isidro,10
149793645,san-isidro,9100000.0,0.0,540.0,3,3,4,Juan Antonio Pezet al 200,San Isidro,1
149415351,san-isidro,1475760.0,0.0,324.0,3,3,2,Los Pinos 322,San Isidro,1
148994149,san-isidro,484400.0,280.0,45.0,1,1,0,Av. Javier Prado Cerca al Centro Financiero,San Isidro,1
149825758,san-isidro,2550000.0,0.0,298.0,4,3,2,Av. Aurelio Miroquesada,Golf,1
149242903,san-isidro,726950.0,550.0,120.0,2,2,2,Los Robles al 200,San Isidro,1
149167269,san-isidro,1220000.0,0.0,226.0,3,2,2,AV. PARQUE NORTE 800 SAN ISIDRO,Corpac,1
149608549,san-isidro,1541000.0,0.0,151.0,3,2,2,"Exclusivo Flat en San Isidro, 207 m² Frente a Parque, con Amplios Espacios y Entorno Tranquilo",San Isidro,1
149506235,san-isidro,1428000.0,0.0,237.0,3,3,2,Calle  General Mendiburu  585,San Isidro,1
149271146,san-isidro,1423107.0,680.0,280.0,3,3,2,Av. Parque Sur 460,Corpac,1
149564089,san-isidro,2205199.0,0.0,238.0,2,3,3,Avenida Jorge Basadre Grohmann,Orrantia,1
147753121,san-isidro,700000.0,250.0,120.0,3,2,0,Manuel Gonzales la Rosa y Roque de Bergallo,San Isidro,1
149053753,san-isidro,465750.0,200.0,70.0,3,2,1,Av. República de Panamá  4075,Limatambo,1
149056642,san-isidro,787250.0,0.0,120.0,2,2,2,"Avenida Antonio Pezet N 1, Piso 5, San Isidro",San Isidro,1
149385251,san-isidro,3361400.0,0.0,405.0,3,3,3,Av. Santo Toribio  al 200,San Isidro,1
148224629,san-isidro,4622000.0,1200.0,302.0,4,4,2,Av. Coronel  Portillo 390 - Dpto  1801,San Isidro,1
149573300,san-isidro,1245000.0,600.0,200.0,2,3,2,Los Fresnos,San Isidro,1
148712699,san-isidro,2738466.0,1450.0,411.0,4,4,3,"Av. Jorge Basadre 800, San Isidro",Country Club,1
149776416,san-isidro,1288000.0,0.0,170.0,2,4,2,Parque Norte 685 Corpac San Isidro,Corpac,1
143247022,san-isidro,1262950.0,450.0,292.0,2,3,2,avenida 2 de mayo 955,Orrantia,1
148234492,san-isidro,2900000.0,900.0,188.0,2,2,2,Av. Coronel  Portillo 390 - Dpto 1702,San Isidro,1
149907950,san-isidro,982600.0,690.0,151.0,3,2,2,Av. dos Mayo Entre la Cuadra 16 y 17 de Javier Prado Oeste,San Isidro,1
149473033,san-isidro,677344.0,0.0,71.0,3,2,0,Calle Las Palmeras al 200,San Isidro,1
146596442,san-isidro,1759720.0,690.0,164.0,2,2,1,LOS CASTAÑOS 400,Country Club,1
149330025,san-isidro,1499400.0,0.0,152.0,2,2,3,Basadre,San Isidro,1
149329994,san-isidro,1036305.0,0.0,95.0,1,1,2,Basadre,San Isidro,1
149847246,san-isidro,1344000.0,760.0,290.0,3,2,1,"Octavio Espinosa al 400 290m2 3D, Gran Terraza y Remodelado",San Isidro,1
149458789,san-isidro,2023000.0,1200.0,172.0,2,2,2,Boulevard Roosevelt,San Isidro,10
148246924,san-isidro,9180000.0,0.0,506.0,3,3,4,Eguiguren,San Isidro,10
149159229,san-isidro,1950000.0,0.0,250.0,3,5,0,Parque Norte 685 Corpac San Isidro al 600,San Isidro,1
149541778,san-isidro,799000.0,0.0,256.0,3,1,1,Av. Arequipa 3100,San Isidro,1
148809473,san-isidro,4288000.0,0.0,388.0,4,3,6,"Calle Salamanca N 1, Piso 2, Urb. El Rosario, San Isidro",El Rosario,1
149764725,san-isidro,598000.0,0.0,60.0,2,2,1,C. Miguel G. Seminario  190 San Isidro,San Isidro,1
149451497,san-isidro,595000.0,280.0,60.0,2,2,1,Av. General Salaverry 3590  - Dpto 802,San Isidro,1
149584772,san-isidro,360000.0,200.0,52.0,1,1,0,Av. Dos de Mayo,Country Club,1
149172074,san-isidro,544790.0,300.0,78.0,1,1,1,Calle las Palmeras,Orrantia,1
149288553,san-isidro,3358850.0,1470.0,532.0,3,3,3,Avenida General Pezet,San Isidro,1
149281475,san-isidro,10177500.0,2900.0,703.0,3,3,6,Boulevard Roosevelt 300,San Isidro,1
148623751,san-isidro,1649000.0,1019.0,206.0,3,4,3,Angamos Oeste,San Isidro,1
149432676,san-isidro,540000.0,283.0,74.0,1,1,1,Calle Los Sauces,San Isidro,1
149518186,san-isidro,3194100.0,900.0,258.0,3,4,2,"Pezet CON Vista Directa AL Golf. Impecable. 3 Dormitorios, 2 Cocheras Edificio A1",San Isidro,1
149685565,san-isidro,532000.0,300.0,56.0,2,2,1,Av. Salaverry Frente a Real Plaza,San Isidro,1
148623721,san-isidro,1995460.0,0.0,188.0,3,3,2,"La Pinta, El Olivar de San Isidro",San Isidro,1
146887303,san-isidro,659950.0,450.0,80.0,2,2,1,Luis Felipe Villaran,San Isidro,1
149359957,san-isidro,722600.0,0.0,119.0,2,2,1,Avenida 2 de Mayo 1300,Orrantia,1
149196670,san-isidro,782000.0,320.0,84.0,3,2,1,Av. Salaverry  3500. San Isidro,Orrantia Del Mar,1
149043542,san-isidro,2244500.0,1100.0,265.0,2,3,2,Calle Los Libertadores 6xx,San Isidro,1
147826213,san-isidro,960000.0,400.0,117.0,3,2,1,Av. Carriquiry al 800 3D 117m2 Y 01 Cochera,San Isidro,1
149519618,san-isidro,4716150.0,0.0,302.0,4,3,2,Av. Pezet - Frente al Golf - San Isidro,San Isidro,1
147112014,san-isidro,943500.0,280.0,115.0,3,3,0,Calle Olavide,San Isidro,1
147860109,san-isidro,1507500.0,945.0,177.0,3,2,2,Av. El Rosario,San Isidro,1
149094591,san-isidro,1525000.0,980.0,216.0,3,2,1,Avenida General Pezet,Santa Monica,1
147496872,san-isidro,937000.0,0.0,147.0,3,2,1,Calle 27 384,Corpac,1
147889600,san-isidro,1155750.0,400.0,209.0,3,3,1,"Av. Faustino Sánchez Carrión, san Isidro, urb Country Club",Country Club,1
149432035,san-isidro,1031550.0,400.0,161.0,3,2,1,Calle Prolongación Alfredo Salazar  al 100 161m2 3dormitorios Y 01 Cochera,San Isidro,1
148624062,san-isidro,1665660.0,0.0,185.0,3,4,2,Alberto Chabrier,San Isidro,10
149501461,san-isidro,615000.0,320.0,62.0,2,2,1,"Av. Arequipa  3235, Piso 5 | Edificio The Classic Edifica | Ideal Para Inversión",El Olivar,10
148306758,san-isidro,1278864.0,600.0,170.0,3,2,1,Av. Miguel de Cervantes Saavedra 780,San Isidro,10
149666049,san-isidro,1134250.0,800.0,120.0,2,2,0,Urb. Orrantia al 100,Orrantia,1
146626177,san-isidro,5790500.0,1500.0,490.0,3,5,4,LOS CASTAÑOS  400,Country Club,1
149608485,san-isidro,1675000.0,0.0,141.0,3,3,2,"Exclusivo Dúplex en San Isidro, 238 m² Frente a Parque, con Amplios Espacios y Entorno Tranquilo",San Isidro,1
147979191,san-isidro,2967000.0,1000.0,398.0,3,3,3,Los Eucaliptos,Country Club,1
149847556,san-isidro,1863000.0,0.0,151.0,2,2,0,Av. Gral. Juan Antonio Pezet & Av Coronel Pedro Portillo,San Isidro,1
143679848,san-isidro,632700.0,0.0,60.0,2,2,1,Av. Augusto Perez Aranibar,San Isidro,1
149021650,san-isidro,1339900.0,0.0,130.0,3,3,1,Calle General La Fuente,San Isidro,1
148883945,san-isidro,1021750.0,0.0,150.0,3,3,1,Manuel Villavicencio,Jardin,1
148229057,san-isidro,3864000.0,1800.0,302.0,3,3,2,Av.  Coronel Portillo 390 - Dúplex 2202,San Isidro,1
149535627,san-isidro,946200.0,375.0,134.0,3,2,2,Malecón Bernales al 100 Frente al Parque Domingo Pantigoso y a 1 Cuadra del Parque de la Pera,San Isidro,1
149111595,san-isidro,1479450.0,0.0,135.0,3,3,2,ca Republica  al 800,San Isidro,1
146390594,san-isidro,3035000.0,1800.0,400.0,3,3,4,CIPRESES,El Olivar,1
148697103,san-isidro,3350000.0,700.0,230.0,3,3,2,"Avenida Aurelio Miro Quesada 1, Piso 2, San Isidro",Golf,1
148623690,san-isidro,2900000.0,1100.0,200.0,3,4,3,Aurelio Miroquesada,Golf,1
149630997,san-isidro,1200000.0,0.0,130.0,3,4,2,Proyecto Cipreses 343 | A Pasos del  Centro Empresarial de San Isidro y El Golf,El Olivar,1
148214169,san-isidro,8007439.0,0.0,616.0,3,3,2,Av. Coronel Pedro Portillo 3D Piso 22,Golf,1
149490861,san-isidro,824550.0,520.0,136.0,2,2,1,Orrantia San Isidro,Orrantia,1
149606334,san-isidro,2820000.0,1450.0,411.0,4,4,3,Jorge Basadre  al 800,San Isidro,1
149537932,san-isidro,4080000.0,1000.0,346.0,4,3,4,Camino Real Frente al Golf,San Isidro,1
147449663,san-isidro,19320000.0,7652.0,900.0,4,4,8,Pezet,San Isidro,1
149686212,san-isidro,966000.0,500.0,119.0,3,2,1,Av. Salaverry 29xx,San Isidro,1
149461762,san-isidro,1674890.0,1000.0,286.0,2,2,3,"Av. Jorge Basadre  al 1000- Departamento en 1er Piso con  2 Terraza, a Pasos del Golf",San Isidro,1
149903509,san-isidro,920000.0,570.0,120.0,3,2,2,AV 2 DE Mayo 1248 Dpto 700 - SAN Isidro,San Isidro,1
149843178,san-isidro,545000.0,0.0,52.0,1,1,0,Canaval y Moreyra 185 San Isidro,San Isidro,1
149777813,san-isidro,782000.0,400.0,152.0,3,2,1,Av. Juan de Aliaga  al 600,Orrantia,1
142706000,san-isidro,4300800.0,0.0,378.0,4,3,6,Angamos Oeste,San Isidro,1
143363591,san-isidro,1292000.0,300.0,196.0,3,2,2,AV. CONQUISTADORES 1010,San Isidro,10
146199180,san-isidro,737000.0,300.0,65.0,2,2,1,"Avenida Rivera Navarrete 5, Piso 5, San Isidro",San Isidro,10
149630789,san-isidro,2899000.0,0.0,230.0,3,4,2,Proyecto Cipreses 343 | A Pasos del  Centro Empresarial de San Isidro y El Golf,El Olivar,10
149320040,san-isidro,2880000.0,1800.0,413.0,4,4,3,Tudela y Varela,San Isidro,1
149321027,san-isidro,645000.0,0.0,63.0,2,2,0,Av. Canaval y Moreyra 185 San Isidro,San Isidro,1
149563909,san-isidro,1171023.0,0.0,111.0,1,2,2,Avenida Jorge Basadre Grohmann,Orrantia,1
149151973,san-isidro,1733000.0,1100.0,214.0,3,3,2,Nicolás de Ribera #838 - 202,San Isidro,1
148862041,san-isidro,836625.0,400.0,67.0,2,2,1,La Florida 155 San Isidro,San Isidro,1
149806511,san-isidro,2690000.0,1000.0,330.0,3,5,3,Calle Los Libertadores,San Isidro,1
147925860,san-isidro,1870000.0,1166.0,210.0,3,3,1,Alfredo Salazar,San Isidro,1
148613346,san-isidro,1068000.0,500.0,110.0,3,3,2,Ugarte y Moscoso al 300,San Isidro,1
149198217,san-isidro,1437150.0,1050.0,180.0,3,3,2,Los Cedros,San Isidro,1
149592835,san-isidro,1088000.0,570.0,147.0,3,3,1,Carlos Porras Osores al 200,San Isidro,1
4112700,san-isidro,3420000.0,1100.0,260.0,3,3,2,Av. pezet,San Isidro,1
149037647,san-isidro,1553000.0,0.0,258.0,3,2,2,"Terraza Gigante y Patio Grande.  3 Habitaiciones, Cuarto de Juegos Edificio con Piscina y Gym.",San Isidro,1
148571591,san-isidro,1713000.0,0.0,206.0,3,2,2,Avenida Dos de Mayo al 1400,Country Club,1
148579610,san-isidro,1751955.0,1073.0,203.0,2,3,2,"Av. Miro Quesada , Cdra 6",San Isidro,1
149711083,san-isidro,1031550.0,450.0,147.0,3,3,1,Calle paz y Perfecta Unión  San Isidro,Corpac,1
148149588,san-isidro,1200000.0,500.0,133.0,3,2,1,Javier Prado,San Isidro,1
148077929,san-isidro,2442150.0,1450.0,313.0,3,3,3,Miro Quesada,San Isidro,1
148688853,san-isidro,2204400.0,1400.0,330.0,3,3,2,Avenida Jorge Basadre 1435,San Isidro,1
146721528,san-isidro,2046000.0,1600.0,281.0,3,2,2,frente al parque Hurtado Abadia,San Isidro,1
148162388,san-isidro,910000.0,550.0,150.0,3,2,2,LOS PINOS,San Isidro,1
147508020,san-isidro,1505000.0,1100.0,243.0,3,2,2,Salaverry Cdra 35 Pisos 8 y 9,San Isidro,1
148654206,san-isidro,1071660.0,500.0,115.0,3,2,2,Calle Manuel Ugarte y Moscoso,San Isidro,1
149773011,san-isidro,1343000.0,350.0,283.0,5,3,4,Calle 25,San Isidro,1
149501448,san-isidro,1103000.0,300.0,153.0,4,3,3,Calle Doctor Carlos Ferreyros,Corpac,1
149890180,san-isidro,1445000.0,1400.0,242.0,3,3,2,Avenida Octavio Espinosa,San Isidro,1
149127304,san-isidro,589000.0,380.0,60.0,2,2,1,Calle Miguel G. Seminario 190,Corpac,1
149661786,san-isidro,748000.0,460.0,111.0,2,2,1,Alberto del Campo,San Isidro,1
4663493,san-isidro,949331.0,341.0,130.0,2,1,2,"Av. Salaverry 3370, San Isidro",San Isidro,10
149809249,san-isidro,1168900.0,1000.0,170.0,3,3,3,Parque Norte,San Isidro,10
149496582,san-isidro,2054150.0,0.0,189.0,3,3,2,Calle La Pinta 120,San Isidro,10
148977849,san-isidro,430000.0,350.0,45.0,1,1,0,Calle Coronel Odriozola 128,San Isidro,1
59625385,san-isidro,1977500.0,600.0,292.0,3,3,0,AV. SALAVERRY 3370,Orrantia,1
149310781,san-isidro,918000.0,400.0,120.0,3,3,2,Av. del Parque Nte.,El Palomar,1
145463140,san-isidro,3572000.0,2520.0,550.0,6,5,3,Dirección no informada,San Isidro,1
149653016,san-isidro,650940.0,0.0,58.0,2,2,1,Av Salaverry,San Isidro,1
3901277,san-isidro,3734640.0,2850.0,683.0,5,7,2,Dirección no informada,El Olivar,1
149746162,san-isidro,2652000.0,1166.0,260.0,2,4,2,Av. Aurelio Miró Quesada,San Isidro,1
148201276,san-isidro,1666000.0,1100.0,300.0,3,4,1,Dirección no informada,Golf,1
149178876,san-isidro,1600000.0,750.0,273.0,3,3,1,Avenida Octavio Espinosa 444,San Isidro,1
149312204,san-isidro,1361500.0,1200.0,137.0,3,2,2,Calle Mariscal Blas Cerdeña,Santa Teresita,1
147285148,san-isidro,1202000.0,750.0,155.0,3,2,2,Av Salaverry,Orrantia Del Mar,1
147057587,san-isidro,638145.0,0.0,75.0,2,2,0,Av. Canaval y Moreyra,San Isidro,1
146598824,san-isidro,2990000.0,1690.0,432.0,3,4,2,Calle Las Flores 360,Country Club,1
149481697,san-isidro,448000.0,285.0,70.0,2,1,1,Avenida José Gálvez Barrenechea,Corpac,1
149250062,san-isidro,1624500.0,700.0,267.0,3,3,2,Av AURELIO MIRO QUESADA  164 - 201,San Isidro,1
149673998,san-isidro,799000.0,0.0,123.0,2,2,2,Av. Arequipa 3383,Chacarilla Santa Cruz,1
149316093,san-isidro,1166000.0,570.0,160.0,3,2,2,Av. del Parque Nte.,San Isidro,1
149343779,san-isidro,872000.0,420.0,110.0,2,2,1,Calle Los Castaños 281,Country Club,1
149623430,san-isidro,895700.0,240.0,170.0,3,2,1,Calle Chinchón 881,Corpac,1
149448906,san-isidro,966000.0,710.0,195.0,3,2,0,Calle Augusto Bolognesi 14,San Isidro,1
149520736,san-isidro,2000000.0,700.0,388.0,3,3,2,Av. Javier Prado Oeste 1748,San Isidro,1
62359154,san-isidro,793500.0,0.0,90.0,2,2,0,AV. SALAVERRY 3370,Orrantia,1
146262471,san-isidro,1461500.0,550.0,173.0,2,2,2,Salaverry Cdra 33 Piso 2,San Isidro,1
4663672,san-isidro,796950.0,300.0,90.0,1,1,2,"Av. Salaverry 3370, San Isidro",San Isidro,1
148920515,san-isidro,3060000000.0,1250.0,448.0,6,4,2,Avenida Aurelio Miró Quesada 576,San Isidro,1
146683940,san-isidro,1587750.0,1400.0,184.0,2,2,2,los nogales,San Isidro,1
147240369,san-isidro,1428000.0,900.0,264.0,3,2,3,Alberto del Campo,Orrantia,1
4662238,san-isidro,1282050.0,400.0,150.0,3,2,2,"Av. Salaverry 3370, San Isidro",San Isidro,10
147590990,san-isidro,1387103.0,0.0,122.0,3,3,0,Av. Javier Prado Oeste Cdra. 9 -  San Isidro,San Isidro,10
148320379,san-isidro,1233000.0,800.0,151.0,3,3,2,"Calle Roma , San Isidro, Lima",San Isidro,10
4639923,san-isidro,2311000.0,750.0,223.0,3,2,2,Avenida Nicolas de Rivera,Orrantia,1
149688984,san-isidro,2040000.0,0.0,203.0,4,3,0,Av. Gral. Juan Antonio Pezet  al 1600,San Isidro,1
149863433,san-isidro,470000.0,300.0,47.0,1,1,0,Dean Valdivia,San Isidro,1
149569470,san-isidro,1402200.0,500.0,218.0,3,3,2,Calle Las Garzas Norte,Limatambo,1
147794697,san-isidro,1445000.0,1450.0,242.0,3,3,2,"Octavio Espinosa Cdra 1 Pisos 3, 4 y 5",San Isidro,1
145978060,san-isidro,1642500.0,1100.0,200.0,2,2,2,Aurelio Miroquesada 136,Golf,1
149266054,san-isidro,570000.0,170.0,71.0,2,2,1,Calle 32,Corpac,1
149802862,san-isidro,4250000.0,0.0,290.0,3,3,3,Calle Alfredo Salazar,Santa Isabel,1
13292400,san-isidro,1265000.0,500.0,150.0,3,3,0,Av. Salaverry 3370,San Isidro,1
149606399,san-isidro,1327200.0,520.0,167.0,3,3,2,Calle Los Sauces,Orrantia,1
149469049,san-isidro,1104000.0,750.0,115.0,2,2,1,Calle Miguel G. Seminario 190,Santa Ana,1
149498022,san-isidro,659000.0,300.0,62.0,2,2,1,Calle Audiencia 190,San Isidro,1
148819259,san-isidro,530100.0,0.0,121.0,3,2,1,C. 32,San Isidro,1
148593899,san-isidro,2190500.0,1000.0,204.0,4,3,3,Dirección no informada,San Isidro,1
149280718,san-isidro,745000.0,280.0,90.0,2,2,1,Av. Salaverry 2347,San Isidro,1
149320344,san-isidro,1402200.0,600.0,180.0,3,2,2,Av. Camino Real 620,San Isidro,1
146560537,san-isidro,1742000.0,1100.0,283.0,3,2,2,Carlos Porras Osores 370,Country Club,1
149867972,san-isidro,1715000.0,950.0,182.0,3,2,3,"Calle Los Nogales, San Isidro",San Isidro,1
148944116,san-isidro,1564000.0,800.0,195.0,3,2,2,Av. Aurelio Miró Quesada 920,Santa Rosa,1
149864734,san-isidro,4036500.0,1450.0,500.0,5,5,3,muy cerca al Golf,Golf,1
149041851,san-isidro,571200.0,0.0,129.0,4,3,0,Calle German Schreiber Gulsmanco 257,San Isidro,1
142918302,san-isidro,366047.0,0.0,40.0,1,1,1,Las Palmeras,San Isidro,1
149276857,san-isidro,1170000.0,1022.0,170.0,3,3,3,Av. del Parque Nte.,San Isidro,1
149381813,san-isidro,119025000.0,0.0,160.0,3,3,2,Av. del Parque Nte.,San Isidro,1
148719489,san-isidro,1950800.0,1621.0,256.0,3,3,3,REAL CLUB SAN ISIDRO,San Isidro,1
146921256,san-isidro,798660.0,450.0,143.0,3,2,2,Avenida José Gálvez Barrenechea 481,San Isidro,1
149810793,san-isidro,655482.0,400.0,86.0,3,2,1,Calle Manuel Ugarte y Moscoso 580,San Isidro,1
4605044,san-isidro,4255000.0,1.0,324.0,3,4,2,av. pedro portillo,San Gabriel,10
149864977,san-isidro,568750.0,350.0,65.0,1,1,0,Calle Los Álamos,San Isidro,10
149271605,san-isidro,791200.0,300.0,101.0,2,2,1,Jirón Daniel Carrión 500 Magdalena,Orrantia,7
149693558,san-isidro,1342050.0,1200.0,137.0,3,2,2,Blas Cerdeña 4,Santa Teresita,1
149739218,san-isidro,1155000.0,900.0,218.0,2,5,2,Avenida Javier Prado Oeste 1267,Orrantia,1
4642051,san-isidro,410000.0,0.0,45.0,1,1,1,Canaval y Moreyra,San Isidro,1
149508627,san-isidro,1280000.0,250.0,195.0,5,3,1,Calle 32 272,Corpac,1
4322286,san-isidro,1406300.0,950.0,197.0,3,3,2,LOS CEDROS,San Isidro,1
149498377,san-isidro,807820.0,520.0,136.0,2,2,1,Calle Los Pinos,Orrantia,1
148825162,san-isidro,1331150.0,450.0,167.0,3,3,2,Dirección no informada,San Isidro,1
4167826,san-isidro,1673250.0,1100.0,215.0,3,3,3,Angamos Oeste 1580,San Isidro,1
148435665,san-isidro,3309600.0,1470.0,532.0,3,4,3,Dirección no informada,San Isidro,1
149156472,san-isidro,1914000.0,890.0,220.0,4,3,2,Avenida Coronel Pedro Portillo,San Isidro,1
148320318,san-isidro,4120000.0,0.0,302.0,4,4,0,Coronel Portillo  Cdra 3 Dpto 1101,Golf,1
146343547,san-isidro,1896080.0,1600.0,313.0,3,5,3,AV. GENERAL JUAN ANTONIO PEZET 1970,Country Club,1
148624296,san-isidro,7990000.0,3900.0,805.0,6,6,7,Avenida Álvarez Calderón,San Isidro,1
146164069,san-isidro,4329000.0,1400.0,323.0,3,3,2,AVENIDA GENERAL PEZET 200,San Gabriel,1
148922563,san-isidro,970000.0,400.0,117.0,3,2,1,Av. Carriquiry  al 800 | 3 Dorm | Piso 26 | Depa + Cochera | Vista Panorámica,San Isidro,1
149055027,san-isidro,2156800.0,520.0,225.0,3,3,3,Calle Los Sauces 377,Orrantia,1
4516614,san-isidro,3420000.0,1450.0,358.0,3,4,4,AV. JORGE BASADRE 1256,San Isidro,1
148846989,san-isidro,1143000.0,600.0,146.0,3,2,2,Avenidda Javier Prado Oeste al 1300,Country Club,1
148594281,san-isidro,1633460.0,0.0,184.0,3,2,1,Calle Baltazar La Torre al 200,San Isidro,1
149902947,san-isidro,3385800.0,0.0,648.0,4,3,4,Calle Baltazar la Torre  al 1000,San Isidro,1
4262370,san-isidro,3692600.0,1600.0,300.0,3,3,2,Contralmirante mora,San Isidro,1
149747425,san-isidro,2277000.0,0.0,569.0,3,3,3,2 de Mayo,San Isidro,1
149621447,san-isidro,1870000.0,1160.0,212.0,3,3,1,Calle Alfredo Salazar al 600,San Isidro,1
149698642,san-isidro,3277500.0,2200.0,286.0,3,3,3,Avenida Tudela y Varela 4,Santa Isabel,1
146470599,san-isidro,1831500.0,1200.0,187.0,3,3,2,ANTERO ASPILLAGA 205,El Olivar,1
147814602,san-isidro,1207500.0,0.0,117.0,2,2,2,Parque Acosta,San Isidro,1
149848944,san-isidro,4824000.0,3600.0,303.0,4,4,2,Avenida General Juan Antonio Pezet,Santa Monica,1
61697754,san-isidro,12915000.0,0.0,700.0,3,3,4,Alfredo Salazar 940 San Isidro,San Isidro,10
148654381,san-isidro,1108400.0,0.0,149.0,3,2,2,Av. Parque Sur  446 San Isidro,San Isidro,10
143961176,san-isidro,1561500.0,432.0,146.0,3,2,1,Calle Anchorena 001,San Isidro,10
149724570,san-isidro,375000.0,0.0,41.0,1,1,0,Av. Salaverry,San Isidro,1
147463903,san-isidro,9487500.0,3500.0,379.0,3,3,2,Av. Coronel  Portillo 390  - Dpto Penthouse 2203,San Isidro,1
147697069,san-isidro,880600.0,500.0,117.0,3,2,2,CALLE LAS GOLONDRINAS 230,Limatambo,1
148909707,san-isidro,720000.0,320.0,67.0,2,2,1,Av. Rivera Navarrete,San Isidro,1
144213848,san-isidro,1148501.0,0.0,146.0,3,3,1,Av 2 de Mayo 961,San Isidro,1
149455678,san-isidro,2551500.0,0.0,378.0,3,4,3,Parque Miguel Dammert 192  San Isidro.,San Isidro,1
147493238,san-isidro,2054150.0,0.0,188.0,3,3,2,LA Pinta - SAN Isidro,El Olivar,1
149430573,san-isidro,1312500.0,0.0,198.0,3,3,2,Av. Dos de Mayo al 1700,Country Club,1
149086162,san-isidro,1719653.0,205.0,203.0,3,3,2,Miró Quesada  al 200,Golf,1
145128695,san-isidro,1849700.0,650.0,200.0,3,3,2,Tomas Edison,San Isidro,1
146746695,san-isidro,1176500.0,1.0,109.0,1,2,1,PARQUE ACOSTA,San Isidro,1
148031625,san-isidro,1116329.0,550.0,110.0,3,2,1,Javier Prado Oeste esquina Ugarte y Moscoso,Country Club,1
146857502,san-isidro,1700000.0,600.0,280.0,5,4,2,calle luis aldana 357,Corpac,1
4540749,san-isidro,1054620.0,450.0,129.0,3,2,2,Av. Javier Prado Oeste 2067,Country Club,1
145229150,san-isidro,3869847.0,0.0,380.0,5,4,2,NICOLAS DE LA RIBERA 838 san isidro,San Isidro,1
149615325,san-isidro,670000.0,250.0,61.0,2,2,0,Avenida Canaval y Moreyra,San Isidro,1
147839100,san-isidro,1445000.0,1500.0,242.0,3,3,2,"Av. Octavio Espinoza 123, San Isidro",Country Club,1
149738697,san-isidro,734850.0,278.0,62.0,2,2,0,Calle Amador Merino Reyna,San Isidro,1
148875574,san-isidro,4060200.0,0.0,302.0,4,4,1,Av. Gral. Juan Antonio Pezet & Av Coronel Pedro Portillo,Golf,1
149903261,san-isidro,610540.0,300.0,45.0,1,3,1,Edificio Nuevo de Estreno en el Corazón del Centro Financiero en Navarrete,San Isidro,1
149904402,san-isidro,647000.0,350.0,65.0,2,2,1,"AV. Salaverry, Orrantia DEL MAR SAN Isidro",San Isidro,1
149124802,san-isidro,649900.0,0.0,63.0,2,2,0,Av. Canaval   y Moreyra,San Isidro,1
149848096,san-isidro,1870000.0,0.0,220.0,3,2,2,Av. Aurelio Miroquesada,San Isidro,1
143959035,san-isidro,1368000.0,350.0,150.0,3,2,2,AV SALAVERRY,San Isidro,1
149534331,san-juan-de-lurigancho,425080.0,0.0,105.0,3,2,0,Papiros 367 Urb,San Silvestre,10
148064963,san-juan-de-lurigancho,311400.0,0.0,120.0,2,2,0,LAS Flores,San Juan de Lurigancho,1
145918314,san-juan-de-lurigancho,1480000.0,0.0,127.0,2,2,0,Akapana 1169,Mangomarca,1
148212425,san-juan-de-lurigancho,319000.0,0.0,153.0,3,2,0,Jr  Los Calamos  al 1483,Las Flores,1
147615861,san-juan-de-lurigancho,543220.0,0.0,148.0,2,2,0,San Hilarion,San Juan de Lurigancho,1
149173638,san-juan-de-lurigancho,290700.0,0.0,148.0,3,2,0,Zarate-  Distrito de SAN Juan DE Lurigancho,San Juan de Lurigancho,1
147615872,san-juan-de-lurigancho,501700.0,0.0,137.0,3,2,0,SAN Hilarion,San Juan de Lurigancho,1
149227820,san-juan-de-lurigancho,467100.0,0.0,137.0,3,2,0,SAN Hilarion,San Juan de Lurigancho,1
149371779,san-juan-de-lurigancho,362730.0,0.0,128.0,3,1,0,Luis     9.9.9.6.1.7.7.8.8,Zarate,1
149341048,san-juan-de-lurigancho,271800.0,0.0,86.0,3,2,0,Jirón el Rosario 470,Canto Grande,1
149327814,san-juan-de-lurigancho,278800.0,0.0,160.0,3,2,0,Av. Sta. Rosa de Lima,San Juan de Lurigancho,1
149331007,san-juan-de-lurigancho,387550.0,0.0,102.0,3,3,2,Avenida Huachipa,Santa Maria De Chosica,1
149355831,san-juan-de-lurigancho,321780.0,80.0,107.0,3,2,0,Puruchuco 888,Mangomarca,1
149813914,san-juan-de-lurigancho,155000.0,0.0,70.0,2,1,0,Jr. Este 5373,Ciudad Mariscal Caceres,1
149650836,san-juan-de-lurigancho,429000.0,0.0,105.0,3,2,0,Papiros,San Juan de Lurigancho,1
149045111,san-juan-de-lurigancho,315000.0,0.0,100.0,3,1,0,Akapana 1169,Mangomarca,1
149044994,san-juan-de-lurigancho,350000.0,0.0,120.0,3,1,1,Akapana 1169,Mangomarca,1
147831975,san-juan-de-lurigancho,294588.0,0.0,155.0,5,2,0,Jr. Los Jazmines 264. San Juan de Lurigancho,San Juan de Lurigancho,1
149651544,san-juan-de-lurigancho,252000.0,0.0,59.0,3,2,1,Campoy,San Juan de Lurigancho,1
149722047,san-juan-de-lurigancho,293500.0,0.0,80.0,2,2,0,Sillustani 2315,Mangomarca,1
148932861,san-juan-de-lurigancho,305000.0,0.0,107.0,3,2,0,Puruchuco 838,Mangomarca,1
148065022,san-juan-de-lurigancho,1392000.0,0.0,422.0,8,6,0,San Hilarion,San Juan de Lurigancho,1
146973110,san-juan-de-lurigancho,163300.0,0.0,42.0,2,1,0,URB Campoy,Campoy,1
149874545,san-juan-de-lurigancho,258210.0,0.0,70.0,2,2,0,San Hilario,San Hilarion,1
149590097,san-juan-de-lurigancho,164640.0,0.0,60.0,2,1,0,Av. Malecón Checa,Zarate,1
148874451,san-juan-de-lurigancho,324070.0,0.0,85.0,2,2,0,Mz k1 Lote 15 Urb. Los Pinos,Los Pinos,1
149689150,san-juan-de-lurigancho,404400.0,0.0,210.0,4,3,0,Coop la Fragata,La Fragata,1
145196667,san-juan-de-lurigancho,384000.0,80.0,183.0,3,2,0,los chasquis 433,Zarate,1
148608937,san-juan-de-lurigancho,299000.0,60.0,92.0,4,2,0,Jr. Las Rimarimas 713,San Juan de Lurigancho,10
147714176,san-juan-de-lurigancho,189750.0,0.0,64.0,2,1,0,Jr. Tahuantisuyo  San Juan de Lurigancho,Zarate,10
149874544,san-juan-de-lurigancho,257400.0,0.0,70.0,2,2,0,LAS Galenas SAN Hilarion,Sagrado Corazon De Jesus,10
148460834,san-juan-de-lurigancho,504000.0,0.0,240.0,3,2,0,"Las Bellotitas, Sn Juan de Lurigancho",San Juan de Lurigancho,1
149279132,san-juan-de-lurigancho,218000.0,0.0,118.0,3,2,0,Av. Alcaparras 355,Las Flores,1
148268874,san-juan-de-lurigancho,304245.0,0.0,165.0,3,1,0,jr los Calamos  al 1483,Los Jardines,1
149443899,san-juan-de-lurigancho,407000.0,0.0,127.0,2,2,0,Akapana 1169,Mangomarca,1
146876952,san-juan-de-lurigancho,386100.0,0.0,138.0,3,2,0,El Periodista al 200,San Juan de Lurigancho,1
147524752,san-juan-de-lurigancho,176000.0,0.0,70.0,3,1,0,Jiron Baritina  al 200,Inca Manco Capac,1
143123598,san-juan-de-lurigancho,662000.0,0.0,200.0,3,2,2,Calle Roma Mz M2 Lote 03 Urb. Horacio Zevallos San Juan de Lurigancho,San Juan de Lurigancho,1
145991836,san-juan-de-lurigancho,343000.0,0.0,127.0,2,2,0,Akapana 1169,Mangomarca,1
148064958,san-juan-de-lurigancho,236240.0,0.0,120.0,1,1,0,Las Flores,San Juan de Lurigancho,1
148427994,san-juan-de-lurigancho,320450.0,0.0,149.0,3,2,0,Zárate,San Juan de Lurigancho,1
149243949,san-juan-de-lurigancho,223780.0,0.0,71.0,3,2,1,AV. Bernardo DE Balaguer  -chosica-ñaña al 100,Los Jardines De Ñaña,1
149590034,san-juan-de-lurigancho,201341.0,0.0,78.0,2,1,0,Av. Malecón Checa,Zarate,1
149813521,san-juan-de-lurigancho,158240.0,0.0,70.0,2,1,0,Jr. Este 5373,Mariscal Andres Avelino Caceres,1
148518100,san-juan-de-lurigancho,260000.0,0.0,100.0,3,2,0,Urb los Jazmines,San Juan de Lurigancho,1
149874543,san-juan-de-lurigancho,521888.0,0.0,154.0,4,4,0,jr las Galenas 351,San Juan de Lurigancho,1
149383269,san-juan-de-lurigancho,117440.0,0.0,70.0,2,1,0,A.h. La Unión de Santa Cruz  - El Paraíso de Huachipa,San Juan de Lurigancho,1
146876109,san-juan-de-lurigancho,263250.0,0.0,99.0,2,2,0,El Periodista  al 100,San Juan de Lurigancho,1
148514705,san-juan-de-lurigancho,285000.0,0.0,150.0,3,2,0,Jr Galenas,San Hilarion,1
149187234,san-juan-de-lurigancho,304380.0,60.0,92.0,4,2,0,Jirón Las Rimarimas 2025,Las Flores,1
149238254,san-juan-de-lurigancho,238000.0,0.0,72.0,2,2,0,Urbanizacion Los Pinos Mz H Lote 12,San Juan de Lurigancho,1
149238301,san-juan-de-lurigancho,346500.0,0.0,143.0,5,2,1,"Jr. Contisuyo 617 Mz. F3 Lt. 41, Urb. Zarate, San Juan de Lurigancho",Zarate,1
149399826,san-juan-de-lurigancho,263250.0,50.0,74.0,3,1,0,Av. Circunvalacion  al 400,Campoy,1
149558311,san-juan-de-lurigancho,206000.0,0.0,86.0,3,2,1,Urbanización Mirasol de Huampani,San Juan de Lurigancho,1
149735488,san-juan-de-lurigancho,263250.0,150.0,70.0,3,1,0,Pasaje Boulevard los Mirables 935,Los Jardines De San Juan,1
149119357,san-juan-de-lurigancho,231150.0,0.0,108.0,3,3,0,"C. 21 Mz.61a - Lt.10, San Juan de Lurigancho 15416, Perú",San Juan de Lurigancho,1
149272944,san-juan-de-lurigancho,227500.0,0.0,130.0,3,2,0,Los Eucaliptos Mz.P1 - Lt.15,San Juan de Lurigancho,1
149697527,san-juan-de-lurigancho,198930.0,0.0,69.0,2,1,0,Jr. Río Amazonas,San Juan de Lurigancho,1
147694490,san-juan-de-lurigancho,355000.0,0.0,138.0,4,1,0,Jirón Las Calendulas 538,Las Flores,10
149801891,san-juan-de-lurigancho,299999.0,0.0,78.0,2,2,0,Avenida Los Álamos 525,San Juan de Lurigancho,6
146876201,san-juan-de-lurigancho,122850.0,0.0,47.0,1,1,0,El Periodista  al 100,San Juan de Lurigancho,9
149195951,san-juan-de-lurigancho,200000.0,0.0,50.0,2,1,0,Urb. Huampani. Condominio Mirador DEL Golf. II Etapa. Dpto al 700,Chosica,1
149760781,san-juan-de-lurigancho,378000.0,0.0,88.0,3,1,0,Mangomarca,Mangomarca,1
148349856,san-juan-de-lurigancho,451500.0,0.0,131.0,3,2,0,Av. El Santuario 2450 dep 301,San Juan de Lurigancho,1
149177537,san-juan-de-lurigancho,27097000.0,0.0,61.0,2,2,0,Las Madreselvas 146,San Juan de Lurigancho,1
147476596,san-juan-de-lurigancho,424800.0,0.0,125.0,3,2,0,Puruchuco 632,Mangomarca,1
149695672,san-juan-de-lurigancho,260000.0,100.0,75.0,3,1,0,Avenida Próceres de la Independencia 3302,San Juan de Lurigancho,1
148254600,san-juan-de-lurigancho,287100.0,50.0,98.0,3,2,0,Mz J  lote 2 Los Pinos,Los Pinos,1
149606828,san-juan-de-lurigancho,210180.0,0.0,53.0,2,1,0,Luis Manrique W.    9.9.9.6.1.7.7.8..8,Zarate,1
149476405,san-juan-de-lurigancho,191950.0,0.0,67.0,2,1,0,Urb. LOS Jazmines,San Juan de Lurigancho,1
143291268,san-juan-de-lurigancho,270000.0,0.0,86.0,3,1,0,jiron kotosh 1218,Mangomarca,1
149789388,san-juan-de-lurigancho,210000.0,0.0,68.0,2,2,0,Centro de Salud Mangomarca,San Juan de Lurigancho,1
142615846,san-juan-de-lurigancho,514750.0,0.0,184.0,4,3,2,"Calle Las Hiedras 775, Los Jazmines",Los Jazmines,1
149622213,san-juan-de-lurigancho,278640.0,0.0,90.0,2,2,1,Los Acianos  al 500,Las Flores,1
147510968,san-juan-de-lurigancho,359000.0,120.0,110.0,3,2,0,Av Santuario 2368,Mangomarca,1
147694425,san-juan-de-lurigancho,205800.0,0.0,78.0,2,1,0,Jirón Las Calendulas 542,Las Flores,1
149904527,san-juan-de-lurigancho,290700.0,0.0,160.0,2,2,0,Asociacion Pro-Vivienda San Hilarión,San Juan de Lurigancho,1
146660421,san-juan-de-lurigancho,246000.0,0.0,115.0,4,2,0,Pasaje jose maria arguedas 174,Chacarilla De Otero,1
145966920,san-juan-de-lurigancho,270000.0,0.0,76.0,3,2,4,"Calle 1 con jiron Los Jazmines , Campoy. San Juan De Lurigancho.",Campoy,1
149355867,san-juan-de-lurigancho,252580.0,80.0,92.0,3,2,0,Puruchuco,Mangomarca,1
149540238,san-juan-de-lurigancho,208603.0,180.0,67.0,3,2,0,Campoy,Campoy,1
145806688,san-juan-de-lurigancho,245000.0,0.0,69.0,2,1,0,Av. El Santuario 2450,San Juan de Lurigancho,1
146289504,san-juan-de-lurigancho,246260.0,0.0,65.0,2,2,0,"Av. El Santuario 2450,",San Juan de Lurigancho,1
148628054,san-martin-de-porres,241200.0,0.0,90.0,2,1,0,"0051, San Martín de Porres 15109, Perú",San Martín de Porres,10
147787672,san-martin-de-porres,161100.0,0.0,50.0,2,1,0,"Mateo Aguilar 264, San Martín de Porres",San Martín de Porres,10
149548731,san-martin-de-porres,214500.0,0.0,64.0,3,2,0,Avenida 10 DE Junio 990,San Martín de Porres,10
149014856,san-martin-de-porres,442500.0,0.0,121.0,3,2,0,Jirón Carlos Baca Flor,San Martín de Porres,1
147787671,san-martin-de-porres,196350.0,0.0,65.0,1,1,0,"Mateo Aguilar 240, San Martín de Porres",San Martín de Porres,1
149671816,san-martin-de-porres,214520.0,150.0,55.0,2,2,0,Av. 10 de Junio al 1000,San Martín de Porres,1
147790003,san-martin-de-porres,202350.0,50.0,68.0,2,2,1,JR. Tobias Meyer 150 EL Pacifico,El Pacifico Etapa Ii,1
147787676,san-martin-de-porres,178500.0,0.0,73.0,3,1,0,"Jr. Moquegua Cuadra 37, San Martín de Porres",San Martín de Porres,1
149119926,san-martin-de-porres,326430.0,0.0,124.0,4,3,0,Jirón Pablo Verlaini,San Martín de Porres,1
149554162,san-martin-de-porres,235000.0,0.0,65.0,3,2,1,Av. 10 de Junio 920,San Martín de Porres,1
148593780,san-martin-de-porres,166660.0,0.0,86.0,2,1,0,Jesús Vera 5,San Amadeo De Garagay,1
148661789,san-martin-de-porres,175000.0,0.0,105.0,4,2,0,Magno Fernandez Moreano,San Martín de Porres,1
149040841,san-martin-de-porres,275340.0,0.0,111.0,3,1,1,Santa Ana 744,San Diego,1
146069591,san-martin-de-porres,129500.0,0.0,48.0,2,1,0,Jiron Tacna 3298,Peru,1
149502270,san-martin-de-porres,286620.0,0.0,115.0,2,2,1,Corbeta Unión mz D Lote 28,San Francisco De Cayran,1
149029947,san-martin-de-porres,420000.0,0.0,135.0,3,1,0,Jr. las Peras 453,San Martín de Porres,1
148646507,san-martin-de-porres,251250.0,0.0,87.0,3,2,0,"Calle Jade, El Manantial, San Martín de Porres",San Martín de Porres,1
147650531,san-martin-de-porres,192600.0,50.0,56.0,2,1,0,"Venta Departamento Cerca del Mercado Caquetá, 2 Dormitorios, 4 Piso sin Ascensor, no Condominio",San Martín de Porres,1
149502563,san-martin-de-porres,374000.0,0.0,135.0,3,1,0,Ignacio Álvarez Thomas 3710,Condevilla,1
149448186,san-martin-de-porres,277500.0,0.0,95.0,3,2,0,Agustín Gamarra 3310,San Martín de Porres,1
147497743,san-martin-de-porres,228480.0,0.0,75.0,3,2,0,Jr. Elías Aguirre 256	 al 200,San Martín de Porres,1
149103868,san-martin-de-porres,185000.0,0.0,65.0,2,2,0,"Tobias Meyer, Urb. El Pacífico, San Martín de Porres",El Pacifico Etapa I,1
148556277,san-martin-de-porres,210000.0,0.0,129.0,3,2,0,Condevilla Señor,San Martín de Porres,1
148646506,san-martin-de-porres,312480.0,0.0,87.0,3,2,0,"Calle Jade, El Manantial, San Martín de Porres",San Martín de Porres,1
148440747,san-martin-de-porres,309120.0,0.0,105.0,3,2,1,Jiron Elias Aguirre,San Martín de Porres,1
149030224,san-martin-de-porres,437500.0,0.0,135.0,3,1,0,Jr. las Peras 453,San Martín de Porres,1
146503572,san-martin-de-porres,3528000.0,0.0,218.0,4,2,2,"Malecón de la Reserva, Miraflores",San Martín de Porres,1
149093874,san-martin-de-porres,230000.0,180.0,127.0,3,2,0,Av San Diego de Alcala al 1300,San Martín de Porres,1
149558560,san-martin-de-porres,270000.0,0.0,69.0,2,1,0,JR. LOS Diamantes,Rosario Del Norte,1
149219443,san-martin-de-porres,218000.0,0.0,74.0,3,1,0,Urb. San Germán Jirón Julio Delgado,San Martín de Porres,1
149868351,san-martin-de-porres,180000.0,200.0,80.0,4,3,0,Av. San Diego de Alcala 1157,San Martín de Porres,10
149733726,san-martin-de-porres,248200.0,70.0,79.0,2,1,0,Baca Flor,Ingenieria,10
149645232,san-martin-de-porres,200000.0,0.0,83.0,4,1,0,Calle Filadelfia 3,Filadelfia,10
148248557,san-martin-de-porres,188512.0,0.0,79.0,3,2,0,Parque N°1 Chicmabamba,San Martín de Porres,1
149695859,san-martin-de-porres,238000.0,0.0,64.0,3,2,0,Cinco,San Martín de Porres,1
149115593,san-martin-de-porres,330000.0,0.0,119.0,3,2,0,JOSE DE LARREA Y LAREDO 448 (MZ. T LT. 12),San Martín de Porres,1
149456435,san-martin-de-porres,245000.0,0.0,65.0,3,2,0,calle 5 Mz H Lote 8,Los Jardines De Naranjal Et.2,1
149871273,san-martin-de-porres,280000.0,0.0,99.0,4,2,0,Avenida Canta Callao,Las Brisas De Santa Rosa,1
149645042,san-martin-de-porres,157000.0,0.0,794.0,2,1,0,Filadelfia,Filadelfia Et.2,1
148082684,san-martin-de-porres,260000.0,0.0,94.0,4,2,0,"Asociación Santa Rosa De Piérola, Lt 8, San Martín De Porres",El Olivar,1
149123573,san-martin-de-porres,230000.0,0.0,115.0,3,1,0,Calle Los Pinos,San Martín de Porres,1
149493090,san-martin-de-porres,350000.0,0.0,110.0,3,2,0,José de la Riva Aguero,Condevilla,1
145953554,san-martin-de-porres,185500.0,0.0,68.0,3,1,0,YZAGUIRRE SAN MARTIN DE PORRES,Santa Rosa,1
149859518,san-martin-de-porres,224000.0,0.0,81.0,3,1,0,Calle Hidalgo Mz. R Lt. 7,Valdiviezo,1
147594670,san-martin-de-porres,227435000.0,1.0,75.0,2,1,0,los lirios de naranjal,Los Lirios,1
149650712,san-martin-de-porres,189200.0,0.0,58.0,2,1,0,Arnaldo Márquez 141,San Martín de Porres,1
147568159,san-martin-de-porres,327221.0,0.0,262.0,5,2,0,Dario Valdizán 269,San Martín de Porres,1
146842247,san-martin-de-porres,875000.0,0.0,200.0,10,3,1,Jorge payet 456,San Martín de Porres,1
147526714,san-martin-de-porres,509616000.0,0.0,150.0,3,2,0,los lirios de naranjal mz B LOTE,Los Lirios,1
149357162,san-martin-de-porres,378000.0,15.0,115.0,2,2,1,Constantino Caceres 469,San Amadeo De Garagay,1
147065710,san-martin-de-porres,140000.0,100.0,66.0,2,2,0,calle montevideo,San Martín de Porres,1
148889468,san-martin-de-porres,451500.0,0.0,257.0,5,4,0,Enrique Tovar 489,San Martín de Porres,1
149302092,san-martin-de-porres,218400.0,0.0,197.0,3,2,0,JR. Pasco - SAN Martin DE Porres,San Martín de Porres,1
147954612,san-martin-de-porres,320000.0,0.0,158.0,3,2,1,2W37+MC4 San Martín de Porres,San Martín de Porres,1
149052936,san-martin-de-porres,210000.0,0.0,81.0,3,2,0,Jiron Pedro Paulet,Ingenieria,1
148337949,san-martin-de-porres,287000.0,0.0,111.0,3,1,0,Urbanización El Pacífico - Smp,San Martín de Porres,1
149030074,san-martin-de-porres,479250.0,0.0,148.0,2,1,0,Jr. las Peras 455,San Martín de Porres,1
147497741,san-martin-de-porres,151200.0,0.0,50.0,1,1,0,Jr. Elías Aguirre 256 al 200,San Martín de Porres,10
149453870,san-martin-de-porres,490000.0,0.0,123.0,4,2,0,Labarthe  al 400,Ingenieria,10
149713414,san-martin-de-porres,298350.0,0.0,98.0,3,2,0,Carlos Cabrera 805,San German,10
148635133,san-martin-de-porres,250000.0,0.0,78.0,3,2,0,Avenida Alcides Carrión 280,San Martín de Porres,1
147855267,san-martin-de-porres,258000.0,0.0,147.0,3,2,0,Calle 5 LOS Cedros DE Naranjal SAN Martin DE Porres,Los Cedros De Naranjal,1
146184984,san-martin-de-porres,188100.0,0.0,76.0,2,1,0,Jr. Virgen de Guadalupe  Urb. San Diego,San Diego,1
149423331,san-martin-de-porres,142332.0,0.0,44.0,2,1,0,Jr Ernesto Avila,San Martín de Porres,1
147899976,san-martin-de-porres,444000.0,0.0,200.0,3,2,0,JR Pasco 3000,San Martín de Porres,1
149842840,san-martin-de-porres,159600.0,0.0,73.0,2,1,0,Jiron Parobamba al 100,San Martín de Porres,1
149842997,san-martin-de-porres,178000.0,0.0,44.0,2,1,0,Jiron Parobamba  al 100,San Martín de Porres,1
149086701,san-martin-de-porres,142147.0,0.0,41.0,2,1,0,Quiñones 503,Zarumilla,1
148153338,san-martin-de-porres,427500.0,0.0,160.0,4,1,0,Auxiliar Av. Los Alisos 358	san Martin DE Porres,San Martín de Porres,1
149634263,san-martin-de-porres,268000.0,0.0,96.0,3,2,0,"Jr, Venus Vipol - Narangal",Vipol De Naranjal,1
149815187,san-martin-de-porres,318320.0,70.0,99.0,4,2,0,AV Fray Bartolome DE LAS Casas Nº 550 Urb. LOS Jardines - SMP,San Martín de Porres,1
146701893,san-martin-de-porres,372000.0,0.0,145.0,4,3,0,Av. Los Olivos 902-986,San Martín de Porres,1
149002619,san-martin-de-porres,305128.0,100.0,113.0,3,2,0,Jirón Soto Martínez,San Martín de Porres,1
147503469,san-martin-de-porres,376923.0,0.0,171.0,3,2,0,Santa María 430,San Martín de Porres,1
149747976,san-martin-de-porres,263250.0,0.0,100.0,3,2,0,Carlos Cabrera 805,San German,1
148607796,san-martin-de-porres,506600.0,0.0,245.0,4,2,1,Los Algarrobos,San Martín de Porres,1
147503674,san-martin-de-porres,166500.0,0.0,66.0,2,2,0,AV Lima 4121,San Martín de Porres,1
149522789,san-martin-de-porres,220000.0,0.0,76.0,2,2,1,Calle LOS Laureles 3748,San Martín de Porres,1
149843098,san-martin-de-porres,194000.0,0.0,48.0,2,1,0,Jiron Parobamba 121,San Martín de Porres,1
149867273,san-martin-de-porres,309000.0,0.0,218.0,3,2,0,Calle 1,San Martín de Porres,1
148474678,san-martin-de-porres,174720.0,0.0,90.0,3,1,0,"Jirón Ica, San Martin de Porres",San Martín de Porres,1
148581749,san-martin-de-porres,222300.0,0.0,151.0,4,1,0,"Jirón Bello Horizonte 1473, San Martín de Porres 15101",San Martín de Porres,1
149724463,san-martin-de-porres,280800.0,0.0,100.0,3,2,0,Carlos Cabrera 805,San German,1
149867083,san-martin-de-porres,188100.0,0.0,76.0,2,1,0,Jirón Perusa,San Martín de Porres,1
148868650,san-martin-de-porres,197650.0,0.0,102.0,2,1,0,jr Alejandro Deustua  al 3800,San Martín de Porres,1
149739542,san-martin-de-porres,456300.0,0.0,97.0,3,2,0,Jr. Huarmey 1381,San Martín de Porres,1
149842801,san-martin-de-porres,207000.0,0.0,73.0,2,1,0,Jiron Parobamba  al 100,San Martín de Porres,1
147611711,san-martin-de-porres,295840.0,0.0,101.0,3,2,0,"San Martín de Porres 15103, Perú",San Martín de Porres,10
148583115,san-martin-de-porres,191520.0,0.0,85.0,2,1,0,"Jirón Bello Horizonte 1473, San Martín de Porres 15101",San Martín de Porres,10
148906747,san-martin-de-porres,293000.0,0.0,123.0,4,2,0,Pasaje Huari,San Martín de Porres,10
148823690,san-martin-de-porres,196000.0,0.0,70.0,2,1,0,"AV German Aguirre NUM 413 Unid Inmb N°4 - Segundo Piso, San Martín de Porres 15103, Perú",San Martín de Porres,1
149868069,san-martin-de-porres,171000.0,0.0,67.0,2,2,0,Urbanización Coopip,Coopip,1
145917512,san-martin-de-porres,300720.0,0.0,114.0,3,2,0,"Av. Alcides Vigo 1197, San Martín De Porres 15108, Perú",San Martín de Porres,1
149725853,san-martin-de-porres,236041.0,0.0,72.0,2,2,0,Urb. Residencial Vipol Naranjal MZ F Lt. 41,Vipol De Naranjal,1
147449997,san-martin-de-porres,250000.0,0.0,82.0,3,2,0,"AV. 12 DE Octubre, SMP",San Martín de Porres,1
149803558,san-martin-de-porres,198360.0,0.0,49.0,2,1,0,Ampliación Los Portales de Chavín – 4ta Etapa,Ampliacion Los Portales De Chavin Et.4,1
149206816,san-martin-de-porres,264000.0,0.0,65.0,3,2,0,Av. Santa Rosa,Virgen De Fatima,1
148318324,san-martin-de-porres,484300.0,0.0,200.0,3,2,1,Santa Carmela 218,Palao,1
149756570,san-martin-de-porres,101790.0,0.0,59.0,2,2,0,Ampliación  Los Portales de Chavin 4ta Etapa Mz D Lote 13,Ampliacion Los Portales De Chavin Et.4,1
147406365,san-martin-de-porres,180000.0,0.0,60.0,2,1,0,"Av. Pacasmayo , San Martin de Porres, Lima, Lima",San Martín de Porres,1
146961093,san-martin-de-porres,357380.0,0.0,190.0,4,2,1,Enrique La Rosa  al 100,San Martín de Porres,1
149792090,san-martin-de-porres,224900.0,0.0,59.0,2,1,0,Ampliación Los Portales de Chavín 4ta Etapa Mz D Lote 13,Ampliacion Los Portales De Chavin Et.4,1
149849005,san-martin-de-porres,275000.0,0.0,103.0,2,2,0,Calle Cinco,San Martín de Porres,1
147226626,san-martin-de-porres,653600.0,0.0,120.0,10,6,1,Pallasca 1452,San Martín de Porres,1
147265405,san-martin-de-porres,84721.0,0.0,34.0,1,1,0,MZ. M1 LOTE,Valdiviezo,1
149117833,san-martin-de-porres,170000.0,0.0,65.0,2,2,0,JIRON JOSE SABOGAL 380,San Martín de Porres,1
148803825,san-martin-de-porres,350700.0,0.0,90.0,3,3,0,Av. Carlos Izaguirre 1815,San Martín de Porres,1
147185884,san-martin-de-porres,272000.0,0.0,117.0,3,2,0,Urb. Huerto Azul Mz. C Lote 10 Ref. Calle Los Jazmines con el Sol de Naranjal 10,San Martín de Porres,1
149375092,san-martin-de-porres,195000.0,0.0,76.0,2,1,0,Tiziano Munoz 175,Ingenieria,1
148416013,san-martin-de-porres,266030.0,0.0,89.0,2,2,0,Los Alamos 127,San Martín de Porres,1
149391336,san-martin-de-porres,232000.0,0.0,81.0,3,1,0,Avenida Chuquitanta,San Martín de Porres,1
149034311,san-martin-de-porres,333000.0,0.0,99.0,3,3,0,Av Izaguirre cruce con Av universitaria,San Martín de Porres,1
149502905,san-martin-de-porres,506000.0,0.0,84.0,3,2,0,Avenida Tomás Valle,San Amadeo De Garagay,1
148818264,san-martin-de-porres,365540.0,0.0,85.0,3,3,0,"Baca Flor 513, San Martín De Porres 15103, Perú",San Martín de Porres,1
3473191,san-martin-de-porres,150750.0,0.0,56.0,2,1,0,Av. Universitaria,San Martín de Porres,1
148818204,san-martin-de-porres,307998.0,0.0,88.0,3,2,0,Carlos Cabrera  al 800,San Martín de Porres,1
149779353,san-martin-de-porres,280360.0,100.0,126.0,3,2,0,Mz.  A lote 30 EL HORIZONTE DE NARANJAL,San Martín de Porres,1
148301569,san-martin-de-porres,325500.0,0.0,124.0,3,2,0,Jiron Casma Asociacion de vivienda Los Nísperos San Martin de Porres,Los Nisperos Et.2,10
149830451,san-martin-de-porres,268000.0,0.0,132.0,2,2,1,Humboldt,San Martín de Porres,10
4675547,san-martin-de-porres,213000.0,0.0,101.0,4,2,0,Parque Cabo linares,Vipol De Naranjal,10
149133432,san-martin-de-porres,249380.0,0.0,90.0,3,1,0,Jiron Piedritas 301,Zarumilla,1
149803354,san-martin-de-porres,224250.0,0.0,59.0,2,1,0,Ampliación Los Portales de Chavín – 4ta Etapa - Mz D - Lote 13,San Martín de Porres,1
148408759,san-martin-de-porres,149000.0,170.0,60.0,3,2,0,CONDOMINIO SAN DIEGO DE ALCALÁ,San Martín de Porres,1
148900585,san-martin-de-porres,293000.0,0.0,127.0,4,2,0,Pasaje Huari,San Martín de Porres,1
149695000,san-martin-de-porres,261750.0,0.0,93.0,2,1,0,Felipe Cohaila,San German,1
148560483,san-martin-de-porres,257000.0,140.0,58.0,3,2,1,condominio paseo san martin,San Martín de Porres,1
147022579,san-martin-de-porres,493000.0,0.0,179.0,4,2,0,AV. ALFREDO MENDIOLA 1576,Fiori,1
149102188,san-martin-de-porres,253000.0,0.0,50.0,2,2,0,"Av 10 DE Junio N° 10xx, Dpto. 502 AL 702",San Martín de Porres,1
149420055,san-martin-de-porres,300585.0,25.0,145.0,3,2,0,Calle los topacios Mz B lote 38,San Martín de Porres,1
145301381,san-martin-de-porres,296535.0,0.0,91.0,2,3,0,av. los alamos 127,San Martín de Porres,1
148906768,san-martin-de-porres,293000.0,0.0,123.0,4,2,0,Pasaje Huari,San Martín de Porres,1
149902237,san-martin-de-porres,409500.0,0.0,110.0,3,2,0,"Calle Coronel Manuel Ramírez Sica, Lote 42, Manzana A3, Urbanización Palao – Cuarta Etapa, San Martín de Porres.",San Martín de Porres,1
145951800,san-martin-de-porres,166500.0,0.0,55.0,2,1,0,"AV. CARLOS YZAGUIRRE, SAN MARTIN DE PORRES",Santa Rosa,1
147302554,san-martin-de-porres,189750.0,0.0,77.0,3,1,0,Jr. Ayacucho,Peru,1
148819439,san-martin-de-porres,295000.0,0.0,94.0,3,2,0,"Av. Carlos Izaguirre 808, San Martín de Porres 15109",San Martín de Porres,1
149688789,san-martin-de-porres,180000.0,0.0,64.0,2,1,0,Av. Los Próceres 628,San Pedro De Garagay,1
147525724,san-martin-de-porres,280000.0,0.0,86.0,4,3,0,condominio la rivera de san diego,San Martín de Porres,1
148906778,san-martin-de-porres,186000.0,0.0,126.0,2,2,0,Pasaje Huari,San Martín de Porres,1
149695008,san-martin-de-porres,288207.0,0.0,93.0,3,2,0,Felipe Cohaila,San German,1
146805571,san-martin-de-porres,158840.0,50.0,52.0,2,1,0,"Av. Pacasmayo 3322 , San Martin de Porres, Lima, Lima",San Martín de Porres,1
149637093,san-martin-de-porres,261000.0,0.0,51.0,2,2,0,Avenida 10 de Junio al 1000,San Martín de Porres,1
149223302,san-martin-de-porres,297150.0,0.0,95.0,3,2,0,Agustín Gamarra 3310,San Martín de Porres,1
148659917,san-martin-de-porres,149999.0,0.0,79.0,3,3,0,Santa Rosa,San Martín de Porres,1
149867093,san-martin-de-porres,109440.0,0.0,45.0,1,1,0,Jr. Cuzco 3515,San Martín de Porres,1
149803432,san-martin-de-porres,251850.0,0.0,66.0,2,1,0,Ampliación Los Portales de Chavín – 4ta Etapa - Mz D - Lote 13,Ampliacion Los Portales De Chavin Et.4,1
147947378,san-miguel,374000.0,180.0,84.0,3,2,0,"Av Costanera, San Miguel",San Miguel,1
149779274,san-miguel,340000.0,200.0,76.0,2,2,0,Avenida La Paz 118,Miramar,1
149828591,san-miguel,479500.0,260.0,105.0,3,2,1,"La Mar 441, San Miguel 15088",San Miguel,1
143503605,san-miguel,506000.0,20.0,100.0,3,2,0,POR  U.CATÓLICA DEPA 100M2 PATIO 1ER.PISO,Lima,1
149100547,san-miguel,340000.0,280.0,78.0,3,2,0,Avenida Costanera,San Miguel,1
149258507,san-miguel,374000.0,0.0,68.0,2,2,1,Calle Padre Urracar Cdra2,Maranga,1
148837861,san-miguel,362000.0,300.0,58.0,2,2,0,Calle Mercedes Gallagher al 300,San Miguel,1
149008499,san-miguel,240000.0,200.0,50.0,2,2,0,Av La Paz 118,San Miguel,1
149272941,san-miguel,502500.0,0.0,140.0,3,2,0,"Amplio y Espacioso Dúplex en San Miguel – Súper Iluminado y a Excelente Precio $150,000 No Cochera",San Miguel,1
149265835,san-miguel,320000.0,0.0,65.0,2,2,0,Talambo,San Miguel,1
148675031,san-miguel,534400.0,340.0,87.0,3,2,1,Malecon Bertolotto  al 100,San Miguel,1
149508873,san-miguel,500000.0,0.0,83.0,3,3,0,Calle Gonzales Candamo  al 200,San Miguel,1
148350789,san-miguel,349000.0,250.0,63.0,2,2,1,COSTANERA 2900,San Miguel,1
149588514,san-miguel,238560.0,0.0,42.0,1,1,0,Calle Pedrerías 164,San Miguel,1
147791674,san-miguel,274500.0,150.0,47.0,1,1,0,AV Andrez Razuri 344,San Miguel,1
149685604,san-miguel,350000.0,0.0,39.0,1,1,0,Av. Costanera 2560,San Miguel,1
149367999,san-miguel,560000.0,0.0,68.0,2,2,1,Av. Bertolotto 850,San Miguel,1
149643334,san-miguel,260000.0,0.0,58.0,1,1,0,Av. Monseñor Jorge Dintilhac 309,Pando,1
147617581,san-miguel,445000.0,0.0,67.0,3,1,0,mariana Echevarria 22x,Pando,1
149003800,san-miguel,418250.0,0.0,95.0,3,2,0,Calle Diego Quispe Tito  al 100,San Miguel,1
149014890,san-miguel,540000.0,0.0,129.0,2,2,0,Jiron Manco Segundo 200,San Miguel,1
149293368,san-miguel,697000.0,450.0,119.0,3,2,1,Jr. Manco II  165,San Miguel,1
147910133,san-miguel,292500.0,0.0,44.0,1,1,0,Calle Munaysenca San Miguel,San Miguel,1
149765432,san-miguel,240000.0,0.0,35.0,1,1,0,Calle Los Nazcas Cuadra 1,San Miguel,1
149095138,san-miguel,396000.0,230.0,72.0,2,2,0,"Jr. María José de Arce 2xx, San Miguel",Maranga,1
149862084,san-miguel,906000.0,0.0,145.0,3,3,1,Avenida Tacna Cuadra 3,San Miguel,1
149701807,san-miguel,472500.0,0.0,82.0,3,2,0,Calle Francisca Zubiaga  372,San Miguel,1
148526282,san-miguel,375000.0,0.0,71.0,2,2,0,Calle Mollocmarca 376 San Miguel,San Miguel,1
147856806,san-miguel,379500.0,350.0,58.0,1,1,1,"Venta de Dpto. Calle Collasuyo 299 , San Miguel",Maranga Etapa Iv,1
147856811,san-miguel,470000.0,280.0,67.0,3,2,0,Arica 289,San Miguel,1
148306546,san-miguel,540000.0,100.0,126.0,3,2,1,Av. Los Patriotas 156,San Miguel,1
147791932,san-miguel,450000.0,350.0,72.0,2,2,1,AV. DE LOS Patriotas SAN Miguel,Maranga,1
147788306,san-miguel,365000.0,0.0,51.0,2,2,0,av. Universitaria,San Miguel,1
147788304,san-miguel,299040.0,0.0,57.0,2,2,0,av. Universitaria 2011,Pando,1
149145243,san-miguel,444990.0,150.0,149.0,2,2,0,Av. Los Patriotas 359 - Flat + Aires,Maranga,1
149721981,san-miguel,369810.0,0.0,60.0,2,2,0,Aviación al 100,San Miguel,1
147856808,san-miguel,450000.0,270.0,70.0,2,2,0,Arica 289 San Miguel,San Miguel,1
149661438,san-miguel,474217.0,200.0,76.0,2,2,0,Bertolotto 752,San Miguel,1
147503642,san-miguel,393750.0,0.0,90.0,3,2,0,Pasaje Venus 197,San Miguel,10
147791930,san-miguel,468000.0,350.0,66.0,3,2,0,Calle Carmenca san Miguel Lima,Maranga,10
149715129,san-miguel,550000.0,0.0,75.0,3,2,2,Calle Contisuyo al 100 3 Dorm | Vista A Parque | 2 Cocheras,San Miguel,10
149828836,san-miguel,714000.0,370.0,115.0,3,3,1,Av. Costanera al 300,San Miguel,1
147791934,san-miguel,378000.0,350.0,62.0,2,1,0,Calle Carmenca san Miguel Lima,Maranga,1
147791933,san-miguel,778000.0,300.0,127.0,3,2,0,Calle Carmenca san Miguel Lima,Maranga,1
149747863,san-miguel,330000.0,150.0,74.0,3,2,1,Av Carmenca al 170,San Miguel,1
149883203,san-miguel,469000.0,0.0,102.0,2,2,0,Hermanos Catari Cuadra 3,San Miguel,1
147791669,san-miguel,380000.0,100.0,72.0,3,2,0,AV Andres Razuri 357 SAN Miguel,Maranga,1
148804227,san-miguel,435600.0,150.0,60.0,2,2,0,"Jiron Arica, al 200",San Miguel,1
149848031,san-miguel,475380.0,300.0,83.0,3,2,0,C. Carlos Gonzales Candamo 251,San Miguel,1
149470248,san-miguel,410000.0,0.0,60.0,2,2,1,Jirón Arica 598,San Miguel,1
148964858,san-miguel,374000.0,0.0,78.0,3,2,1,Jr Francisco Bolognesi 831   San Miguel,San Miguel,1
149310439,san-miguel,541058.0,0.0,71.0,3,2,1,Av. Bertolloto,San Miguel,1
149298549,san-miguel,572000.0,400.0,100.0,3,2,0,Avenida Bertolotto 270,San Miguel,1
147023629,san-miguel,788500.0,0.0,140.0,3,2,0,Av. Costanera 350,Miramar,1
149130617,san-miguel,213329.0,0.0,39.0,1,1,0,"Calle SAN Martin, Urb. Miramar - SAN Miguel",San Miguel,1
146608775,san-miguel,352700.0,150.0,52.0,2,2,0,Av. de los Patriotas,San Miguel,1
147850856,san-miguel,385000.0,150.0,94.0,3,2,0,av faucett 571 sanmiguel,Elmer Faucett,1
147945471,san-miguel,551040.0,0.0,88.0,3,2,1,av bertolotto 111,San Miguel,1
145383694,san-miguel,480000.0,200.0,70.0,3,2,1,Av. de los Patriotas,San Miguel,1
149468184,san-miguel,369500.0,170.0,86.0,4,2,0,Avenida del Pacífico 180,Parques De La Huaca Etapa 3,1
149470670,san-miguel,278000.0,70.0,70.0,2,2,0,Jr. Libertad,San Miguel,1
149688820,san-miguel,534000.0,0.0,91.0,2,2,1,Pasaje Carlos Arenas Loayza,San Miguel,1
149235383,san-miguel,406800.0,200.0,91.0,3,3,0,Av del Pacífico 175,Parques De La Huaca Etapa 2,1
149608205,san-miguel,32242000.0,250.0,61.0,2,2,1,Av. La Paz 1025,Miramar,1
149127094,san-miguel,569250.0,200.0,130.0,3,3,0,Av. Universitaria 425,San Miguel,1
149860407,san-miguel,610000.0,150.0,112.0,4,3,1,Av. Lima 1023,San Miguel,1
149865123,san-miguel,631000.0,0.0,147.0,3,3,1,Calle Jose Gabriel Aguilar,San Miguel,1
146593518,san-miguel,417000.0,250.0,80.0,1,1,1,jose gabriel aguilar 780 san miguel,Maranga,1
148609316,san-miguel,375000.0,200.0,79.0,2,2,0,Avenida Andrés Rázuri,Maranga Etapa Ii,7
149077207,san-miguel,290000.0,200.0,47.0,1,1,1,Av. Bertolotto 600,San Miguel,10
149901716,san-miguel,569000.0,0.0,73.0,3,2,1,Malecón Bertolotto,San Miguel,10
147332131,san-miguel,356250.0,0.0,140.0,3,2,0,costanera 824,San Miguel,1
149581033,san-miguel,375500.0,200.0,69.0,3,3,0,Jirón Coronel Francisco Bolognesi 839,San Miguel,1
149401537,san-miguel,375000.0,0.0,87.0,2,1,0,DEPARTAMENTO DE 87 M² / 02  DORMITORIOS /  RECIEN RENOVADO,Pando,1
146926282,san-miguel,377400.0,0.0,62.0,2,2,1,Calle Trinidad María Enríquez - San Miguel,Udima,1
149037502,san-miguel,490000.0,300.0,67.0,3,2,1,Av. Bertolotto 850,San Miguel,1
148212357,san-miguel,954000.0,0.0,161.0,3,3,1,Calle Hernán Cortés 124,San Miguel,1
149903205,san-miguel,661500.0,0.0,120.0,3,2,2,Rosa Pérez Liendo al 100,San Miguel,1
147517332,san-miguel,455000.0,200.0,78.0,3,2,1,Jr. Cesar lopez rojas 185,San Miguel,1
149415496,san-miguel,359090.0,0.0,65.0,3,2,0,Av. La Paz,San Miguel,1
149748780,san-miguel,368000.0,250.0,80.0,3,2,0,Condominio Los Prados de San Miguel,Los Prados de San Miguel,1
149383946,san-miguel,322575.0,0.0,70.0,3,3,0,los Pinos 267 al 400,Pando Etapa Iv,1
149813945,san-miguel,340000.0,200.0,76.0,2,2,0,AV LA PAZ al 100,San Miguel,1
149594889,san-miguel,320000.0,0.0,65.0,2,2,0,Talambo 121,San Miguel,1
149256048,san-miguel,588000.0,0.0,93.0,3,2,1,José Gabriel Aguilar,San Miguel,1
149511557,san-miguel,655000.0,0.0,103.0,3,2,0,Av. Tacna,San Miguel,1
149498311,san-miguel,625000.0,0.0,103.0,3,2,0,Tacna al 300,San Miguel,1
148611905,san-miguel,460000.0,0.0,73.0,3,2,0,Enrique Valladares 175,San Miguel,1
149524528,san-miguel,510000.0,0.0,54.0,3,2,1,Jr. Ramon Castilla  742,San Miguel,10
148611887,san-miguel,468800.0,0.0,73.0,3,2,0,Enrique Valladares 175,San Miguel,10
147674825,san-miguel,465675.0,0.0,71.0,3,2,0,"Mario Valdivia 140, Lima  al 15000",San Miguel,10
149830707,san-miguel,445000.0,200.0,63.0,2,2,0,"AV Arica 275, SAN Miguel / Dpto 405",San Miguel,1
147860151,san-miguel,346439.0,0.0,52.0,2,2,0,Av. Andrés Rázuri 206,San Miguel,1
145555530,san-miguel,437964.0,0.0,59.0,2,2,1,Jr. Ramón Castilla - Departamento de Estreno en Venta - A 5 Min. del CC Plaza San Miguel,San Miguel,1
147860018,san-miguel,246587.0,0.0,33.0,1,1,0,Av. Andrés Rázuri 206,San Miguel,1
148690014,san-miguel,901000.0,0.0,211.0,3,3,1,Av. de los Precursores Cuadra 10,San Miguel,1
148002269,san-miguel,561000.0,0.0,102.0,3,2,0,Jr. Mariscal Ramón Castilla  al 600,Pablo Vi,1
148281442,san-miguel,437000.0,0.0,70.0,2,2,0,Jirón Arica Cuadra 2,San Miguel,1
147856892,san-miguel,490000.0,320.0,62.0,2,2,1,Av. Costanera 980,San Miguel,1
149507939,san-miguel,714000.0,370.0,115.0,3,3,1,Av. Costanera al 300,San Miguel,1
147488200,san-miguel,531129.0,0.0,82.0,3,2,0,"Mario Valdivia 140, Lima  al 15000",San Miguel,1
149655302,san-miguel,514050.0,300.0,95.0,3,2,1,Malecon Bertolotto 111 Piso 14,San Miguel,1
149256018,san-miguel,405000.0,0.0,61.0,2,2,0,Ubinas,San Miguel,1
149255620,san-miguel,551000.0,0.0,114.0,3,2,0,Pedrerias al 100,San Miguel,1
149051364,san-miguel,895000.0,0.0,208.0,3,2,1,Av Los Precursores 1020,San Miguel,1
149847184,san-miguel,309000.0,230.0,41.0,1,1,1,Av. Rafael Escardo  al 600,San Miguel,1
149266016,san-miguel,370000.0,0.0,75.0,3,2,1,Talambo,San Miguel,1
148780456,san-miguel,464401.0,0.0,69.0,2,2,0,Universitaria al 300,San Miguel,1
149380196,san-miguel,315549.0,350.0,72.0,3,2,0,Calle San Martín 130,San Miguel,1
148755462,san-miguel,378884.0,0.0,96.0,3,2,0,Pasaje Isla de Corcovado  al 247,San Miguel,1
149813929,san-miguel,439000.0,180.0,75.0,3,2,0,"Jiron Jose DE Sucre 480, SAN Miguel",San Miguel,1
149085828,san-miguel,384300.0,190.0,61.0,3,2,1,Av. Costanera - Departamento en Venta Planos - Ideal Para Inversionistas!!,San Miguel,1
149490915,san-miguel,510000.0,0.0,58.0,3,2,1,jr. Gran Mariscal Ramon Castilla  al 700,San Miguel,1
149491224,san-miguel,349650.0,200.0,76.0,3,2,0,Av. Costanera  al 2200,San Miguel,1
148780478,san-miguel,287229.0,0.0,38.0,1,1,0,Universitaria al 300,San Miguel,1
147526200,san-miguel,406000.0,0.0,64.0,2,2,0,Calle Carmenca 100 San Miguel,San Miguel,1
149862592,san-miguel,415350.0,0.0,73.0,3,2,1,Jiron Hernando de Magallanes,San Miguel,1
148436057,san-miguel,689230.0,0.0,117.0,3,3,1,Jirón Huandoy,Maranga,1
147860433,san-miguel,446423.0,0.0,68.0,3,2,0,Av. Andrés Rázuri 206,San Miguel,10
149106535,san-miguel,244000.0,0.0,35.0,1,1,0,Calle Los Nazcas al 100,San Miguel,10
149112877,san-miguel,390000.0,0.0,59.0,2,2,0,Calle Pumacurco 311 San Miguel,San Miguel,10
149255885,san-miguel,854000.0,0.0,122.0,3,2,1,Ubinas,San Miguel,1
147615259,san-miguel,496000.0,0.0,102.0,2,2,0,Jr. Hermanos Catari al 300,San Miguel,1
149751624,san-miguel,513400.0,340.0,87.0,3,2,1,Av. Bertolotto al 100 - 87m² - 3 Dormitorios - 1 Cochera - Piso 15,San Miguel,1
144486541,san-miguel,473778.0,0.0,266.0,4,3,1,"Unidad Inmobiliaria 1 (1er y 2do Piso) Lote 13 de la Manzana D-da Calle Chachani Urbanización Maranga - VI Etapa, San Miguel.",Maranga Etapa Vi,1
149846168,san-miguel,320000.0,0.0,65.0,2,2,1,San Miguel,San Miguel,1
147677553,san-miguel,418900.0,0.0,72.0,2,2,0,Av. Patriotas 589 San Miguel,San Miguel,1
148281457,san-miguel,470000.0,0.0,67.0,3,2,0,Jirón Arica Cuadra 2,San Miguel,1
148319485,san-miguel,304200.0,80.0,70.0,3,2,0,JR. Nicolas DE Pierola SAN Miguel,San Miguel,1
149887677,san-miguel,260000.0,150.0,40.0,1,1,0,Av. Costanera 2210,Miramar,1
149672550,san-miguel,355000.0,200.0,77.0,4,3,0,Av. Venezuela 5355,San Miguel,1
149306122,san-miguel,328838.0,220.0,45.0,1,1,1,Jirón Manco II Número 145 Urbanización Maranga,San Miguel,1
148662578,san-miguel,416200.0,0.0,66.0,3,2,0,CUADRA 6 DE UNIVERSITARIA,San Miguel,1
149760865,san-miguel,473778.0,0.0,266.0,4,3,1,Chachani,San Miguel,1
149613919,san-miguel,379000.0,220.0,79.0,3,2,0,Puquina 115,Los Prados de San Miguel,1
149431197,san-miguel,339000.0,250.0,75.0,3,2,0,Calle 16 180,San Miguel,1
149266090,san-miguel,360461.0,250.0,59.0,2,2,0,"Av. Jose de la Riva Aguero, San Miguel",San Miguel,1
149346202,san-miguel,551000.0,280.0,114.0,3,2,0,Calle Pedrerias 135,San Miguel,1
4675402,san-miguel,724500.0,300.0,113.0,3,3,1,av costanera 300,Miramar,1
149635091,san-miguel,363000.0,230.0,70.0,3,2,0,Calle Manuel Estacio,Pando,1
149039025,san-miguel,420000.0,200.0,73.0,3,2,0,Prolongación Ayacucho 805,San Miguel,1
143259421,san-miguel,370000.0,0.0,54.0,2,2,0,"Jr. Mariscal Ramón Castilla 740, San Miguel",San Miguel,1
149582374,san-miguel,800000.0,350.0,111.0,3,2,0,Jr. Mariscal Ramón Castilla 740,San Miguel,1
149651506,san-miguel,392200.0,0.0,69.0,3,2,1,Av. La Paz,Miramar,1
146979230,san-miguel,369000.0,150.0,75.0,3,2,1,Av. Los Patriotas,Maranga,1
147004263,san-miguel,483000.0,0.0,75.0,3,1,0,Manco II 349,San Miguel,1
143284946,san-miguel,464285.0,235.0,67.0,3,2,0,San Miguel,Pando,1
148522228,san-miguel,329923.0,180.0,69.0,3,2,0,"Calle Chacabuco 180, San Miguel",San Miguel,1
146428158,san-miguel,508000.0,300.0,77.0,3,2,1,La Libertad 200,San Miguel,10
149824189,san-miguel,532000.0,300.0,74.0,3,1,0,Jiron Bolognesi,San Miguel,10
149242705,san-miguel,299990.0,0.0,55.0,2,2,0,Av. Libertad,Maranga Etapa Iii,10
146876075,san-miguel,402000.0,240.0,74.0,2,2,0,JIRÓN SIMON BOLIVAR SAN MIGUEL,San Miguel,1
149318178,san-miguel,324110.0,0.0,58.0,2,2,0,Av. La Paz,San Miguel,1
149421365,san-miguel,312000.0,0.0,64.0,2,1,1,Talambo,San Miguel,1
148111218,san-miguel,1340000.0,440.0,226.0,3,2,2,C. Grimaldo del Solar 400,San Miguel,1
149738355,san-miguel,289657.0,0.0,63.0,2,2,0,"Calle SAN Martin, Urb. Miramar - SAN Miguel",San Miguel,1
148250255,san-miguel,605200.0,220.0,107.0,2,2,0,Calle Collasuyo 251,Maranga,1
148990534,san-miguel,640000.0,0.0,124.0,4,3,0,Jose Liborno 115,San Miguel,1
149028516,san-miguel,584500.0,150.0,107.0,2,2,0,Collasuyo 251,San Miguel,1
149052884,san-miguel,315000.0,160.0,50.0,2,2,0,Av. La Paz 118,Miramar,1
149612496,san-miguel,305300.0,0.0,49.0,2,2,0,Fray Luis de Leon,San Miguel,1
148313247,san-miguel,510000.0,0.0,127.0,4,3,0,Paso de los Andes 270 al 200,San Miguel,1
147306686,san-miguel,385000.0,120.0,90.0,3,1,0,Jr. Crnel. Francisco Bolognesi,Las Torres De San Miguelito,1
149621371,san-miguel,380000.0,200.0,72.0,3,2,1,Av. Costanera 1690,Miramar,1
148959337,san-miguel,527000.0,0.0,90.0,3,2,1,Avenida Bertolotto 111,San Miguel,1
61370010,san-miguel,425000.0,0.0,110.0,3,1,0,Calle Americo Vespucio 361,Maranga,1
148672229,san-miguel,454553.0,0.0,71.0,3,2,10,calle mario valdivia,San Miguel,1
144709809,san-miguel,543570.0,0.0,99.0,3,2,0,av. Rafael Escardo cuadra 11,San Miguel,1
149724431,san-miguel,240000.0,100.0,40.0,1,1,0,Pacamarca,Maranga,1
149752674,san-miguel,506600.0,380.0,93.0,3,2,1,Avenida Bertolotto 111,San Miguel,1
149773980,san-miguel,676650.0,50.0,222.0,2,1,1,Av. Precursores 1000,Los Precursores,1
149475857,san-miguel,342000.0,200.0,75.0,3,2,0,Av. de los Patriotas 186,San Miguel,1
148904856,san-miguel,323000.0,0.0,67.0,2,2,0,Av. Venezuela,San Miguel,1
149350740,san-miguel,405000.0,150.0,61.0,2,2,0,Altura del Cruce de Av. Faucett con Av. de Los Precursores,San Miguel,1
149460977,san-miguel,380000.0,185.0,62.0,1,2,0,Av. Costanera 980,Miramar,1
4641363,san-miguel,280000.0,200.0,40.0,1,1,0,Malecón Bertolotto 850,San Miguel,1
66268571,san-miguel,371553.0,130.0,58.0,3,2,1,Calle Manco Segundo,San Miguel,1
147707182,san-miguel,319500.0,150.0,66.0,2,2,0,AVENIDA TACNA 505,San Miguel,1
148754354,san-miguel,485000.0,295.0,67.0,3,2,1,Av. Razuri  23x,San Miguel,8
148978207,san-miguel,390000.0,320.0,71.0,3,2,1,Calle Aviación 170,San Miguel,10
149826505,san-miguel,344000.0,180.0,82.0,3,2,0,Av. Libertad 1380,Miramar,10
149802534,san-miguel,550000.0,0.0,128.0,2,3,0,Av. Bertolotto 980,Miramar,1
148990460,san-miguel,660500.0,0.0,137.0,4,3,0,José Liborno 115,San Miguel,1
142760705,san-miguel,447200.0,150.0,80.0,3,2,0,"Calle Matarani , esquina  Manuel Ferreyros",Maranga,1
142959133,san-miguel,412500.0,0.0,78.0,3,2,1,JIRON HERMANOS CATARI 254 SAN MIGUEL,Maranga Etapa Ii,1
149191174,san-miguel,349748.0,200.0,57.0,2,2,0,San Miguel,Maranga,1
148883803,san-miguel,351415.0,0.0,61.0,3,2,1,Av. La Paz 2127,San Miguel,1
3518523,san-miguel,560000.0,0.0,114.0,3,2,0,JR PEDRERIAS,San Miguel,1
149578781,san-miguel,320000.0,180.0,60.0,2,2,0,Chinchaysuyo,San Miguel,1
148465891,san-miguel,280000.0,230.0,65.0,3,2,0,Av. Costanera 150,Miramar,1
149562609,san-miguel,385000.0,250.0,60.0,2,2,0,Jr. Contisuyo  al 200,Maranga Etapa Iv,1
149781127,san-miguel,300000.0,150.0,67.0,3,2,0,Av. La Paz 990,San Miguel,1
149582335,san-miguel,350000.0,150.0,75.0,3,2,0,Avenida Brigida Silva de Ochoa 181,Plaza del Pacífico,1
148190753,san-miguel,266000.0,140.0,67.0,2,2,0,Coronel Inclan 177,Miramar,1
149781630,san-miguel,350000.0,0.0,74.0,3,2,0,Av. de los Patriotas 155,San Miguel,1
148999413,san-miguel,510000.0,232.0,80.0,3,2,0,Avenida Bertolotto 610,San Miguel,1
149179143,san-miguel,413000.0,200.0,144.0,2,2,0,Calle Los Rosales 106,San Miguel,1
148990648,san-miguel,440000.0,0.0,77.0,3,3,0,José Liborno 115,San Miguel,1
149825788,san-miguel,315000.0,0.0,56.0,1,1,0,Avenida de los Patriotas,San Miguel,1
149716348,san-miguel,332500.0,80.0,87.0,3,2,1,Conjunto Habitacional Julio C. Tello,San Miguel,1
149614152,san-miguel,400057.0,0.0,78.0,3,2,1,Urb. Miramar - Altura av. La Paz cdra. 25 y la av. Costanera,Miramar,1
149635296,san-miguel,360150.0,0.0,65.0,2,2,0,Andrés Castelo Mz.D - Lt.1,San Miguel,1
145340778,san-miguel,308000.0,0.0,83.0,3,1,0,"Av. Precursores, San Miguel",San Miguel,1
149870094,san-miguel,270000.0,180.0,36.0,1,1,0,Parque De La Medalla Milagrosa,San Miguel,1
148945636,san-miguel,642600.0,180.0,131.0,4,3,1,Fortunato Quezada,Las Leyendas,1
148604399,san-miguel,450000.0,0.0,138.0,3,1,0,Av. de los Patriotas 600,San Miguel,1
148786247,san-miguel,434200.0,0.0,84.0,3,2,0,Av. Bertolotto 250,San Miguel,1
149720279,san-miguel,619000.0,0.0,125.0,3,3,0,Jirón Arica,San Miguel,1
149106350,san-miguel,647500.0,0.0,97.0,3,2,0,Carlos Arenas Loayza Urb. Pando,Pando Etapa I,10
143439003,san-miguel,557234.0,0.0,88.0,2,2,1,"Malecón Bertolotto N°7xx, Dpto.  103 D",San Miguel,10
149817215,san-miguel,442837.0,0.0,63.0,3,2,0,Calle Umachiri Cuadra 3,San Miguel,10
145169578,san-miguel,435000.0,0.0,92.0,2,2,0,"Maranga, San Miguel, Perú",San Miguel,1
145178852,san-miguel,334000.0,0.0,51.0,1,1,1,Av Los Precursores,San Miguel,1
148171363,san-miguel,315000.0,0.0,62.0,2,2,0,Av Venezuela  5335,San Miguel,1
148209668,san-miguel,322000.0,0.0,61.0,2,2,1,los Yungas 270,San Miguel,1
148601807,san-miguel,380160.0,0.0,76.0,3,2,0,Jr. Federico Gallese Tarichi al 900,San Miguel,1
149791328,san-miguel,444000.0,0.0,67.0,3,2,1,De los Precursores al 800,San Miguel,1
148448126,san-miguel,537950.0,0.0,75.0,3,2,0,San Miguel,San Miguel,1
147613783,san-miguel,356913.0,0.0,64.0,2,2,0,"Av Universitaria N° 3xx, Dpto. 306 AL 1106",San Miguel,1
143173503,san-miguel,452882.0,0.0,66.0,3,2,0,"Jirón Gran Mariscal Ramon Castilla N° 7xx, Dpto.  801d",San Miguel,1
146436763,san-miguel,391019.0,0.0,57.0,2,2,1,"Jirón Arica N° 8xx, Dpto. 109 AL 509",San Miguel,1
148331795,san-miguel,352000.0,0.0,56.0,3,2,0,Calle Carmenca  al 100,San Miguel,1
148113146,san-miguel,393906.0,0.0,61.0,2,2,0,Av De Los Patriotas,San Miguel,1
149759711,san-miguel,473000.0,0.0,70.0,3,2,0,Av. Los Patriotas  al 300,San Miguel,1
149428703,san-miguel,204000.0,1480.0,37.0,1,1,0,Av.costanera - Dpto Piso 10  con Vista al Mar,San Miguel,1
148932745,san-miguel,1032500.0,0.0,189.0,4,3,0,Umachiri 296,San Miguel,1
148428017,san-miguel,704900.0,0.0,108.0,3,2,1,AV. Riva Agüero,San Miguel,1
149773513,san-miguel,432500.0,230.0,79.0,3,2,0,Av. Bertolotto,San Miguel,1
149274120,san-miguel,367200.0,170.0,77.0,3,2,0,Puquina 100,San Miguel,1
144892987,san-miguel,410200.0,0.0,66.0,3,2,1,"Av. Universitaria N°8xx, Dpto. 907",San Miguel,1
149111152,san-miguel,540000.0,0.0,110.0,3,3,0,Camilo Carrillo,San Miguel,1
145639467,san-miguel,431121.0,0.0,63.0,3,2,1,"Jirón Gran Mariscal Ramon Castilla N° 7xx, Dpto. 104 E",San Miguel,1
147440419,san-miguel,345850.0,200.0,58.0,2,2,0,Av. La Paz 1147 San Miguel,San Miguel,1
145145760,san-miguel,417800.0,0.0,57.0,2,2,1,Calle Carlos Gonzales XXX DPT X05,San Miguel,1
147048203,san-miguel,412500.0,0.0,57.0,2,2,0,Departamento de 2 Dormitorios en San Miguel Av. De Los Patriotas,San Miguel,1
145170337,san-miguel,424600.0,0.0,55.0,2,2,1,"Ca. Fray Martin de Murúa, San Miguel",San Miguel,1
146567148,san-miguel,320000.0,0.0,64.0,2,2,1,calle talambo,San Miguel,1
147440411,san-miguel,358000.0,180.0,58.0,2,2,0,av la paz 1150,San Miguel,1
144212106,san-miguel,364000.0,0.0,65.0,3,2,0,"Av LA PAZ N° 8xx, Dpto. 307 AL 507 A",San Miguel,10
144428507,san-miguel,456451.0,0.0,66.0,3,2,1,Chongoyape,San Miguel,10
146116575,san-miguel,522222.0,0.0,62.0,1,2,0,"Cal. 1 (uno) S/N - Esquina con la Av. Costanera Cdra. 4 - Urb, San Miguel",San Miguel,10
149358687,san-miguel,532000.0,0.0,74.0,3,2,0,Málaga - Jr. Francisco Bolognesi  al 300,San Miguel,1
149037996,san-miguel,398553.0,0.0,62.0,2,2,1,"Av DE LOS Patriotas N° 4xx, Dpto. 403",San Miguel,1
149511546,san-miguel,920000.0,0.0,145.0,3,3,0,Av. Tacna,San Miguel,1
144428794,san-miguel,472411.0,0.0,70.0,3,2,1,Chongoyape,San Miguel,1
145460143,san-miguel,508982.0,0.0,77.0,3,2,1,Amalia Puga,San Miguel,1
143172596,san-miguel,639400.0,0.0,103.0,2,3,1,"Av. Universitaria N°8xx, Dpto.2001",San Miguel,1
145573442,san-miguel,244000.0,0.0,30.0,1,1,0,Departamento de 1 Dormitorio en San Miguel Cerca a la Av. Costanera,San Miguel,1
148947159,san-miguel,634100.0,0.0,100.0,2,2,0,Jirón Grau 355,San Miguel,1
143172722,san-miguel,434300.0,0.0,76.0,3,2,1,"Av. LA PAZ N°11xx, Dpto 202 AL 702 A",San Miguel,1
4075438,san-miguel,600400.0,280.0,136.0,3,3,1,Av. Costanera,San Miguel,1
148113329,san-miguel,405665.0,0.0,64.0,2,2,0,Av De Los Patriotas,San Miguel,1
147857625,san-miguel,320200.0,0.0,44.0,1,1,1,"Ca. Fray Martin de Murúa, San Miguel",San Miguel,1
149115211,san-miguel,255000.0,0.0,42.0,1,1,0,Francisca Zubiaga al 300,San Miguel,1
149866302,san-miguel,275760.0,0.0,36.0,3,2,0,Jirón Arica,San Miguel,1
147784748,san-miguel,543000.0,0.0,84.0,3,2,0,Av. Los Patriotas al 300,San Miguel,1
147613764,san-miguel,339603.0,0.0,55.0,2,2,0,"Av Universitaria N° 3xx, Dpto. 205 AL 2205",San Miguel,1
145803601,san-miguel,605400.0,0.0,79.0,3,2,0,"Calle Carlos Gonzales, San Miguel",San Miguel,1
148675099,san-miguel,255447.0,0.0,40.0,1,1,1,"Av DE LOS Patriotas N° 4xx, Dpto. 305 AL 505",San Miguel,1
144211777,san-miguel,320870.0,0.0,57.0,2,2,1,"Av LA PAZ N° 8xx, Dpto. 304 AL 704 A",San Miguel,1
144457775,san-miguel,509328.0,0.0,71.0,3,2,1,Francisca Zubiaga,San Miguel,1
149843042,san-miguel,468000.0,0.0,71.0,3,2,0,Jiron Arica al 800,San Miguel,1
146767670,san-miguel,600000.0,230.0,82.0,3,2,1,Bertolotto 6 san Miguel,San Miguel,1
149158852,san-miguel,536000.0,100.0,93.0,3,2,1,Calle Rosalia Morales de Lavalle,San Miguel,1
148351243,san-miguel,494340.0,0.0,77.0,3,3,0,Jirón Huandoy,Maranga,1
149664090,san-miguel,510000.0,0.0,80.0,3,2,0,Juan Bartolotto Negro al 600,San Miguel,1
148871059,san-miguel,603000.0,50.0,102.0,3,2,0,Inca Huasi jr,San Miguel,1
145555553,san-miguel,805392.0,0.0,59.0,3,3,1,Jr. Ramón Castilla - Departamento de Estreno en Venta - A 5 Min. del CC Plaza San Miguel,San Miguel,1
147842298,santiago-de-surco,2287387.0,2100.0,405.0,4,5,3,"Cerros de Camacho, Santiago de Surco, Santiago de Surco, Lima",Cerros De Camacho,1
148788929,santiago-de-surco,470400.0,300.0,73.0,3,1,2,Calle 1,Los Alamos De Monterrico,1
149496733,santiago-de-surco,1173000.0,600.0,205.0,3,2,2,Jirón Jacarandá 137,Santiago de Surco,1
149700094,santiago-de-surco,632000.0,350.0,110.0,3,3,2,Jirón Giuseppe Verdi,Alamos,1
149265004,santiago-de-surco,875000.0,0.0,132.0,3,2,2,Av. Alejandro Velasco Astete 3360,Santiago de Surco,1
149106112,santiago-de-surco,678000.0,358.0,135.0,3,2,2,Calle Amancaes 297  psio 2 Casuarinas Sur Surco,Santiago de Surco,1
149534409,santiago-de-surco,1173000.0,650.0,150.0,3,3,2,AV. CIRCUNVALACION EL CLUB EL GOLF LOS INCAS 148,Club Golf Los Incas,1
148112903,santiago-de-surco,1483500.0,980.0,302.0,3,4,2,Av Precursores,Santiago de Surco,1
149397395,santiago-de-surco,770500.0,0.0,134.0,3,3,1,Jr. Cerro Negro 230,Santiago de Surco,1
149682949,santiago-de-surco,2949500.0,0.0,484.0,3,7,6,Cerros de Camacho  al 1050,Cerros De Camacho,1
148976757,santiago-de-surco,804000.0,500.0,140.0,3,3,2,Calle Tambo de Oro  al 100,Santiago de Surco,1
146517530,santiago-de-surco,1070850.0,650.0,158.0,3,2,2,chacarilla,Santiago de Surco,1
149422713,santiago-de-surco,444100.0,150.0,76.0,2,2,0,Loma de los Suspiros,Prolongacion Benavides,1
149428954,santiago-de-surco,1972000.0,987.0,404.0,3,3,3,VELASCO ATETE CHACARILLA,Santiago de Surco,1
149550709,santiago-de-surco,1398550.0,770.0,341.0,3,2,2,Casuarinas,Las Casuarinas,1
147980872,santiago-de-surco,595000.0,0.0,107.0,4,2,1,"Avenida Monterrico Sur 1, Piso 4, Surco",Prolong. Benavides,1
149542324,santiago-de-surco,1399000.0,0.0,217.0,3,3,2,Amplio Dúplex en Surco de 217 m² con Vista a Jardín Interior y Estacionamientos Incluidosjr Cosmos al 600,La Alborada,1
148835051,santiago-de-surco,623450.0,1.0,131.0,4,2,1,Av. Monterrico Chico 273,Santiago de Surco,1
149640583,santiago-de-surco,1836000.0,1213.0,396.0,3,5,2,Jirón Conde de la Vega del Ren al 400,Santiago de Surco,1
149399031,santiago-de-surco,1041200.0,500.0,300.0,4,4,2,Surco 1,Chacarilla Del Estanque,1
149403386,santiago-de-surco,986000.0,0.0,218.0,2,3,1,Jirón Arturo Aguilar 289 Santiago de Surco,Santiago de Surco,1
147962223,santiago-de-surco,805420.0,300.0,138.0,3,2,0,Frente a Parque - Surco,Canopus,1
149042276,santiago-de-surco,359200.0,0.0,123.0,3,2,0,Se Vende Departamento en Jr. Maximiliano Velarde - Surco - Lima_bc-1006-1 / 01295,Santiago de Surco,1
148332529,santiago-de-surco,997500.0,380.0,180.0,3,2,2,Av. El Derby,Santiago de Surco,1
147707091,santiago-de-surco,833280.0,450.0,169.0,5,4,2,Calle LA Coruña al 200,Higuereta,1
149656204,santiago-de-surco,1173000.0,500.0,238.0,4,3,2,Calle Jose Sebastian Barranca 191,Santiago de Surco,1
148251656,santiago-de-surco,1085000.0,600.0,222.0,4,4,2,"Av. Alejandro Velasco Astete, Surco",Chacarilla Del Estanque,1
149752384,santiago-de-surco,2063100.0,1200.0,322.0,3,3,2,Alameda Monte Umbroso,Chacarilla Del Estanque,1
149590858,santiago-de-surco,2622000.0,1224.0,466.0,3,3,3,Avenida Cerros de Camacho,Santiago de Surco,1
148281562,santiago-de-surco,1079534.0,585.0,236.0,4,2,2,Ca. Batallon Tarma 315,Santiago de Surco,1
149813969,santiago-de-surco,1204000.0,1200.0,301.0,3,2,2,Av. Alejandro Velasco Astete al 1200,Santiago de Surco,1
144943794,santiago-de-surco,3264000.0,1100.0,365.0,4,4,3,CERROS DE CAMACHO 2,Golf Los Incas,1
149868814,santiago-de-surco,486500.0,200.0,90.0,2,2,1,Calle Santa Elena Norte,Santiago de Surco,1
147924649,santiago-de-surco,723240.0,0.0,145.0,3,3,1,Calle La Calera de la Merced N° 204 Surquillo,La Calera De La Merced,10
149714102,santiago-de-surco,718000.0,0.0,108.0,3,2,0,Los Jazmines al 202,Valle Hermoso,10
147949198,santiago-de-surco,1836000.0,1300.0,345.0,3,3,3,Circunvalacion Golf Los Incas 859,Golf Los Incas,10
149469162,santiago-de-surco,1009770.0,0.0,141.0,2,2,0,Jirón Tomasal,Santiago de Surco,1
149235186,santiago-de-surco,983680.0,650.0,140.0,3,4,2,Monte Claro,Chacarilla Del Estanque,1
149347327,santiago-de-surco,774000.0,0.0,99.0,3,2,0,Velasco Astete 1400 Surco,Santa Teresa,1
149790491,santiago-de-surco,2176000.0,850.0,405.0,4,3,2,Monte Carlo Chacarilla Surco 1,Chacarilla Del Estanque,1
149719537,santiago-de-surco,1060000.0,480.0,167.0,3,4,0,Calle Monte Real al 100,Santiago de Surco,1
149791087,santiago-de-surco,753750.0,0.0,120.0,3,2,2,Avenida de los Ingenieros al 900,Ingenieros Valle Hermoso,1
149618886,santiago-de-surco,714150.0,100.0,110.0,3,2,1,Av Ayacucho al 100,Santiago de Surco,1
149746401,santiago-de-surco,2940000.0,1500.0,527.0,4,6,4,Av. Circunvalación Golf los Incas,Golf Los Incas,1
148562473,santiago-de-surco,312500.0,250.0,53.0,2,2,1,JR Vulcano,Santiago de Surco,1
149182441,santiago-de-surco,798000.0,0.0,90.0,3,2,1,Surco,Santiago de Surco,1
146515529,santiago-de-surco,1330000.0,0.0,292.0,3,3,1,"Ca Simón Salguero Cdra 6, Surco - VTA",Santiago de Surco,1
148453294,santiago-de-surco,799000.0,0.0,86.0,2,2,1,Tomasal al 400,Monterrico,10
148545155,santiago-de-surco,1747200.0,600.0,400.0,4,4,2,"Calle Via Lactea, Cerca a la Universidad de Lima, Surco",Santiago de Surco,10
148447937,santiago-de-surco,915000.0,0.0,302.0,3,2,1,Clemente X,Santiago de Surco,10
148881847,santiago-de-surco,1004000.0,650.0,216.0,3,2,3,"Chacarilla V. Astete con C. Inca  Parques, Colegios, 4 Habitaciones 3 Estacionamientos.  216m2",Santiago de Surco,10
149326750,santiago-de-surco,1240116.0,0.0,221.0,3,2,1,Jr. Huaroc Duplex de Estreno 221m2 Gran Terraza (NO Paga Alcabala),Santiago de Surco,1
149377831,santiago-de-surco,533381.0,0.0,76.0,2,2,0,Av. La Encalada al 1300,Santiago de Surco,1
148043873,santiago-de-surco,3230000.0,0.0,538.0,4,4,4,CERROS DE CAMACHO,Cerros De Camacho,1
148728163,santiago-de-surco,1650000.0,1950.0,371.0,4,5,2,Jirón Conde de la Vega del Ren 178,Chacarilla Del Estanque,1
149903341,santiago-de-surco,963200.0,400.0,180.0,4,3,2,El buen retiro,Valle Hermoso,1
146683328,santiago-de-surco,1176500.0,300.0,150.0,2,2,2,las laderas,Santiago de Surco,1
148064841,santiago-de-surco,1112020.0,0.0,208.0,3,2,2,jr Enrique Campos  al 300 Cerca a Chacarilla,Las Gardenias,1
147961627,santiago-de-surco,595000.0,0.0,94.0,3,3,1,El Polo 1074,Santiago de Surco,1
149524344,santiago-de-surco,1905500.0,1200.0,263.0,3,3,3,Avenida Cerros de Camacho 1050,Santiago de Surco,1
149250347,santiago-de-surco,425000.0,0.0,95.0,3,3,1,Mariscal Castilla 671,Santiago de Surco,1
149356332,santiago-de-surco,870000.0,0.0,205.0,3,2,2,JR LAS Cantutas  al 200,Casuarinas Sur,1
149791096,santiago-de-surco,742500.0,600.0,133.0,2,3,1,Monte Claro al 100,Chacarilla Del Estanque,1
149800861,santiago-de-surco,907400.0,0.0,202.0,5,4,2,Calle Ocoña 1XX  Surco,Santiago de Surco,1
149155680,santiago-de-surco,286000.0,100.0,82.0,3,2,0,Calle Galileo Galilei al 100,Santiago de Surco,1
149847537,santiago-de-surco,1220000.0,0.0,277.0,3,4,2,"Lima Polo Hunt- Bello Duplex  de 277 mt2  con Terraza Y Piscina Propia, 3d, 2 Cocheras Paralelas",Monterrico,1
149846936,santiago-de-surco,703970.0,0.0,95.0,3,2,1,El Escorial 245,Los Manzanos,1
149118446,santiago-de-surco,1295000.0,0.0,210.0,3,2,2,"Jr. Bellavista 304, Santiago De Surco 15023, Perú",Las Casuarinas,1
147788472,santiago-de-surco,567300.0,200.0,111.0,3,3,1,AV. Gral. Edmundo Aguilar 451,Las Palmas,1
149363938,santiago-de-surco,941500.0,540.0,162.0,3,3,2,Jr. Batalla de San Juan 742  Las Gardenias Santiago de Surco 742,Las Gardenias,1
148999701,santiago-de-surco,1373415.0,750.0,381.0,3,3,2,LA Conquista  al 200,Monterrico,1
149332169,santiago-de-surco,1207000.0,650.0,208.0,4,4,2,Jirón Trinitarias 308,Las Gardenias,1
148322490,santiago-de-surco,285600.0,100.0,78.0,3,2,0,Jiron Viña Venturo  2xx - Vendo Dpto 3dorm Cerca a la av Guardia Civil,Sagitario,1
149890905,santiago-de-surco,649350.0,0.0,105.0,3,4,1,Av la Encalada  al 1200,Santiago de Surco,1
148238445,santiago-de-surco,993000.0,0.0,115.0,3,3,0,Urbanización Higuereta,Higuereta,1
149701731,santiago-de-surco,918000.0,0.0,248.0,5,3,1,Enrique Salazar Barreto,Santiago de Surco,1
149066343,santiago-de-surco,987915.0,850.0,190.0,3,3,1,Calle Montes DE OCA - Flat 190 M2- Vista Externa - 3 Dorm CON Baño,Valle Hermoso,10
149670870,santiago-de-surco,930000.0,0.0,232.0,3,2,2,Las Violetas 154,Casuarinas Sur,10
149747680,santiago-de-surco,830000.0,520.0,125.0,3,3,2,Avenida Central 960,Los Alamos De Monterrico,10
149274471,santiago-de-surco,882400.0,0.0,106.0,3,3,1,Jirón Tomasal al 1000,Huertos De San Antonio,10
149525210,santiago-de-surco,1245215.0,500.0,174.0,3,3,2,Jr. La Conquista 267,El Derby,1
147253589,santiago-de-surco,754650.0,1.0,146.0,3,2,1,AV LOS INGENIEROS 713 URB VALLE HERMOSO,Valle Hermoso,1
148565582,santiago-de-surco,880600.0,450.0,199.0,3,2,2,Jirón Las Cantutas - Bello Flat DE 200mts  con Terraza y Cochera Doble - Piscina,Casuarinas Sur,1
148654543,santiago-de-surco,1303680.0,550.0,306.0,3,2,2,"Valle Hermoso, Surco, Duplex 3 Dormitorios, Vista Externa, No Paga Alcabala",Valle Hermoso,1
149669376,santiago-de-surco,448000.0,0.0,39.0,1,1,1,Flat de 1 Dormitorio De39m2 + Cochera de  en Surco Cerca a la Universidad de Lima Av. El Derby,Santiago de Surco,1
149429238,santiago-de-surco,418000.0,100.0,111.0,4,3,0,Jirón Los Cisnes al 100,Sagitario,1
4470088,santiago-de-surco,1802000.0,1000.0,288.0,3,3,3,Av. Circunvalacion Golf los Incas 595,Club Golf Los Incas,1
149575396,santiago-de-surco,1063000.0,0.0,196.0,3,3,2,Calle Arturo Lecca al 200,Santa Carmela,1
149629113,santiago-de-surco,370000.0,50.0,82.0,2,2,0,Calle Viña Venturo al 100,Los Parrales De Surco,1
148686036,santiago-de-surco,686750.0,0.0,107.0,3,3,2,jr. Jeronimo de Aliaga Norte  al 500,Chacarilla Del Estanque,1
148818079,santiago-de-surco,892713.0,0.0,157.0,3,3,3,Araroba  al 100,Benavides,1
149324095,santiago-de-surco,291550.0,70.0,62.0,2,1,0,Calle Doña Delmira  al 400,Los Rosales,1
148018120,santiago-de-surco,726700.0,0.0,150.0,2,2,1,Jiron Señor de Sipan  120,Santiago de Surco,1
149198056,santiago-de-surco,1207000.0,800.0,208.0,3,3,2,Calle  Emancipacion,Santiago de Surco,1
146329002,santiago-de-surco,673000.0,0.0,104.0,3,2,1,Arturo Aguilar,Vista Alegre,1
149898794,santiago-de-surco,1483500.0,850.0,205.0,3,2,3,Venta de Departamento Frente a Parque en Chacarilla – 205 m²,Chacarilla Del Estanque,1
149429750,santiago-de-surco,877711.0,0.0,123.0,3,3,1,Avenida Circunvalacion Golf de los Incas al 200,Santiago de Surco,1
149661984,santiago-de-surco,284400.0,250.0,55.0,1,1,0,Av Las Gaviotas 2121,Sagitario,1
148545490,santiago-de-surco,1005120.0,0.0,154.0,4,4,2,Ernesto Cardenas Santiago de Surco,Santiago de Surco,1
148434630,santiago-de-surco,858301.0,250.0,118.0,3,2,1,Calle Mar Java Mz. O Lt. 3 Neptuno Santiago de Surco,Neptuno,1
148972406,santiago-de-surco,234600.0,0.0,55.0,2,1,0,Jirón Doña Delmira,Santiago de Surco,1
148813594,santiago-de-surco,763000.0,0.0,104.0,1,1,2,Av. Alejandro Velasco Astete 1153,Chacarilla Del Estanque,1
149435023,santiago-de-surco,774500.0,0.0,133.0,2,3,1,"Monte Claro 129 con 133m2, 2 Dormitorios y 01 Cochera!",Chacarilla Del Estanque,1
149485129,santiago-de-surco,410400.0,200.0,77.0,3,2,1,Santo Cristo al 100,Santiago de Surco,1
149791084,santiago-de-surco,478800.0,100.0,75.0,3,2,0,Tambo Real al 200,Tambo Real,1
149242541,santiago-de-surco,949900.0,300.0,136.0,5,3,1,Calle Jose Maria Quiroga  al 300,Higuereta,1
149495906,santiago-de-surco,977000.0,0.0,104.0,3,2,0,Departamento de 3 Dormitorios en Surco Cerca a Av. Velasco Astete Cerca al Parque La Floresta,Santiago de Surco,10
149377873,santiago-de-surco,543000.0,0.0,60.0,2,2,0,Av. Manuel Olguín al 400,Santiago de Surco,10
149685457,santiago-de-surco,258260.0,0.0,45.0,1,1,0,"Calle Combate de Abtao 185, Santiago de Surco",Cruz De Surco,10
149773405,santiago-de-surco,778600.0,500.0,122.0,2,2,1,Jr. Jacarandá,Valle Hermoso Residencial,10
149501671,santiago-de-surco,539805.0,0.0,99.0,3,2,0,"Cristóbal de Peralta al 699, Surco",Santiago de Surco,1
148521934,santiago-de-surco,917600.0,0.0,125.0,3,3,2,Avenida Velasco Astete,Chacarilla Del Estanque,1
149206828,santiago-de-surco,962500.0,600.0,164.0,3,3,1,Calle las Campanillas  Casuarinas Surco,Las Casuarinas Alta,1
147401059,santiago-de-surco,413500.0,220.0,81.0,3,2,0,Jr. Combate Iquique 200,Santiago de Surco,1
148008884,santiago-de-surco,1932000.0,900.0,353.0,4,4,2,Calle Las Acacias  al 100,Valle Hermoso,1
147917254,santiago-de-surco,1195728.0,750.0,216.0,2,2,2,"Valle Hermoso, Surco Duplex 2 Dormitorios Vista Externa NO Paga Alcabala CON Doble Teerraza",Valle Hermoso,1
148799507,santiago-de-surco,665000.0,0.0,127.0,3,2,2,Los Crisantemos 110,Las Casuarinas,1
146933136,santiago-de-surco,825256.0,480.0,158.0,3,3,1,Avenida El Polo  al 700,El Polo,1
149452795,santiago-de-surco,891800.0,500.0,137.0,4,3,2,AV Jacaranda  al 100,Valle Hermoso,1
149645352,santiago-de-surco,493350.0,120.0,97.0,3,2,1,Jirón Guillermo Perata,Liguria,1
149535249,santiago-de-surco,1341662.0,750.0,204.0,3,4,3,Reynaldo Vivanco al 200,Chacarilla Del Estanque Este,1
147855165,santiago-de-surco,1213420.0,380.0,300.0,3,4,2,Calle Los Granados 141,Valle Hermoso Residencial Etapa Ii,1
148571531,santiago-de-surco,1003400.0,0.0,191.0,2,3,1,Jr Juan de Rada  al 300,Santiago de Surco,1
149652736,santiago-de-surco,462300.0,0.0,40.0,1,1,1,Manuel Olguin al 400,Santiago de Surco,1
149747643,santiago-de-surco,837000.0,300.0,135.0,3,2,2,Alonso de Molina Esquina con Paramonga,Las Colinas De Monterrico,1
148517378,santiago-de-surco,705000.0,350.0,151.0,3,2,1,el cascajal 162,Santiago de Surco,1
149047845,santiago-de-surco,2720000.0,1500.0,401.0,4,4,5,Avenida Cerros de Camacho,Cerros De Camacho,1
149831694,santiago-de-surco,2233000.0,2400.0,420.0,4,4,3,Cerros de Camacho,Cerros De Camacho,1
149725089,santiago-de-surco,658240.0,0.0,134.0,3,4,1,Jr. Forestales Urb. Los Álamos de Monterrico al 300,Santiago de Surco,1
148718233,santiago-de-surco,620000.0,0.0,134.0,4,3,1,"Paseo de la Castellana, Condominio El Mirador.",Santiago de Surco,1
147856753,santiago-de-surco,429000.0,200.0,74.0,3,2,0,Jiron Combate de Angamos  Santiago de Surco,Cruz De Surco,1
149538089,santiago-de-surco,781660.0,0.0,140.0,4,4,1,Calle Las Violetas-casuarinas Cerca a Plaza Vea de Valle Hermoso,Las Casuarinas,1
148690198,santiago-de-surco,804000.0,400.0,108.0,3,2,0,Av. Valles del Sur,Higuereta,1
149042568,santiago-de-surco,992000.0,838.0,164.0,3,3,1,Cerros de Camacho  600,Cerros De Camacho,1
149404894,santiago-de-surco,456300.0,0.0,84.0,4,2,1,"Departamento Semi Amoblado en Venta, Surco Límite con Chorrillos",Santiago de Surco,1
149295105,santiago-de-surco,1055000.0,0.0,184.0,3,3,0,Alameda del Crepúsculo,Santiago de Surco,10
149741283,santiago-de-surco,499000.0,0.0,87.0,2,2,1,Venta de Departamento en Surco -  Ca. Roca David Cdra. 1 - Alt Cdra 11 de Av. Ayacucho Ic-1245-1 /  01305,Santiago de Surco,1
149471550,santiago-de-surco,328000.0,180.0,145.0,3,2,0,Tacama  100,Santiago de Surco,1
148512051,santiago-de-surco,962500.0,0.0,242.0,4,1,2,Jirón Las Fresias 235,Los Pinos De Monterrico Chico,1
149791092,santiago-de-surco,335000.0,215.0,75.0,3,2,0,Calle 6  al 100,Santiago de Surco,1
149379953,santiago-de-surco,462000.0,0.0,42.0,1,1,0,Departamento en Surco con Balcón Cerca a Av. República de Panamá,Santiago de Surco,1
146878202,santiago-de-surco,945000.0,600.0,179.0,3,2,2,Jr. Pucala Valle Hermoso Surco,Valle Hermoso,1
149222583,santiago-de-surco,1767320.0,0.0,412.0,3,3,3,JR. Cruz DEL SUR  al 300,Los Granados,1
3878055,santiago-de-surco,1909500.0,800.0,315.0,4,3,2,CERROS DE CAMACHO 4,Cerros De Camacho,1
149791094,santiago-de-surco,1162000.0,650.0,171.0,3,3,2,Jacaranda  al 400,Valle Hermoso Residencial,1
149561056,santiago-de-surco,763950.0,400.0,127.0,3,3,2,Jirón Grimaldo Reategui del Aguila 323,Chama,1
149097637,santiago-de-surco,798000.0,0.0,124.0,3,2,2,Av De Los Ingenieros 260,Santiago de Surco,10
149843514,santiago-de-surco,748000.0,0.0,90.0,3,2,1,Jr.  Cineraria 584,Santiago de Surco,10
149490699,santiago-de-surco,260000.0,250.0,65.0,3,2,0,Jirón Juno 184 - a Minutos del Óvalo de la Curva,Sagitario,10
149352471,santiago-de-surco,1573200.0,750.0,220.0,3,3,2,Jirón Monte Blanco,Chacarilla Del Estanque,1
148169947,santiago-de-surco,595000.0,180.0,214.0,4,2,0,"Jr. Cahuide 262, Surco",Santiago de Surco,1
148514228,santiago-de-surco,910000.0,0.0,167.0,3,3,2,Jr. Pisac 222,Higuereta,1
147397789,santiago-de-surco,413000.0,220.0,81.0,3,2,0,Jr. Combate Iquique 200,Santiago de Surco,1
149831648,santiago-de-surco,403650.0,0.0,79.0,3,2,0,Calle Combate de Abtao 185,Cruz De Surco,1
149495872,santiago-de-surco,1132000.0,0.0,169.0,4,3,0,"Amplio Dúplex en Las Casuarinas, 169 m², con Vista Interior, Excelente Distribución y Gran Iluminación Natural - Jr Jacarandá  al 100",Las Casuarinas,1
149145332,santiago-de-surco,1328250.0,1000.0,250.0,3,3,2,cerros de camacho,Cerros De Camacho,1
148922453,santiago-de-surco,770000.0,0.0,132.0,3,2,0,LA CORUÑA,Higuereta,1
149552726,santiago-de-surco,1311000.0,500.0,311.0,3,3,2,Alonso de Molina al 748,Los Huertos De Surco,1
148589287,santiago-de-surco,1206810.0,850.0,253.0,3,3,2,"Precursores Cuadra 3, Esquina Cerca a Chacarilla",Santiago de Surco,1
148752242,santiago-de-surco,724500.0,415.0,65.0,2,2,1,Av EL POLO 703 - 707,Santiago de Surco,1
149429050,santiago-de-surco,935000.0,420.0,153.0,3,2,2,Jr Los Laureles - Chacarilla Surco,Valle Hermoso,1
149697831,santiago-de-surco,945200.0,380.0,130.0,3,3,2,Pancho Fierro,Valle Hermoso Oeste,10
149826531,santiago-de-surco,982600.0,250.0,184.0,3,2,1,Av. de los Precursores,Valle Hermoso Oeste,10
148820902,santiago-de-surco,1172500.0,600.0,214.0,4,4,2,URBANIZACION LOS JAZMINES,Los Jazmines,10
146445914,santiago-de-surco,863000.0,0.0,103.0,3,2,0,Calle Monte Sierpe 1xx,Chacarilla Del Estanque,10
147734644,santiago-de-surco,3794400.0,800.0,441.0,4,4,3,Calle Vía Lactea al 200,Monterrico,1
149702826,santiago-de-surco,1020000.0,0.0,192.0,4,2,1,Av. Mariscal Ramón Castilla 233,Santiago de Surco,1
149590128,santiago-de-surco,538650.0,0.0,124.0,2,2,2,Santiago deSuco,El Derby,1
148219069,santiago-de-surco,635000.0,360.0,105.0,3,3,2,Av. El Derby 575,Santiago de Surco,1
149812222,santiago-de-surco,749100.0,435.0,140.0,3,4,1,Avenida Coronel Reynaldo Vivanco,Santa Teresa,1
147983678,santiago-de-surco,1168000.0,550.0,223.0,3,3,1,Puerto Pizarro 150,Santiago de Surco,1
149632292,santiago-de-surco,884000.0,580.0,220.0,3,3,2,Jr. Las Gardenias al 300,Santiago de Surco,1
147506502,santiago-de-surco,1207500.0,300.0,288.0,3,3,2,"Jr. Domingo de la Presa Cdra. 1, Valle Hermoso de Monterrico, Surco",Santiago de Surco,1
149446202,santiago-de-surco,918000.0,0.0,133.0,2,1,1,Paramonga,Santiago de Surco,1
142759463,santiago-de-surco,1821000.0,0.0,320.0,3,4,2,Ca. La Emancipacion 200,Santiago de Surco,1
149870384,santiago-de-surco,850000.0,300.0,195.0,4,4,1,Jirón Domingo de la Presa,Santiago de Surco,1
59050698,santiago-de-surco,1400100.0,950.0,178.0,3,3,2,CALLE LAS AGATAS 175 SURCO,Golf Los Incas,1
149726937,santiago-de-surco,1444200.0,650.0,267.0,3,3,2,Calle La Presa,Las Gardenias,1
147734584,santiago-de-surco,1796400.0,600.0,226.0,3,3,2,Calle Vía Lactea al 200,Monterrico,1
146739831,santiago-de-surco,1088000.0,900.0,182.0,3,4,2,Monte Real 141,Santiago de Surco,1
148801421,santiago-de-surco,845000.0,400.0,157.0,3,3,3,El Herraje,Los Alamos De Monterrico,1
147989411,santiago-de-surco,1122000.0,850.0,202.0,3,4,2,jr Monte Real,Chacarilla Del Estanque,1
148261267,santiago-de-surco,1394400.0,800.0,196.0,3,3,2,a pasos del Parque Doig,Chacarilla Del Estanque,1
147927504,santiago-de-surco,884000.0,550.0,220.0,3,2,2,CRISANTEMOS,Las Casuarinas,1
148569624,santiago-de-surco,1390250.0,950.0,283.0,4,3,2,Pasaje Estepa Rusa 181,Santiago de Surco,1
149339867,santiago-de-surco,1900600.0,0.0,316.0,3,3,3,Av. Circunvalación del Golf los Incas 595,Golf Los Incas,1
148949251,santiago-de-surco,1487500.0,1050.0,213.0,3,3,2,Calle Monte Flor 244,Chacarilla Del Estanque,1
149585115,santiago-de-surco,599860.0,200.0,102.0,2,2,1,Av VALLES DEL SUR XXX - 1XX,Higuereta,1
147971310,santiago-de-surco,772800.0,0.0,119.0,3,3,1,Av. Guillermo More 1XX,Santiago de Surco,1
149788864,santiago-de-surco,2178050.0,0.0,426.0,4,4,4,Av. Cerros de Camacho al 700,Cerros De Camacho,1
149368353,santiago-de-surco,1457250.0,1100.0,263.0,3,3,2,Avenida Cerros de Camacho 1050,Cerros De Camacho,1
148201563,santiago-de-surco,998000.0,700.0,121.0,2,3,2,Av. Pedro Venturo,Santiago de Surco,10
149454474,santiago-de-surco,914250.0,0.0,121.0,3,2,2,Santiago,Higuereta,10
149726791,santiago-de-surco,845250.0,700.0,140.0,3,2,2,Calle Madreselvas xxx santiago de surco,Santiago de Surco,10
149482304,santiago-de-surco,399777.0,0.0,100.0,2,2,0,Doña Hortencia 170,Santiago de Surco,10
148379168,santiago-de-surco,938000.0,0.0,228.0,5,3,1,AV PRIMAVERA CALLE PUCALA,El Polo,1
149590491,santiago-de-surco,2940000.0,1500.0,525.0,4,7,4,Av. Circunvalación Golf los Incas 1047,Golf Los Incas,1
148499889,santiago-de-surco,1350000.0,0.0,255.0,3,2,2,"Av. El Derby, Surco",Santiago de Surco,1
149753690,santiago-de-surco,1216250.0,0.0,240.0,3,4,2,Av de los Ingenieros 234,Valle Hermoso,1
147353965,santiago-de-surco,997500.0,600.0,145.0,3,2,2,Dirección no informada,Santiago de Surco,1
147661912,santiago-de-surco,1479000.0,750.0,182.0,3,4,2,JIRON MONTE CARMELO SURCO,Chacarilla Del Estanque,1
148983570,santiago-de-surco,1498000.0,800.0,326.0,3,4,2,Avenida de la Floresta,Chacarilla Del Estanque,1
148013486,santiago-de-surco,991200.0,0.0,157.0,3,3,2,Av. Primavera & Jirón Jerónimo de Aliaga Sur,Valle Hermoso,1
148995907,santiago-de-surco,822500.0,350.0,189.0,3,2,1,Castilla la Vieja 7,Santiago de Surco,1
149207570,santiago-de-surco,737800.0,400.0,117.0,3,3,1,Avenida Alfredo Franco,Chama,1
148912675,santiago-de-surco,943880.0,600.0,134.0,3,3,2,Av. de los Precursores 575,Valle Hermoso Oeste,1
149366193,santiago-de-surco,2001000.0,994.0,240.0,3,3,2,Alameda Monte Umbroso 820,Chacarilla Del Estanque,1
149276199,santiago-de-surco,1292000.0,1200.0,204.0,3,2,2,Jirón Las Laderas 662,Santiago de Surco,1
149907734,santiago-de-surco,574560.0,300.0,82.0,1,1,1,Calle  Los Laureles 314,Santiago de Surco,1
147989276,santiago-de-surco,2105000.0,800.0,324.0,4,5,2,Av. Bielovucic Cavalier 1XX. Chacarilla San Borja,Chacarilla Del Estanque,1
148224434,santiago-de-surco,1186600.0,750.0,226.0,3,2,2,Batallón Libres De Trujillo 177,Santiago de Surco,1
149401413,santiago-de-surco,537584.0,0.0,119.0,3,2,2,Av de los Ingenieros 994,Valle Hermoso,1
149728312,santiago-de-surco,927500.0,600.0,140.0,3,2,2,Avenida Alejandro Velasco Astete 1100,Chacarilla Del Estanque,1
148040301,santiago-de-surco,1150000.0,800.0,164.0,3,3,2,Av La Floresta 4xx,Chacarilla Del Estanque,1
13509729,santiago-de-surco,690000.0,450.0,131.0,3,2,1,Nestor Batanero 120,Santa Teresa De Las Gardenias,1
147375610,santiago-de-surco,946400.0,350.0,217.0,4,4,1,Av Mariscal Ramon Castilla,Santiago de Surco,1
149911166,santiago-de-surco,1023000.0,470.0,134.0,3,3,2,Jirón Tomasal 8XX,Huertos De San Antonio,1
149346464,surquillo,450000.0,0.0,66.0,2,2,1,Av. Tomás Marsano  al 1600,Surquillo,1
149303089,surquillo,345000.0,200.0,40.0,1,1,0,Avenida Roca y Boloña,Surquillo,1
149266687,surquillo,582000.0,0.0,82.0,3,2,1,Av. Tomás Marsano,Aurora Este,1
148711897,surquillo,817650.0,0.0,108.0,2,2,1,Avenida Vallles del sur,Los Sauces,1
147788371,surquillo,444000.0,0.0,72.0,3,2,0,DA Vinci 410,Surquillo,1
149432246,surquillo,318250.0,80.0,65.0,2,1,0,Calle Los Halcones 6,Surquillo,1
148896040,surquillo,367100.0,0.0,46.0,2,2,0,Ca. Alfa Boyero  al 100 - Coworking - Iluminación por voz -2 Dormitorios - 2 Baños,Surquillo,1
149864025,surquillo,343530.0,0.0,57.0,1,1,0,Pasaje El Bambu,Los Sauces,1
148227498,surquillo,710600.0,500.0,104.0,3,2,2,Victor Maurtua,Surquillo,1
149107405,surquillo,525000.0,290.0,78.0,2,2,0,"Calle Rodin, La Calera, Surquillo.",La Calera,1
149603588,surquillo,455847.0,200.0,75.0,2,1,1,Calle Montesquieu 300,La Calera De La Merced,1
149890601,surquillo,305000.0,180.0,40.0,1,1,1,Avenida Principal 800,La Calera,1
149779211,surquillo,355000.0,230.0,55.0,2,2,0,"Av.principal Cdra.8, Surquillo",La Calera,1
149287217,surquillo,543000.0,0.0,58.0,2,2,0,Andres Aramburú 600,Surquillo,1
149241267,surquillo,365000.0,1.0,52.0,2,2,0,Av Tomas Marsano,Surquillo,1
149313132,surquillo,481000.0,0.0,59.0,2,2,0,Surquillo,Surquillo,1
148673826,surquillo,696700.0,250.0,112.0,3,3,1,Holbein al 147,Vipep,1
149905100,surquillo,444000.0,250.0,65.0,2,2,0,"AV. Santiago DE Surco 2175 Tomas Marsano , Surquillo",Surquillo,1
149086054,surquillo,588000.0,270.0,120.0,3,2,1,Calle La Casuarina 253,Los Sauces,10
147855307,surquillo,455000.0,150.0,73.0,3,2,1,Av Aviacion Surquillo,Capebco,10
148471647,surquillo,588000.0,350.0,83.0,3,2,1,av. Tomas Marsano  1600,Surquillo,10
147271715,surquillo,444000.0,230.0,62.0,2,2,1,Tomas Marsano al 2100,Surquillo,1
148828316,surquillo,374000.0,250.0,67.0,2,1,1,Calle Francisco Mostajo 158,Surquillo,1
147791666,surquillo,528500.0,220.0,78.0,3,2,1,Calle Alfa Aguila 124,Surquillo,1
149817785,surquillo,532650.0,80.0,109.0,4,2,0,San Carlos 384,Surquillo,1
149053752,surquillo,465750.0,200.0,70.0,3,2,1,Av. República de Panamá  4075,Limatambo,1
147791854,surquillo,471800.0,250.0,81.0,1,1,1,Calle Los Negocios 495,Limatambo,1
149814857,surquillo,410000.0,270.0,53.0,2,2,1,Avenida Tomas Marsano al 2200,Surquillo,1
149777724,surquillo,778000.0,500.0,107.0,3,2,1,"Oswaldo Hercelles Cdra 1, Límite con Aurora - Miraflroes",Barrio Medico,1
147976943,surquillo,495600.0,0.0,79.0,3,2,0,Calle Emiliano Zapata Surquillo,La Calera De La Merced,1
149631173,surquillo,315000.0,250.0,50.0,2,1,0,Sergio Bernales al 528 50.50m2 CON 2 Dormitorios Y Zona Parrilla Para Inversion,Surquillo,1
149181464,surquillo,742000.0,0.0,76.0,3,2,1,Cerca al Centro Financiero - Av. Aramburú,Surquillo,1
148690274,surquillo,804000.0,400.0,108.0,3,2,0,Av. Valles del Sur,Capebco,1
147898263,surquillo,320000.0,200.0,49.0,2,1,0,Albert Einstein 406,La Calera De La Merced,1
148856167,surquillo,418750.0,220.0,52.0,1,2,1,"Av. Tomas Marsano, Surquillo",Surquillo,1
147899495,surquillo,788000.0,320.0,157.0,4,4,1,AV SERGIO BERNALES,Medico,1
149270766,surquillo,1005606.0,350.0,186.0,4,5,2,Diderot 311,La Calera De La Merced,1
149273136,surquillo,385000.0,230.0,54.0,2,2,0,Avenida Tomás Marsano al 1900,Surquillo,1
149288579,surquillo,592600.0,0.0,98.0,3,2,0,Av. Villaran,Surquillo,1
148968672,surquillo,405000.0,240.0,57.0,2,2,0,Tomas Marsano al 300,Surquillo,1
148041943,surquillo,610290.0,300.0,95.0,3,2,1,Ca. Ortega y Gasset,Surquillo,1
148953302,surquillo,315000.0,150.0,65.0,2,1,0,Jirón Dante,Surquillo,1
147363015,surquillo,528000.0,0.0,70.0,3,2,0,AV TOMAS MARSANO,Surquillo,1
149130261,surquillo,482065.0,0.0,82.0,2,2,0,"Calle Calvino, LA Calera DE LA Merced - Surquillo",Surquillo,1
148883359,surquillo,625000.0,0.0,76.0,3,2,0,Calle Felipe Durand,Barrio Medico,1
148027025,surquillo,516810.0,320.0,98.0,3,3,1,Calle la calera de la merced,Calera,1
147154211,surquillo,817000.0,0.0,240.0,5,5,1,"Casuarina 179, los sauces, surquillo",Los Sauces,1
149025660,surquillo,265000.0,180.0,38.0,1,1,1,CALLE MODIAGLINI 157,La Calera,1
147362898,surquillo,300000.0,0.0,36.0,1,1,0,AV TOMAS MARSANO,Surquillo,10
149790625,surquillo,320000.0,180.0,38.0,1,1,0,Avenida Paseo de la República 4095,Surquillo,10
149038306,surquillo,768200.0,0.0,103.0,4,3,1,La Calera,La Calera,10
149263727,surquillo,447000.0,0.0,68.0,2,2,0,Urb. La Calera,La Calera De La Merced,1
149354036,surquillo,443000.0,150.0,73.0,3,2,0,Avenida Aviación 3944,La Calera De La Merced,1
148695135,surquillo,538000.0,0.0,100.0,3,3,0,La Calera de la Merced,Surquillo,1
149262722,surquillo,562200.0,0.0,88.0,3,2,0,La Calera de la Merced,La Calera De La Merced,1
149038118,surquillo,274700.0,0.0,40.0,1,1,0,Laurel Rosa,Los Sauces,1
148926284,surquillo,375000.0,200.0,83.0,3,2,0,Calle Carmen,Surquillo,1
148856326,surquillo,500000.0,180.0,90.0,3,3,1,Calle Las Palomas 120,Surquillo,1
149889776,surquillo,425000.0,290.0,71.0,3,2,1,Av. Angamos Este 1559,Surquillo,1
149912021,surquillo,399000.0,0.0,64.0,3,2,1,"Calle el Cerezo, La Calera, Surquillo al 300",La Calera De La Merced,1
149272472,surquillo,694000.0,0.0,116.0,3,2,1,Calle Courbet 168,La Calera De La Merced,1
147520426,surquillo,445000.0,0.0,73.0,3,2,0,La Calera,La Calera,1
149364549,surquillo,379500.0,150.0,50.0,2,1,0,Avenida El Sauce 153,Surquillo,1
149790971,surquillo,467100.0,0.0,74.0,3,1,0,Av. Domingo Orué 456,Surquillo,1
149829254,surquillo,862500.0,0.0,152.0,3,2,1,C. Ortega y Gasset 398,La Calera De La Merced,1
149267462,surquillo,530800.0,0.0,82.0,3,2,0,Urb. La Calera,La Calera De La Merced,1
147642165,surquillo,630000.0,180.0,106.0,2,3,0,"CALLE MAGNOLIA N° 186, URB. LOS SAUCES",Los Sauces,1
148981647,surquillo,586259.0,0.0,96.0,2,2,1,Confucio,La Calera De La Merced,1
149019311,surquillo,554000.0,345.0,88.0,3,2,1,Av. Andrés Avelino Cáceres 111,Surquillo,1
149634977,surquillo,505000.0,0.0,64.0,2,2,1,Av. Mariscal Caceres 281,Surquillo,1
149591762,surquillo,570500.0,0.0,87.0,3,2,0,"Calle Alfa Centauro, Urb. LA Calera, Surquillo",Surquillo,1
149594487,surquillo,710798.0,0.0,69.0,3,2,1,Av. República de Panamá  al 3600,Surquillo,1
148117222,surquillo,756000.0,460.0,142.0,3,2,1,"Calle Lola Pardo Vargas 045, Surquillo",Barrio Medico,1
149477662,surquillo,895615.0,0.0,151.0,3,2,2,"Juan Fuentes con Octavio Paz, Los Sauces, Surquillo",Surquillo,1
147851164,surquillo,445000.0,0.0,73.0,3,1,1,AVENIDA AVIACION N° 3944,La Calera,1
149038258,surquillo,361800.0,0.0,55.0,2,1,0,Laurel Rosa,Los Sauces,1
149126210,surquillo,220000.0,160.0,35.0,1,1,0,Andrés Luna,La Calera,1
149359401,surquillo,383673.0,0.0,55.0,2,2,0,Avenida Tomas Marsano al 1800,Surquillo,1
148343788,surquillo,646000.0,400.0,120.0,3,2,0,calle los negocios 495,Surquillo,10
149472879,surquillo,445557.0,200.0,65.0,3,3,1,Avenida Tomás Marsano,Surquillo,10
149820379,surquillo,741750.0,250.0,129.0,4,2,1,Calera de Monterrico,Surquillo,10
149173758,surquillo,745000.0,0.0,76.0,3,2,1,Av. Andrés Aramburú,Surquillo,1
149225938,surquillo,440000.0,240.0,61.0,2,2,0,Av Tomas Marsano Surquillo Limite con Miraflores,Surquillo,1
148941039,surquillo,695000.0,0.0,107.0,3,3,1,Vendo Dpto EN Urb. Limatambo Surquillo - Calle LAS Palomas,Surquillo,1
145329281,surquillo,673750.0,100.0,115.0,3,4,1,"C. Marco Polo 138, Surquillo",La Calera De La Merced,1
149088607,surquillo,548300.0,314.0,74.0,3,2,0,Av Paseo de la Republica 5181,Surquillo,1
149834948,surquillo,399000.0,300.0,56.0,2,2,0,"Avenida Tomás Marsano, Surquillo",Surquillo,1
145635208,surquillo,448500.0,250.0,70.0,2,2,0,carlyle y emiliano zapata,La Calera De La Merced,1
149738121,surquillo,376050.0,0.0,65.0,3,2,1,Calle Dublin 100,Los Sauces,1
149112630,surquillo,778600.0,0.0,128.0,4,3,1,Manet mz L  8,Surquillo,1
149651052,surquillo,1000500.0,320.0,190.0,3,2,1,Calle Montesquieu 200,Surquillo,1
149905151,surquillo,585000.0,0.0,73.0,3,2,0,Calle Courbet 10 Piso 9 - Surquillo,Surquillo,1
149287216,surquillo,737000.0,0.0,76.0,3,3,0,Andres Aramburú 600,Surquillo,1
149153183,surquillo,485000.0,230.0,74.0,3,2,1,LOS Negocios 1XX,Surquillo,1
149261098,surquillo,290000.0,180.0,43.0,1,1,0,Av. Tomás Marsano  al 1600,Surquillo,1
149791239,surquillo,384000.0,0.0,32.0,1,1,0,Aramburú al 600,Surquillo,1
149842116,surquillo,411250.0,115.0,104.0,4,2,0,Victor Alzamora  1,Surquillo,1
149536054,surquillo,495000.0,400.0,82.0,3,2,1,Av. Principal al 800,Surquillo,1
148736012,surquillo,3306450.0,0.0,143.0,4,4,2,"Girardout 132, Lima 15038",Surquillo,1
148700588,surquillo,922000.0,300.0,148.0,4,5,1,Ortega Y Gasset  al 100,Surquillo,1
149384090,surquillo,420660.0,100.0,114.0,3,3,0,CALLE LOS QUETZALES SURQUILLO,Surquillo,1
147702976,surquillo,653700.0,250.0,74.0,3,2,0,Av.principal 200,Surquillo,1
149203098,surquillo,528800.0,200.0,82.0,2,2,0,Avenida Roca y Boloña,Surquillo,1
149871247,surquillo,759000.0,0.0,128.0,3,2,1,Calle Ortega y Gasset 200,La Calera De La Merced,1
148287708,surquillo,871000.0,0.0,171.0,4,3,1,FISHER 100,La Calera,1
147702711,surquillo,507500.0,250.0,66.0,2,2,0,la calera,Calera,1
149506681,surquillo,473000.0,0.0,71.0,3,2,0,Av. Tomás Marsano 2273,Surquillo,1
148049256,surquillo,336000.0,0.0,40.0,1,1,0,Surquillo,Surquillo,1
147645576,surquillo,455000.0,0.0,90.0,3,2,0,Laurel Rosa 429,Surquillo,10
149086214,surquillo,302400.0,90.0,64.0,2,2,0,"Dpto. en Victor Mantilla, Barrio Médico, Surquillo",Barrio Medico,10
149791237,surquillo,340000.0,230.0,43.0,1,1,0,Calle Marco Polo  al 200,La Calera,10
144730250,surquillo,637500.0,250.0,87.0,4,3,0,Calle Cerezos,La Calera,1
149613541,surquillo,363800.0,180.0,54.0,2,1,1,Calera,La Calera,1
148397762,surquillo,370000.0,220.0,60.0,2,2,0,Calle Los Negocios 179,Limatambo,1
149291453,surquillo,633500.0,430.0,112.0,3,2,1,Avenida Principal,Las Orquideas,1
149406618,surquillo,489000.0,140.0,92.0,3,2,1,Calle el Cedro 185,Los Sauces,1
146621684,surquillo,723800.0,250.0,98.0,4,2,0,Calle El Cerezo,Calera,1
148861096,surquillo,859350.0,330.0,179.0,4,4,1,Calle Federico Engels 142,La Calera De La Merced,1
147078155,surquillo,232000.0,0.0,26.0,1,1,0,Surquillo,Surquillo,1
149091223,surquillo,720250.0,0.0,130.0,4,3,1,La Calera,La Calera,1
149453157,surquillo,407100.0,200.0,71.0,3,2,0,Angamos Open Plaza,Surquillo,1
147030312,surquillo,443750.0,250.0,70.0,3,2,0,URB LA CALERA,Surquillo,1
146544977,surquillo,710000.0,250.0,97.0,3,2,0,CALLE EL CEREZO DPTO 801,La Calera,1
149098416,surquillo,845250.0,0.0,160.0,4,3,1,Merced,La Calera De La Merced,1
143770621,surquillo,269325.0,0.0,38.0,1,1,1,surquillo,La Calera,1
148187504,surquillo,522000.0,0.0,88.0,2,3,0,URB LIMATAMBO,Surquillo,1
149276475,surquillo,776025.0,200.0,134.0,3,2,0,ESPALDA DE NEOPLASICAS,La Calera De La Merced,1
149761093,surquillo,385000.0,150.0,66.0,3,2,1,Condominio Jardines de Aramburú 2,Surquillo,1
149364541,surquillo,428750.0,200.0,90.0,3,2,1,Calle Los Faisanes 139,Surquillo,1
149288618,surquillo,340200.0,0.0,64.0,1,2,0,Urb. La Calera,La Calera De La Merced,1
148426068,surquillo,377000.0,0.0,54.0,2,2,0,Angamos,Surquillo,1
149187558,surquillo,710000.0,250.0,97.0,3,2,0,Calle El Cerezo,La Calera De La Merced,1
143366582,surquillo,329625.0,180.0,50.0,2,2,1,AVENIDA AVIACION N° 3944,La Calera,1
148285298,surquillo,750965.0,0.0,128.0,4,3,0,La Calera,La Calera,1
146679265,surquillo,385250.0,0.0,63.0,2,3,0,Fray Angelico 220,Surquillo,1
149542296,surquillo,517500.0,150.0,64.0,1,1,1,Urbanización La Calera de la Merced Calle Camilo Blas,Surquillo,1
147533757,surquillo,383000.0,70.0,72.0,2,1,0,Av. Sergio Bernales,Barrio Medico,1
145887930,surquillo,539681.0,0.0,64.0,3,2,0,Av. Sergio Bernales,Surquillo,1
147384904,surquillo,462300.0,280.0,82.0,3,2,1,SERGIO BERNALES 189,Barrio Medico,10
148635812,surquillo,737000.0,350.0,73.0,3,2,1,Avenida Andrés Aramburú 600,Surquillo,10
149141193,surquillo,690530.0,280.0,225.0,4,3,1,La Begonia,Los Sauces,10
149271939,surquillo,400000.0,300.0,76.0,3,2,0,Avenida Sergio Bernales 540,Barrio Medico,1
149238465,surquillo,600000.0,200.0,145.0,4,3,1,Paderewski 119,Calera,1
149612073,surquillo,613970.0,0.0,97.0,4,3,1,C. Raoul de Veneuil 193 - Santiago de Surco,Surquillo,1
146436708,surquillo,390000.0,220.0,45.0,1,1,1,Av. Tomas marsano 2175,Los Sauces,1
149809563,surquillo,603750.0,280.0,83.0,3,2,1,Av. Tomás Marsano 1647,Surquillo,1
148325446,surquillo,617750.0,0.0,93.0,4,2,0,Av. Tomás Marsano Cdra. 16 - Surquillo,Surquillo,1
149753335,surquillo,199000.0,250.0,27.0,1,1,0,Av. Angamos Este 1785,Surquillo,1
149343007,surquillo,370000.0,120.0,66.0,3,2,0,Avenida Domingo Orué 520,Surquillo,1
4559358,surquillo,350000.0,0.0,49.0,2,2,1,CALLE EL CEREZO N° 274,La Calera,1
149421989,surquillo,439000.0,230.0,64.0,3,2,1,Avenida Principal 712,Jorge Chavez,1
149265626,surquillo,505000.0,0.0,69.0,3,2,0,Manuel Irribarren,Surquillo,1
149902296,surquillo,602000.0,290.0,89.0,3,2,1,Calle Andrea del Sarto,La Calera De La Merced,1
149896755,surquillo,327750.0,150.0,65.0,2,2,0,Alfa Centauro,La Calera De La Merced,1
147364226,surquillo,330700.0,1.0,35.0,1,1,0,MARSANO,Las Orquideas,1
149592024,surquillo,618800.0,300.0,99.0,3,2,1,Calle Víctor Alzamora,Barrio Medico,1
148242844,surquillo,412650.0,0.0,59.0,3,2,0,Calle La Pera N° 400 - Urb. Los Sauces - Surquillo,Surquillo,1
149264715,surquillo,262200.0,0.0,40.0,1,1,0,Urb. La Calera,La Calera De La Merced,1
149288472,surquillo,432400.0,0.0,78.0,2,1,0,Urb. La Calera,La Calera De La Merced,1
149323421,surquillo,370000.0,0.0,46.0,1,1,0,Avenida Sergio Bernales,La Calera,1
148850777,surquillo,743000.0,280.0,76.0,3,2,0,Av. Andrés Aramburú 666,Surquillo,1
149481578,surquillo,756800.0,420.0,109.0,3,2,1,"Calle Mayor Arce DE Oliva N°xxx, Dpto. 702",Surquillo,1
4478461,surquillo,390000.0,150.0,63.0,2,2,1,"CALLE EL SAUCE 582, SURQUILLO",Los Sauces,1
4508239,surquillo,512658.0,330.0,92.0,3,2,1,SERGIO BERNALES,Barrio Medico,1
149725040,surquillo,537275.0,0.0,68.0,2,2,0,"Juan Fuentes con Octavio Paz, Los Sauces, Surquillo",Surquillo,1
149442977,surquillo,900000.0,600.0,172.0,3,3,1,Av. Thomas Marsano  1623,Surquillo,1
148823528,surquillo,426360.0,350.0,54.0,2,1,1,Rizo Patron,Surquillo,1
147789434,surquillo,468000.0,0.0,72.0,3,2,0,calle leonardo da vinci  surquillo,La Calera De La Merced,1
148889479,surquillo,309000.0,0.0,40.0,1,1,0,Avenida Andrés Aramburú,Surquillo,10
149612242,surquillo,763250.0,0.0,129.0,4,3,0,ESPALDA DE NEOPLASICAS,La Calera De La Merced,10
149354593,surquillo,332500.0,220.0,75.0,3,2,0,Avenida Domingo Orué 456,Surquillo,10
149294198,surquillo,800200.0,0.0,130.0,2,4,0,Exclusivos Dúplex de 2 Niveles | Parque Pascal | Surquillo | Desde USD 190,Surquillo,1
149760982,surquillo,490000.0,380.0,85.0,3,2,1,Av. Principal N° 925 Departamento 801,Surquillo,1
149836470,surquillo,316480.0,0.0,77.0,2,1,0,Jirón de La Colina Narciso N° 1029 - Segundo Piso,Surquillo,1
147681575,surquillo,637500.0,320.0,87.0,4,2,0,Calle el cerezo 315,La Calera De La Merced,1
149368297,surquillo,361000.0,240.0,35.0,1,1,1,Avenida Sergio Bernales (LIMITE MIRAFLORES),Surquillo,1
145466472,surquillo,525000.0,200.0,90.0,3,2,0,Gerard Blanchere 202,Las Orquideas,1
149151426,surquillo,520000.0,450.0,82.0,3,3,0,CALLE ROENTGEN 2XX,Surquillo,1
147997014,surquillo,525383.0,0.0,87.0,2,3,0,La Calera,La Calera,1
148204645,surquillo,586155.0,0.0,84.0,3,2,0,La Calera,Surquillo,1
146050459,surquillo,440000.0,200.0,61.0,2,2,0,"Av. Tomas Marsano 2175, Surquillo",Surquillo,1
149587574,surquillo,486200.0,0.0,103.0,4,2,0,La Calera al 100,La Calera De La Merced,1
144984928,surquillo,450870.0,0.0,72.0,3,2,0,Da Vinci 460,Surquillo,1
149049491,surquillo,779000.0,300.0,147.0,4,4,1,Duplex CON Vista Externa Frente A Parque Privado DE 147 M2,Barrio Medico,1
149264116,surquillo,592530.0,0.0,98.0,3,2,0,Av. Villaran,Los Sauces,1
65351301,surquillo,510000.0,85.0,100.0,2,2,0,Las tiendas,Surquillo,1
149655491,surquillo,985320.0,350.0,186.0,3,5,2,La Calera,La Calera,1
147596183,surquillo,665000.0,0.0,120.0,3,3,1,La Calera,La Calera,1
143365907,surquillo,332000.0,180.0,49.0,2,2,0,CALLE ALFA CISNE N° 150,La Calera De Monterrico,1
149400870,surquillo,515000.0,300.0,82.0,2,2,1,Caoba 240,Los Sauces,1
147985262,surquillo,503650.0,0.0,85.0,2,3,0,La Calera,La Calera,1
149243597,surquillo,510000.0,250.0,95.0,3,2,1,Laurel Rosa 321,Surquillo,1
4325305,surquillo,282000.0,150.0,44.0,2,1,1,"CALLE ARTURO DURAY, SEGUNDA CUADRA",Surquillo,1
143770836,surquillo,389812.0,0.0,55.0,2,1,1,la calera,La Calera,1
148527832,surquillo,490000.0,400.0,77.0,2,1,1,calle Mary Cassat 112 dpto 602,La Calera De La Merced,1
147100171,surquillo,323000.0,200.0,35.0,1,1,0,VILLARAN,Marsano,1
149898273,surquillo,475000.0,0.0,52.0,2,2,1,Calle Los Negocios 165,Limatambo,1
149594671,surquillo,447620.0,0.0,53.0,2,2,1,Av. República de Panamá al 3600,Surquillo,1
148993277,surquillo,268006.0,0.0,50.0,1,1,0,La Calera,Surquillo,10
149831502,surquillo,481600.0,220.0,77.0,2,2,0,Alfa León 109,La Calera De La Merced,10
149697865,surquillo,257000.0,0.0,32.0,1,1,0,Calle las Casuarinas 271 surquillo,La Calera,7
148631537,surquillo,756000.0,460.0,142.0,3,2,1,Lola Pardo Vargas,Barrio Medico,1
149264158,surquillo,283000.0,0.0,40.0,1,1,0,Pino Silvestre,Los Sauces,1
142861331,surquillo,612000.0,300.0,74.0,3,2,0,Surquillo,Surquillo,1
146940193,surquillo,723800.0,250.0,99.0,4,2,0,CALLE EL CEREZO DPTO 803,La Calera,1
148322589,surquillo,818000.0,400.0,144.0,3,2,0,JULIAN SANDOVAL,Surquillo,1
149717407,surquillo,763400.0,130.0,126.0,3,2,0,Av. Villaran 1109,Los Sauces,1
146939658,surquillo,637500.0,250.0,87.0,4,2,0,CALLE EL CEREZO DPTO 802,La Calera,1
149523215,surquillo,465750.0,300.0,81.0,3,2,1,Urb. La Calera - Altura de Cdra. 5-6 de la  Av. Principal,Surquillo,1
149561147,surquillo,774077.0,460.0,150.0,3,2,1,Lola Pardo Vargas 045,Aurora Este,1
149725125,surquillo,1035000.0,0.0,142.0,3,2,1,La Calera,La Calera,1
4660090,surquillo,410000.0,180.0,56.0,2,2,1,CALLE BIELUVUCIC N° 283,La Calera De Monterrico,1
149075545,surquillo,300000.0,150.0,47.0,1,1,0,Yarinacocha 110,Surquillo,1
149591679,surquillo,442000.0,0.0,69.0,2,2,0,Calle Carlyle - Surquillo,Surquillo,1
143328041,surquillo,507000.0,260.0,101.0,3,2,1,Av. Sergio Bernales 536,Barrio Medico,1
146377449,surquillo,395600.0,100.0,48.0,1,1,1,Calle las Tiendas  al 300,Surquillo,1
149112909,surquillo,286450.0,0.0,56.0,3,2,0,Narciso DE LA Colina  10,Surquillo,1
146078834,surquillo,521360.0,150.0,115.0,2,3,2,"Av, Roca y Boloña",Surquillo,1
149554230,surquillo,355000.0,0.0,43.0,1,1,0,Tomas Marsano al 300 -  Piso 7,Surquillo,1
148611522,surquillo,745000.0,0.0,76.0,3,2,0,"Av. Andrés Aramburú , Surquillo",Limatambo,1
147048129,surquillo,444000.0,0.0,53.0,1,1,0,Aramburu,Surquillo,1
145852955,surquillo,232000.0,0.0,26.0,1,1,0,"Av Aramburu N° 9xx, Dpto. 309 AL 2309",Surquillo,1
4621317,surquillo,619000.0,200.0,76.0,3,2,1,Av. Aramburu,Surquillo,1
149334405,surquillo,750000.0,0.0,109.0,3,2,0,Balcon Vista a Parque-suquillo - 3d - 2b  Ascensor Directo Parlantes gas,Surquillo,1
149801858,surquillo,743900.0,250.0,173.0,3,3,1,Calle Harrington  al 100,La Calera De La Merced,1
145342274,surquillo,436600.0,350.0,82.0,3,2,0,"C. Ortega y Gasset 143, Surquillo",La Calera,1
148882492,surquillo,433000.0,0.0,63.0,3,2,1,Av. Angamos Este,Surquillo,1
147747280,surquillo,452378.0,200.0,51.0,2,2,0,AVENIDA REPUBLICA DE PANAMA,Surquillo,1
147760985,surquillo,535180.0,300.0,68.0,3,2,0,AVENIDA REPUBLICA DE PANAMA,Surquillo,10
149911208,surquillo,776250.0,250.0,134.0,4,2,1,La Calera de Monterrico,Surquillo,10
4621345,surquillo,645000.0,300.0,77.0,3,2,1,Av. Aramburu,Surquillo,10
149493474,surquillo,625000.0,0.0,77.0,3,2,1,"Calle Felipe Durand, Surquillo, Barrio Medico, Surquillo",Barrio Medico,1
149527560,surquillo,492000.0,0.0,69.0,3,2,1,"Av Tomas Marsano N° 26xx, Dpto. 201, 202",Surquillo,1
149146667,surquillo,402000.0,0.0,46.0,2,2,1,Andres Caceres al 600,Barrio Medico,1
147424768,surquillo,643700.0,297.0,74.0,3,2,0,AVENIDA ARAMBURU,Surquillo,1
149791337,surquillo,288000.0,0.0,39.0,1,1,0,Angamos  al 1800,Surquillo,1
146199369,surquillo,637680.0,0.0,78.0,3,2,1,"Av Principal N° 4xx, Dpto. 202 AL 702",Surquillo,1
145832811,surquillo,299000.0,0.0,41.0,1,1,0,Av. Angamos,Surquillo,1
147683327,surquillo,255000.0,0.0,36.0,1,1,1,"Av Angamos Este N° 17xx, Dpto. 408 AL 2808",Surquillo,1
148918756,surquillo,413055.0,12000.0,69.0,3,2,0,"Urb. Los Sauces, Surquillo",Surquillo,1
4046692,surquillo,506250.0,300.0,86.0,2,3,2,cA. Ortega y Gasset,La Calera,1
143155808,surquillo,294000.0,0.0,37.0,1,1,0,Avenida Andrés Aramburú,Surquillo,1
145806629,surquillo,545000.0,0.0,71.0,3,2,1,Av. Angamos,Surquillo,1
149448230,surquillo,455000.0,0.0,57.0,2,2,0,Av. República de Panamá 4071,Surquillo,1
149334383,surquillo,590000.0,0.0,73.0,3,2,0,Balcon Vista a Parque-suquillo - 3d - 2b  Ascensor Directo Parlantes gas,Surquillo,1
148352620,surquillo,384000.0,0.0,32.0,1,1,0,Cerca a Centro Financiero - Av Aramburú,Surquillo,1
149655138,surquillo,452250.0,0.0,92.0,2,1,0,Vendo Dpto Tipo Casita 3 Pisos en Surquillo Limite con Miraflores Cerca Av. Angamos,Surquillo,1
149061585,surquillo,674311.0,0.0,156.0,4,2,0,"Cuadra 9 de la Avenida Villaran Mz f Lote 2 Dpt,101 al 100",Surquillo,1
149527495,surquillo,285000.0,0.0,45.0,1,1,0,"Av Tomas Marsano N° 26xx, Dpto. 704 AL 1704",Surquillo,1
147626659,surquillo,510000.0,0.0,60.0,2,2,0,Av. Tomás Marsano con Av. Guardia Civil,Surquillo,1
143172598,surquillo,543000.0,0.0,58.0,2,2,0,"Av. Aramburu N°6xx, Dpto. 2212",Surquillo,1
145961197,surquillo,772800.0,0.0,204.0,4,4,0,AV. Sergio Bernales,Surquillo,1
148280459,surquillo,340000.0,0.0,41.0,1,1,0,Av. Tomás Marsano con Av. Guardia Civil,Surquillo,1
4609765,surquillo,957600.0,420.0,165.0,3,3,2,Av. Sergio Bernales,Surquillo,1
145765464,surquillo,329426.0,0.0,41.0,1,1,0,"Av Tomas Marsano N° 3xx, Dpto. 611 AL 1711",Surquillo,1
148353141,surquillo,595084.0,0.0,75.0,3,2,0,"Av. Tomas Marsano, Surquillo",Surquillo,1
149339732,surquillo,622800.0,0.0,89.0,3,3,2,Avenida Principal,Surquillo,1
149060523,surquillo,530000.0,400.0,89.0,3,3,1,Avenida Paseo de la República 3905,Surquillo,1
149432949,surquillo,539400.0,0.0,82.0,3,2,0,Av. Sergio Bernales 500,Surquillo,10
149559918,surquillo,342868.0,250.0,44.0,3,1,0,Avenida Principal 499,La Calera De La Merced,10
143172580,surquillo,328000.0,0.0,32.0,1,1,0,"Av. Aramburu N°6xx, Dpto. 310 AL 1210",Surquillo,10
145833177,surquillo,458000.0,0.0,84.0,2,2,1,Av. Angamos,Surquillo,1
147065733,surquillo,465337.0,0.0,59.0,2,2,1,"Mariscal Caceres, Surquillo",Surquillo,1
149264706,surquillo,737000.0,250.0,76.0,3,3,0,Av. Andrés Aramburú,Surquillo,1
148439019,surquillo,384000.0,150.0,32.0,1,1,0,AVENIDA ARAMBURU,Surquillo,1
148428130,surquillo,459129.0,0.0,60.0,2,2,1,Barrio Médico,Barrio Medico,1
145765389,surquillo,283166.0,0.0,30.0,1,1,0,"Av Tomas Marsano N° 3xx, Dpto. 401 AL 2201",Surquillo,1
149322787,surquillo,693000.0,310.0,102.0,3,2,1,Av. Sergio Bernales N° 381,Surquillo,1
149177696,surquillo,477200.0,0.0,62.0,2,2,0,Ca. Alfa Boyero  al 100 - Coworking - Iluminación por voz -2 Dormitorios - 2 Baños,Surquillo,1
147683347,surquillo,359000.0,0.0,48.0,2,2,1,"Av Angamos Este N° 17xx, Dpto. 310 AL 2810",Surquillo,1
145779681,surquillo,280929.0,0.0,28.0,1,1,0,"Av Tomas Marsano N° 3xx, Dpto. 702 AL 2202",Surquillo,1
149400493,surquillo,553320.0,0.0,101.0,3,2,1,av Tomas Marsano  al 1623,Aurora Este,1
146117177,surquillo,605900.0,0.0,84.0,3,2,0,Av. Santiago de Surco 1999,Surquillo,1
145853008,surquillo,464000.0,0.0,59.0,2,2,0,"Av Aramburu N° 9xx, Dpto. 312 AL 2212",Surquillo,1
4647711,surquillo,535674.0,0.0,65.0,3,2,1,Av. Sergio Bernales,Barrio Medico,1
148807303,surquillo,393000.0,0.0,80.0,2,1,0,jr Salaverry 1300,Surquillo,1
148874691,surquillo,428000.0,0.0,63.0,3,2,0,Av. Angamos Este al 1700,Surquillo,1
149274646,surquillo,345000.0,0.0,64.0,3,3,0,Narciso DE LA Colina Cuiadra 10,Surquillo,1
149801012,surquillo,502520.0,0.0,64.0,3,2,0,Av. Sergio Bernales,Surquillo,1
148421995,surquillo,781000.0,400.0,174.0,4,4,1,Av. Sergio Bernales al 500,Surquillo,1
149612234,surquillo,185500.0,0.0,40.0,2,2,0,Calle Pacioli MZ M LOT  6,Villa Victoria,1
149187481,surquillo,839604.0,0.0,150.0,3,3,0,"Jr. Salaverry 1177, Surquillo 15047, Perú",Surquillo,1
149288541,surquillo,374000.0,0.0,55.0,2,2,1,AV. Angamos Este 18xx DPT 2208 AL 2708,Surquillo,1
147048038,surquillo,528000.0,0.0,69.0,2,2,1,Aramburu,Surquillo,1
149834946,surquillo,425000.0,280.0,72.0,3,2,1,"Avenida Angamos Este, Surquillo",Surquillo,1
145799315,surquillo,432000.0,380.0,54.0,1,1,1,mayor arce de la oliva 737,Surquillo,1
149497049,surquillo,813100.0,460.0,140.0,2,2,1,Calle Lola Pardo Vargas,Barrio Medico,1
147683337,surquillo,257000.0,0.0,37.0,1,1,1,"Av Angamos Este N° 17xx, Dpto. 313 AL 2813",Surquillo,1
