listing_id,listing_url,scraping_date,district_scraped,source,price_pen,price_usd,maintenance_fee,area_total,bedrooms,bathrooms,parking_spaces,address,district,urbanization,photos_count,json_name
149712692,https://urbania.pe/inmueble/clasificado/veclapin-venta-de-departamento-en-chacarilla-del-estanque-san-borja-3-dormitorios-149712692?n_src=Listado&n_pills=Seguridad&n_pg=1&n_pos=6,2026-05-18,san-borja,urbania,1016600.0,299000.0,520.0,195,3.0,2.0,2.0,Av. Buena Vista  140,San Borja,Chacarilla Del Estanque,1,Departamento · 192m² · 3 Dormitorios · 2 Estacionamientos
149466354,https://urbania.pe/inmueble/clasificado/veclapin-venta-de-departamento-en-san-borja-lima-3-dormitorios-149466354?n_src=Listado&n_pills=Cerca+a+colegios&n_pg=1&n_pos=7,2026-05-18,san-borja,urbania,569250.0,165000.0,50.0,116,3.0,2.0,,Avenida Aviación 2324,Lima,San Borja,1,Departamento · 106m² · 3 Dormitorios
147036212,https://urbania.pe/inmueble/clasificado/veclapin-venta-de-departamento-en-san-borja-lima-4-dormitorios-147036212?n_src=Listado&n_pills=Jard%C3%ADn&n_pg=1&n_pos=8,2026-05-18,san-borja,urbania,4124319.0,1161780.0,600.0,550,4.0,4.0,2.0,CHACARILLA SAN BORJA,Lima,San Borja,1,Departamento · 380m² · 4 Dormitorios · 2 Estacionamientos
149629256,https://urbania.pe/inmueble/clasificado/veclapin-venta-de-departamento-en-san-borja-sur-san-borja-4-dormitorios-149629256?n_src=Listado&n_pills=%C3%81rea+de+lavander%C3%ADa&n_pg=1&n_pos=9,2026-05-18,san-borja,urbania,1038000.0,300000.0,,180,4.0,3.0,2.0,Gozzoli Norte al 700,San Borja,San Borja Sur,1,Departamento · 107m² · 4 Dormitorios · 2 Estacionamientos
148432729,https://urbania.pe/inmueble/clasificado/veclapin-venta-de-departamento-en-chacarilla-del-estanque-san-borja-3-dormitorios-148432729?n_src=Listado&n_pills=Cuartos+de+servicio&n_pg=1&n_pos=10,2026-05-18,san-borja,urbania,2184000.0,650000.0,1200.0,398,3.0,3.0,3.0,Andalucia 189,San Borja,Chacarilla Del Estanque,1,Departamento · 310m² · 3 Dormitorios · 3 Estacionamientos
149833765,https://urbania.pe/inmueble/clasificado/veclapin-venta-de-departamento-en-san-borja-lima-3-dormitorios-149833765?n_src=Listado&n_pills=%C3%81rea+de+lavander%C3%ADa&n_pg=1&n_pos=11,2026-05-18,san-borja,urbania,1345500.0,390000.0,1.0,144,3.0,3.0,2.0,Trinidad,Lima,San Borja,1,Departamento · 144m² · 3 Dormitorios · 2 Estacionamientos
148182240,https://urbania.pe/inmueble/clasificado/veclapin-venta-de-departamento-en-san-borja-lima-3-dormitorios-148182240?n_src=Listado&n_pills=Parrilla&n_pg=1&n_pos=12,2026-05-18,san-borja,urbania,1120000.0,320000.0,30.0,252,3.0,3.0,2.0,Carzou,Lima,San Borja,1,Departamento · 165m² · 3 Dormitorios · 2 Estacionamientos
144847825,https://urbania.pe/inmueble/clasificado/veclapin-venta-de-departamento-en-monterrico-norte-san-borja-3-dormitorios-144847825?n_src=Listado&n_pills=Cuartos+de+servicio&n_pg=1&n_pos=13,2026-05-18,san-borja,urbania,1225000.0,350000.0,,400,3.0,2.0,2.0,Jirón,San Borja,Monterrico Norte,1,Departamento · 200m² · 3 Dormitorios · 2 Estacionamientos
148990391,https://urbania.pe/inmueble/clasificado/veclapin-venta-de-departamento-en-san-borja-lima-4-dormitorios-148990391?n_src=Listado&n_pills=Guardian%C3%ADa%2FSeguridad+privada&n_pg=1&n_pos=14,2026-05-18,san-borja,urbania,972000.0,282000.0,250.0,167,4.0,3.0,1.0,Jirón Batrich Bozovich  al 300,Lima,San Borja,1,Departamento · 167m² · 4 Dormitorios · 1 Estacionamiento
149544084,https://urbania.pe/inmueble/clasificado/veclapin-venta-de-departamento-en-san-borja-lima-3-dormitorios-149544084?n_src=Listado&n_pills=%C3%81rea+de+lavander%C3%ADa&n_pg=1&n_pos=15,2026-05-18,san-borja,urbania,670000.0,197888.0,250.0,90,3.0,2.0,,Jr. Millet 175,Lima,San Borja,1,Departamento · 90m² · 3 Dormitorios
149589354,https://urbania.pe/inmueble/clasificado/veclapin-venta-de-departamento-en-san-juan-masias-san-borja-2-dormitorios-149589354?n_src=Listado&n_pills=Cerca+a+colegios&n_pg=1&n_pos=16,2026-05-18,san-borja,urbania,291550.0,85000.0,80.0,54,2.0,1.0,,Calle de la Técnica 280,San Borja,San Juan Masias,1,Departamento · 54m² · 2 Dormitorios
147555133,https://urbania.pe/inmueble/clasificado/veclapin-venta-de-departamento-en-san-borja-lima-3-dormitorios-147555133?n_src=Listado&n_pills=Jard%C3%ADn&n_pg=1&n_pos=17,2026-05-18,san-borja,urbania,670000.0,191400.0,,90,3.0,3.0,,Jr. Millet 173 San Borja,Lima,San Borja,1,Departamento · 90m² · 3 Dormitorios
149861642,https://urbania.pe/inmueble/clasificado/veclapin-venta-de-departamento-en-san-borja-lima-3-dormitorios-149861642?n_src=Listado&n_pills=Frente+a+parque&n_pg=1&n_pos=18,2026-05-18,san-borja,urbania,1155750.0,335000.0,500.0,130,3.0,2.0,2.0,Avenida Boulevard de Surco 1052,Lima,San Borja,1,Departamento · 130m² · 3 Dormitorios · 2 Estacionamientos
149242869,https://urbania.pe/inmueble/clasificado/veclapin-venta-de-departamento-en-chacarilla-del-estanque-san-borja-4-dormitorios-149242869?n_src=Listado&n_pills=Seguridad&n_pg=1&n_pos=19,2026-05-18,san-borja,urbania,2134000.0,577656.0,,270,4.0,3.0,2.0,"Venta DE Duplex EN Chacarilla DEL Estanque , SAN Borja",San Borja,Chacarilla Del Estanque,1,Departamento · 270m² · 4 Dormitorios · 2 Estacionamientos
149651548,https://urbania.pe/inmueble/clasificado/veclapin-venta-de-departamento-en-san-borja-lima-3-dormitorios-149651548?n_src=Listado&n_pills=%C3%81rea+de+lavander%C3%ADa&n_pg=1&n_pos=20,2026-05-18,san-borja,urbania,986000.0,290000.0,1.0,197,3.0,2.0,2.0,Av Buena Vista,Lima,San Borja,1,Departamento · 197m² · 3 Dormitorios · 2 Estacionamientos
148324134,https://urbania.pe/inmueble/clasificado/veclapin-venta-de-departamento-en-san-borja-lima-4-dormitorios-148324134?n_src=Listado&n_pills=%C3%81rea+de+lavander%C3%ADa&n_pg=1&n_pos=21,2026-05-18,san-borja,urbania,986000.0,290000.0,,200,4.0,3.0,2.0,Jr. 24 Piso 3 San Borja - VTA,Lima,San Borja,1,Departamento · 160m² · 4 Dormitorios · 2 Estacionamientos
149456465,https://urbania.pe/inmueble/clasificado/veclapin-venta-de-departamento-en-corpac-san-borja-3-dormitorios-149456465?n_src=Listado&n_pills=Seguridad&n_pg=1&n_pos=22,2026-05-18,san-borja,urbania,835250.0,250000.0,400.0,112,3.0,2.0,1.0,Jr. Pietro Torrigiano 400 - a 2 Cuadras de Parque de la Familia y Ebony,San Borja,Corpac,1,Departamento · 112m² · 3 Dormitorios · 1 Estacionamiento
148958589,https://urbania.pe/inmueble/clasificado/veclapin-venta-de-departamento-en-chacarilla-del-estanque-san-borja-3-dormitorios-148958589?n_src=Listado&n_pills=Frente+a+parque&n_pg=1&n_pos=23,2026-05-18,san-borja,urbania,1324435.0,395000.0,700.0,175,3.0,3.0,2.0,Calle Venecia,San Borja,Chacarilla Del Estanque,1,Departamento · 175m² · 3 Dormitorios · 2 Estacionamientos
149791086,https://urbania.pe/inmueble/clasificado/veclapin-venta-de-departamento-en-corpac-san-borja-3-dormitorios-149791086?n_src=Listado&n_pills=Jard%C3%ADn&n_pg=1&n_pos=24,2026-05-18,san-borja,urbania,1479240.0,420000.0,680.0,234,3.0,4.0,2.0,Jr Torrigiano Pietro  al 100,San Borja,Corpac,1,Departamento · 151m² · 3 Dormitorios · 2 Estacionamientos
149800883,https://urbania.pe/inmueble/clasificado/veclapin-venta-de-departamento-en-san-borja-lima-4-dormitorios-149800883?n_src=Listado&n_pills=%C3%81rea+de+lavander%C3%ADa&n_pg=1&n_pos=25,2026-05-18,san-borja,urbania,1052250.0,305000.0,200.0,201,4.0,4.0,2.0,Durero,Lima,San Borja,1,Departamento · 169m² · 4 Dormitorios · 2 Estacionamientos
149569130,https://urbania.pe/inmueble/clasificado/veclapin-venta-de-departamento-en-chacarilla-san-borja-3-dormitorios-149569130?n_src=Listado&n_pills=Guardian%C3%ADa%2FSeguridad+privada&n_pg=1&n_pos=26,2026-05-18,san-borja,urbania,1080450.0,315000.0,570.0,195,3.0,2.0,2.0,Chacarilla,San Borja,Chacarilla,1,Departamento · 195m² · 3 Dormitorios · 2 Estacionamientos
148950993,https://urbania.pe/inmueble/clasificado/veclapin-venta-de-departamento-en-chacarilla-del-estanque-san-borja-4-dormitorios-148950993?n_src=Listado&n_pills=%C3%81rea+de+lavander%C3%ADa&n_pg=1&n_pos=27,2026-05-18,san-borja,urbania,1955000.0,570000.0,1600.0,426,4.0,3.0,3.0,Los Recuerdos 411,San Borja,Chacarilla Del Estanque,1,Departamento · 343ha · 4 Dormitorios · 3 Estacionamientos
149845570,https://urbania.pe/inmueble/clasificado/veclapin-venta-de-departamento-en-san-borja-lima-149845570?n_src=Listado&n_pills=%C3%81rea+de+lavander%C3%ADa&n_pg=1&n_pos=28,2026-05-18,san-borja,urbania,1036260.0,303000.0,,120,,,1.0,Matamoros 129 Chacarilla SAN Borja,Lima,San Borja,1,Departamento · 120m² · 1 Estacionamiento
149149072,https://urbania.pe/inmueble/clasificado/veclapin-venta-de-departamento-en-san-borja-lima-3-dormitorios-149149072?n_src=Listado&n_pills=Guardian%C3%ADa%2FSeguridad+privada&n_pg=1&n_pos=29,2026-05-18,san-borja,urbania,1289716.0,375000.0,400.0,220,3.0,4.0,4.0,Calle Carzou Charles al 100,Lima,San Borja,1,Departamento · 220m² · 3 Dormitorios · 4 Estacionamientos
148210427,https://urbania.pe/inmueble/clasificado/veclapin-venta-de-departamento-en-chacarilla-del-estanque-san-borja-4-dormitorios-148210427?n_src=Listado&n_pills=Cuartos+de+servicio&n_pg=1&n_pos=30,2026-05-18,san-borja,urbania,1038500.0,310000.0,,200,4.0,4.0,2.0,"Calle Mayorazgo 1, Chacarilla del Estanque, San Borja",San Borja,Chacarilla Del Estanque,1,Departamento · 200m² · 4 Dormitorios · 2 Estacionamientos
148450683,https://urbania.pe/inmueble/clasificado/veclapin-venta-de-departamento-en-san-borja-lima-2-dormitorios-148450683?n_src=Listado&n_pills=Cuartos+de+servicio&n_pg=2&n_pos=1,2026-05-18,san-borja,urbania,560000.0,160000.0,,101,2.0,1.0,,AV AVIACION CUADRA 33,Lima,San Borja,10,Departamento · 102m² · 2 Dormitorios
149559152,https://urbania.pe/inmueble/clasificado/veclapin-venta-de-departamento-en-corpac-san-borja-3-dormitorios-149559152?n_src=Listado&n_pills=Guardian%C3%ADa%2FSeguridad+privada&n_pg=2&n_pos=2,2026-05-18,san-borja,urbania,1093050.0,315000.0,600.0,197,3.0,4.0,2.0,Pasaje Robert Boyle,San Borja,Corpac,10,Departamento · 197m² · 3 Dormitorios · 2 Estacionamientos
148219435,https://urbania.pe/inmueble/clasificado/veclapin-venta-de-departamento-en-san-borja-lima-1-dormitorio-148219435?n_src=Listado&n_pills=%C3%81rea+de+lavander%C3%ADa&n_pg=2&n_pos=3,2026-05-18,san-borja,urbania,415400.0,118000.0,280.0,64,1.0,1.0,1.0,"Velasco Astete 312, San Borja",Lima,San Borja,10,Departamento · 64m² · 1 Dormitorio · 1 Estacionamiento
148073281,https://urbania.pe/inmueble/clasificado/veclapin-venta-de-departamento-en-san-borja-lima-3-dormitorios-148073281?n_src=Listado&n_pills=Guardian%C3%ADa%2FSeguridad+privada&n_pg=2&n_pos=4,2026-05-18,san-borja,urbania,599400.0,180000.0,200.0,117,3.0,2.0,1.0,Portinari al 100,Lima,San Borja,1,Departamento · 117m² · 3 Dormitorios · 1 Estacionamiento
147787681,https://urbania.pe/inmueble/clasificado/veclapin-venta-de-departamento-en-san-borja-lima-3-dormitorios-147787681?n_src=Listado&n_pills=%C3%81rea+de+lavander%C3%ADa&n_pg=2&n_pos=5,2026-05-18,san-borja,urbania,1102000.0,290000.0,,121,3.0,2.0,2.0,"Calle Luiggi Pirandello 434, San Borja",Lima,San Borja,1,Departamento · 91m² · 3 Dormitorios · 2 Estacionamientos
148953164,https://urbania.pe/inmueble/clasificado/veclapin-venta-de-departamento-en-san-borja-norte-san-borja-3-dormitorios-148953164?n_src=Listado&n_pills=%C3%81rea+de+lavander%C3%ADa&n_pg=2&n_pos=6,2026-05-18,san-borja,urbania,857500.0,245000.0,,114,3.0,3.0,2.0,Av San Borja Norte 299 San Borja,San Borja,San Borja Norte,1,Departamento · 114m² · 3 Dormitorios · 2 Estacionamientos
149155985,https://urbania.pe/inmueble/clasificado/veclapin-venta-de-departamento-en-las-begonias-san-borja-2-dormitorios-149155985?n_src=Listado&n_pills=Piscina&n_pg=2&n_pos=7,2026-05-18,san-borja,urbania,737760.0,212000.0,578.0,90,2.0,2.0,1.0,Calle Toscanini al 100,San Borja,Las Begonias,1,Departamento · 90m² · 2 Dormitorios · 1 Estacionamiento
149547772,https://urbania.pe/inmueble/clasificado/veclapin-venta-de-departamento-en-san-borja-lima-3-dormitorios-149547772?n_src=Listado&n_pills=Piscina&n_pg=2&n_pos=8,2026-05-18,san-borja,urbania,2228000.0,639999.0,1200.0,494,3.0,3.0,2.0,Jirón Monte Carmelo Cuadra 5,Lima,San Borja,1,Departamento · 494m² · 3 Dormitorios · 2 Estacionamientos
149760203,https://urbania.pe/inmueble/clasificado/veclapin-venta-de-departamento-en-san-borja-lima-3-dormitorios-149760203?n_src=Listado&n_pills=Seguridad&n_pg=2&n_pos=9,2026-05-18,san-borja,urbania,1088000.0,320000.0,450.0,170,3.0,4.0,2.0,BUENA VISTA,Lima,San Borja,1,Departamento · 170m² · 3 Dormitorios · 2 Estacionamientos
149845932,https://urbania.pe/inmueble/clasificado/veclapin-venta-de-departamento-en-san-borja-lima-149845932?n_src=Listado&n_pills=%C3%81rea+de+lavander%C3%ADa&n_pg=2&n_pos=10,2026-05-18,san-borja,urbania,1038000.0,300000.0,,119,,,1.0,Trinidad  Chacarilla San Borja,Lima,San Borja,1,Departamento · 119m² · 1 Estacionamiento
148854929,https://urbania.pe/inmueble/clasificado/veclapin-venta-de-departamento-en-san-borja-lima-4-dormitorios-148854929?n_src=Listado&n_pills=%C3%81rea+de+lavander%C3%ADa&n_pg=2&n_pos=11,2026-05-18,san-borja,urbania,1537650.0,459000.0,1300.0,258,4.0,4.0,2.0,Los Recuerdos,Lima,San Borja,1,Departamento · 231m² · 4 Dormitorios · 2 Estacionamientos
148786510,https://urbania.pe/inmueble/clasificado/veclapin-venta-de-departamento-en-san-borja-sur-san-borja-3-dormitorios-148786510?n_src=Listado&n_pills=%C3%81rea+de+lavander%C3%ADa&n_pg=2&n_pos=12,2026-05-18,san-borja,urbania,736682.0,210000.0,380.0,162,3.0,2.0,1.0,Joaquín Turina 196,San Borja,San Borja Sur,1,Departamento · 105m² · 3 Dormitorios · 1 Estacionamiento
149697951,https://urbania.pe/inmueble/clasificado/veclapin-venta-de-departamento-en-san-borja-lima-2-dormitorios-149697951?n_src=Listado&n_pills=%C3%81rea+de+lavander%C3%ADa&n_pg=2&n_pos=13,2026-05-18,san-borja,urbania,408000.0,120000.0,,84,2.0,1.0,,Av. Javier Prado Este al 3000,Lima,San Borja,1,Departamento · 84m² · 2 Dormitorios
148647377,https://urbania.pe/inmueble/clasificado/veclapin-venta-de-departamento-en-corpac-san-borja-4-dormitorios-148647377?n_src=Listado&n_pills=%C3%81rea+de+lavander%C3%ADa&n_pg=2&n_pos=14,2026-05-18,san-borja,urbania,981000.0,278000.0,400.0,185,4.0,3.0,,Jirón Pietro Torrigiano al 100,San Borja,Corpac,1,Departamento · 185m² · 4 Dormitorios
148156076,https://urbania.pe/inmueble/clasificado/veclapin-venta-de-departamento-en-san-borja-lima-3-dormitorios-148156076?n_src=Listado&n_pills=Cerca+a+colegios&n_pg=2&n_pos=15,2026-05-18,san-borja,urbania,851000.0,230000.0,350.0,98,3.0,2.0,1.0,JIRON TASSO,Lima,San Borja,1,Departamento · 98m² · 3 Dormitorios · 1 Estacionamiento
147611214,https://urbania.pe/inmueble/clasificado/veclapin-venta-de-departamento-en-san-borja-lima-3-dormitorios-147611214?n_src=Listado&n_pills=Gimnasio&n_pg=2&n_pos=16,2026-05-18,san-borja,urbania,1337000.0,352000.0,,158,3.0,2.0,2.0,San Borja,Lima,San Borja,1,Departamento · 158m² · 3 Dormitorios · 2 Estacionamientos
149536815,https://urbania.pe/inmueble/clasificado/veclapin-venta-de-departamento-en-san-borja-sur-san-borja-2-dormitorios-149536815?n_src=Listado&n_pills=Seguridad&n_pg=2&n_pos=17,2026-05-18,san-borja,urbania,798500.0,234000.0,600.0,128,2.0,2.0,1.0,Copernico al 100,San Borja,San Borja Sur,1,Departamento · 90m² · 2 Dormitorios · 1 Estacionamiento
148073276,https://urbania.pe/inmueble/clasificado/veclapin-venta-de-departamento-en-san-borja-lima-2-dormitorios-148073276?n_src=Listado&n_pills=Guardian%C3%ADa%2FSeguridad+privada&n_pg=2&n_pos=18,2026-05-18,san-borja,urbania,932400.0,280000.0,590.0,126,2.0,2.0,2.0,Calle LOS Recuerdos 473,Lima,San Borja,1,Departamento · 126m² · 2 Dormitorios · 2 Estacionamientos
149259393,https://urbania.pe/inmueble/clasificado/veclapin-venta-de-departamento-en-san-borja-lima-3-dormitorios-149259393?n_src=Listado&n_pills=Piscina&n_pg=2&n_pos=19,2026-05-18,san-borja,urbania,739000.0,209000.0,380.0,90,3.0,2.0,1.0,Avenida San Borja Norte,Lima,San Borja,1,Departamento · 90m² · 3 Dormitorios · 1 Estacionamiento
148421659,https://urbania.pe/inmueble/clasificado/veclapin-venta-de-departamento-en-san-borja-lima-4-dormitorios-148421659?n_src=Listado&n_pills=%C3%81rea+de+lavander%C3%ADa&n_pg=2&n_pos=20,2026-05-18,san-borja,urbania,,,,242,4.0,3.0,2.0,Jr. Alberto Barajas,Lima,San Borja,1,Departamento · 242m² · 4 Dormitorios · 2 Estacionamientos
146870308,https://urbania.pe/inmueble/clasificado/veclapin-venta-de-departamento-en-san-borja-lima-4-dormitorios-146870308?n_src=Listado&n_pills=Seguridad&n_pg=2&n_pos=21,2026-05-18,san-borja,urbania,1190000.0,350000.0,680.0,254,4.0,3.0,2.0,AV VELASCO ASTTEETE 955,Lima,San Borja,1,Departamento · 254m² · 4 Dormitorios · 2 Estacionamientos
146004544,https://urbania.pe/inmueble/clasificado/veclapin-venta-de-departamento-en-san-borja-lima-2-dormitorios-146004544?n_src=Listado&n_pg=2&n_pos=22,2026-05-18,san-borja,urbania,496800.0,144000.0,120.0,85,2.0,2.0,,Pissarro,Lima,San Borja,1,Departamento · 85m² · 2 Dormitorios
148728192,https://urbania.pe/inmueble/clasificado/veclapin-venta-de-departamento-en-chacarilla-del-estanque-san-borja-4-dormitorios-148728192?n_src=Listado&n_pills=Jard%C3%ADn&n_pg=2&n_pos=23,2026-05-18,san-borja,urbania,1650000.0,469999.0,1950.0,371,4.0,5.0,2.0,Jirón Conde de la Vega del Ren 178,San Borja,Chacarilla Del Estanque,1,Departamento · 371m² · 4 Dormitorios · 2 Estacionamientos
149255508,https://urbania.pe/inmueble/clasificado/veclapin-venta-de-departamento-en-san-borja-lima-3-dormitorios-149255508?n_src=Listado&n_pills=Seguridad&n_pg=2&n_pos=24,2026-05-18,san-borja,urbania,776250.0,225000.0,,107,3.0,2.0,1.0,san Borja Norte 12xx,Lima,San Borja,1,Departamento · 107m² · 3 Dormitorios · 1 Estacionamiento
149245992,https://urbania.pe/inmueble/clasificado/veclapin-venta-de-departamento-en-chacarilla-del-estanque-san-borja-3-dormitorios-149245992?n_src=Listado&n_pills=Parrilla&n_pg=2&n_pos=25,2026-05-18,san-borja,urbania,1739500.0,497000.0,,254,3.0,3.0,2.0,Vendo Departamento Primer Piso/ Estreno/ Chacarilla SAN Borja,San Borja,Chacarilla Del Estanque,1,Departamento · 254m² · 3 Dormitorios · 2 Estacionamientos
147910190,https://urbania.pe/inmueble/clasificado/veclapin-venta-de-departamento-en-san-borja-lima-3-dormitorios-147910190?n_src=Listado&n_pills=%C3%81rea+de+lavander%C3%ADa&n_pg=2&n_pos=26,2026-05-18,san-borja,urbania,1171800.0,310000.0,,179,3.0,3.0,2.0,Calle Frangonard,Lima,San Borja,1,Departamento · 179ha · 3 Dormitorios · 2 Estacionamientos
148950992,https://urbania.pe/inmueble/clasificado/veclapin-venta-de-departamento-en-san-borja-lima-3-dormitorios-148950992?n_src=Listado&n_pills=Cuartos+de+servicio&n_pg=2&n_pos=27,2026-05-18,san-borja,urbania,1296000.0,380000.0,,382,3.0,3.0,1.0,Jirón Jose Maria Sert N° 215,Lima,San Borja,1,Departamento · 382ha · 3 Dormitorios · 1 Estacionamiento
149520354,https://urbania.pe/inmueble/clasificado/veclapin-venta-de-departamento-en-san-borja-sur-san-borja-5-a-mas-dormitorios-149520354?n_src=Listado&n_pills=Guardian%C3%ADa%2FSeguridad+privada&n_pg=2&n_pos=28,2026-05-18,san-borja,urbania,1356000.0,399000.0,600.0,270,5.0,6.0,2.0,AV. DEL Parque SUR al 600,San Borja,San Borja Sur,1,Departamento · 270m² · 5 Dormitorios · 2 Estacionamientos
149020374,https://urbania.pe/inmueble/clasificado/veclapin-venta-de-departamento-en-san-borja-lima-3-dormitorios-149020374?n_src=Listado&n_pills=Seguridad&n_pg=2&n_pos=29,2026-05-18,san-borja,urbania,612500.0,175000.0,350.0,98,3.0,2.0,1.0,Avenida San Borja Norte,Lima,San Borja,1,Departamento · 94m² · 3 Dormitorios · 1 Estacionamiento
149158962,https://urbania.pe/inmueble/clasificado/veclapin-venta-de-departamento-en-san-borja-lima-3-dormitorios-149158962?n_src=Listado&n_pills=%C3%81rea+de+lavander%C3%ADa&n_pg=2&n_pos=30,2026-05-18,san-borja,urbania,833000.0,245000.0,800.0,115,3.0,4.0,2.0,CALLE GALEON,Lima,San Borja,1,Departamento · 115m² · 3 Dormitorios · 2 Estacionamientos
147037279,https://urbania.pe/inmueble/clasificado/veclapin-venta-de-departamento-en-san-borja-lima-3-dormitorios-147037279?n_src=Listado&n_pills=%C3%81rea+de+lavander%C3%ADa&n_pg=3&n_pos=1,2026-05-18,san-borja,urbania,1506200.0,443000.0,600.0,180,3.0,3.0,2.0,CHACARILLA SAN BORJA,Lima,San Borja,10,Departamento · 180m² · 3 Dormitorios · 2 Estacionamientos
149493505,https://urbania.pe/inmueble/clasificado/veclapin-venta-de-departamento-en-san-borja-lima-4-dormitorios-149493505?n_src=Listado&n_pills=%C3%81rea+de+lavander%C3%ADa&n_pg=3&n_pos=2,2026-05-18,san-borja,urbania,1196350.0,355000.0,,172,4.0,4.0,2.0,Donizetti al 200,Lima,San Borja,10,Departamento · 150m² · 4 Dormitorios · 2 Estacionamientos
149430843,https://urbania.pe/inmueble/clasificado/veclapin-venta-de-departamento-en-chacarilla-del-estanque-san-borja-3-dormitorios-149430843?n_src=Listado&n_pills=%C3%81rea+de+lavander%C3%ADa&n_pg=3&n_pos=3,2026-05-18,san-borja,urbania,1008000.0,288000.0,,214,3.0,4.0,2.0,"Calle Galeon, Chacarilla  al 100",San Borja,Chacarilla Del Estanque,10,Departamento · 214m² · 3 Dormitorios · 2 Estacionamientos
149027772,https://urbania.pe/inmueble/clasificado/veclapin-venta-de-departamento-en-las-begonias-san-borja-3-dormitorios-149027772?n_src=Listado&n_pills=Cuartos+de+servicio&n_pg=3&n_pos=4,2026-05-18,san-borja,urbania,889000.0,265000.0,400.0,176,3.0,3.0,2.0,Argenta al 100,San Borja,Las Begonias,1,Departamento · 176m² · 3 Dormitorios · 2 Estacionamientos
148548434,https://urbania.pe/inmueble/clasificado/veclapin-venta-de-departamento-en-chacarilla-san-borja-3-dormitorios-148548434?n_src=Listado&n_pg=3&n_pos=5,2026-05-18,san-borja,urbania,1197000.0,350000.0,400.0,235,3.0,3.0,4.0,Avenida Esmeralda al 300,San Borja,Chacarilla,1,Departamento · 156m² · 3 Dormitorios · 4 Estacionamientos
147036763,https://urbania.pe/inmueble/clasificado/veclapin-venta-de-departamento-en-san-borja-lima-4-dormitorios-147036763?n_src=Listado&n_pills=Seguridad&n_pg=3&n_pos=6,2026-05-18,san-borja,urbania,2134412.0,609832.0,600.0,270,4.0,4.0,2.0,HERMANO LOBO,Lima,San Borja,1,Departamento · 207m² · 4 Dormitorios · 2 Estacionamientos
148921819,https://urbania.pe/inmueble/clasificado/veclapin-venta-de-departamento-en-chacarilla-san-borja-2-dormitorios-148921819?n_src=Listado&n_pills=%C3%81rea+de+lavander%C3%ADa&n_pg=3&n_pos=7,2026-05-18,san-borja,urbania,980000.0,279000.0,600.0,126,2.0,3.0,2.0,"Calle LOS Recuerdos, Urb. Chacarilla",San Borja,Chacarilla,1,Departamento · 126m² · 2 Dormitorios · 2 Estacionamientos
149472903,https://urbania.pe/inmueble/clasificado/veclapin-venta-de-departamento-en-san-borja-lima-3-dormitorios-149472903?n_src=Listado&n_pills=Jard%C3%ADn&n_pg=3&n_pos=8,2026-05-18,san-borja,urbania,1522700.0,447852.0,,158,3.0,3.0,2.0,Flat de Estreno con Vista a Parque  Excelente Distribucion muy Luminoso y Zona Tranquila - C. Buen Retiro,Lima,San Borja,1,Departamento · 124m² · 3 Dormitorios · 2 Estacionamientos
149144679,https://urbania.pe/inmueble/clasificado/veclapin-venta-de-departamento-en-mariscal-ramon-castilla-san-borja-2-dormitorios-149144679?n_src=Listado&n_pg=3&n_pos=9,2026-05-18,san-borja,urbania,472600.0,139000.0,200.0,90,2.0,1.0,,CALLE 24,San Borja,Mariscal Ramon Castilla,1,Departamento · 90m² · 2 Dormitorios
149379906,https://urbania.pe/inmueble/clasificado/veclapin-venta-de-departamento-en-san-borja-lima-3-dormitorios-149379906?n_src=Listado&n_pills=Seguridad&n_pg=3&n_pos=10,2026-05-18,san-borja,urbania,654165.0,189613.0,,76,3.0,2.0,,Av. Parque Sur Cdra 7  San Borja Serca a La Rambla San Borja y Plaza Vea San Borja,Lima,San Borja,1,Departamento · 76m² · 3 Dormitorios
149634088,https://urbania.pe/inmueble/clasificado/veclapin-venta-de-departamento-en-san-borja-lima-3-dormitorios-149634088?n_src=Listado&n_pills=%C3%81rea+de+lavander%C3%ADa&n_pg=3&n_pos=11,2026-05-18,san-borja,urbania,1277500.0,365000.0,,196,3.0,4.0,2.0,Av. San Borja Norte Cuadra 2,Lima,San Borja,1,Departamento · 196m² · 3 Dormitorios · 2 Estacionamientos
149861884,https://urbania.pe/inmueble/clasificado/veclapin-venta-de-departamento-en-las-magnolias-san-borja-4-dormitorios-149861884?n_src=Listado&n_pills=Cerca+a+colegios&n_pg=3&n_pos=12,2026-05-18,san-borja,urbania,880000.0,249000.0,450.0,140,4.0,3.0,1.0,Av. San Luis 2692,San Borja,Las Magnolias,1,Departamento · 101m² · 4 Dormitorios · 1 Estacionamiento
149870636,https://urbania.pe/inmueble/clasificado/veclapin-venta-de-departamento-en-chacarilla-del-estanque-san-borja-3-dormitorios-149870636?n_src=Listado&n_pills=%C3%81rea+de+lavander%C3%ADa&n_pg=3&n_pos=13,2026-05-18,san-borja,urbania,1151500.0,329000.0,671.0,264,3.0,3.0,2.0,Av. del Pinar 250,San Borja,Chacarilla Del Estanque,1,Departamento · 201m² · 3 Dormitorios · 2 Estacionamientos
145060511,https://urbania.pe/inmueble/clasificado/veclapin-venta-de-departamento-en-san-borja-norte-san-borja-4-dormitorios-145060511?n_src=Listado&n_pills=Guardian%C3%ADa%2FSeguridad+privada&n_pg=3&n_pos=14,2026-05-18,san-borja,urbania,1550300.0,419000.0,490.0,231,4.0,3.0,2.0,CALLE,San Borja,San Borja Norte,1,Departamento · 231m² · 4 Dormitorios · 2 Estacionamientos
144503951,https://urbania.pe/inmueble/clasificado/veclapin-venta-de-departamento-en-san-borja-lima-2-dormitorios-144503951?n_src=Listado&n_pills=%C3%81rea+de+lavander%C3%ADa&n_pg=3&n_pos=15,2026-05-18,san-borja,urbania,479550.0,139000.0,150.0,92,2.0,2.0,1.0,Avenida Boulevard,Lima,San Borja,1,Departamento · 74m² · 2 Dormitorios · 1 Estacionamiento
148609289,https://urbania.pe/inmueble/clasificado/veclapin-venta-de-departamento-en-corpac-san-borja-3-dormitorios-148609289?n_src=Listado&n_pills=%C3%81rea+de+lavander%C3%ADa&n_pg=3&n_pos=16,2026-05-18,san-borja,urbania,726800.0,,,89,3.0,3.0,,"Av. Galvez Barrenechea 947, San Borja",San Borja,Corpac,1,Departamento · 89m² · 3 Dormitorios
148663020,https://urbania.pe/inmueble/clasificado/veclapin-venta-de-departamento-en-chacarilla-del-estanque-san-borja-3-dormitorios-148663020?n_src=Listado&n_pills=Cuartos+de+servicio&n_pg=3&n_pos=17,2026-05-18,san-borja,urbania,1142430.0,333000.0,750.0,167,3.0,2.0,2.0,Los Recuerdos,San Borja,Chacarilla Del Estanque,1,Departamento · 147m² · 3 Dormitorios · 2 Estacionamientos
148479863,https://urbania.pe/inmueble/clasificado/veclapin-venta-de-departamento-en-chacarilla-san-borja-3-dormitorios-148479863?n_src=Listado&n_pills=Jard%C3%ADn&n_pg=3&n_pos=18,2026-05-18,san-borja,urbania,1259250.0,365000.0,,200,3.0,3.0,2.0,calle melissa,San Borja,Chacarilla,1,Departamento · 130m² · 3 Dormitorios · 2 Estacionamientos
142708586,https://urbania.pe/inmueble/clasificado/veclapin-venta-de-departamento-en-jacaranda-san-borja-4-dormitorios-142708586?n_src=Listado&n_pills=Cerca+a+colegios&n_pg=3&n_pos=19,2026-05-18,san-borja,urbania,1019000.0,299999.0,200.0,200,4.0,3.0,2.0,calle LOS SAUCES,San Borja,Jacaranda,1,Departamento · 200m² · 4 Dormitorios · 2 Estacionamientos
147623566,https://urbania.pe/inmueble/clasificado/veclapin-venta-de-departamento-en-san-borja-sur-san-borja-4-dormitorios-147623566?n_src=Listado&n_pills=%C3%81rea+de+lavander%C3%ADa&n_pg=3&n_pos=20,2026-05-18,san-borja,urbania,1210550.0,355000.0,400.0,235,4.0,4.0,2.0,av san borja sur,San Borja,San Borja Sur,1,Departamento · 225m² · 4 Dormitorios · 2 Estacionamientos
148517042,https://urbania.pe/inmueble/clasificado/veclapin-venta-de-departamento-en-san-borja-lima-3-dormitorios-148517042?n_src=Listado&n_pills=Guardian%C3%ADa%2FSeguridad+privada&n_pg=3&n_pos=21,2026-05-18,san-borja,urbania,830000.0,250000.0,,110,3.0,,,AV. SAN BORJA SUR  359,Lima,San Borja,1,Departamento · 110m² · 3 Dormitorios
149870275,https://urbania.pe/inmueble/clasificado/veclapin-venta-de-departamento-en-mariscal-ramon-castilla-san-borja-3-dormitorios-149870275?n_src=Listado&n_pills=Gimnasio&n_pg=3&n_pos=22,2026-05-18,san-borja,urbania,1121400.0,326938.0,,186,3.0,2.0,2.0,Calle 20,San Borja,Mariscal Ramon Castilla,1,Departamento · 110m² · 3 Dormitorios · 2 Estacionamientos
144863914,https://urbania.pe/inmueble/clasificado/veclapin-venta-de-departamento-en-chacarilla-del-estanque-san-borja-4-dormitorios-144863914?n_src=Listado&n_pg=3&n_pos=23,2026-05-18,san-borja,urbania,1830834.0,486924.0,,231,4.0,3.0,2.0,trinidad 220 san borja,San Borja,Chacarilla Del Estanque,1,Departamento · 174m² · 4 Dormitorios · 2 Estacionamientos
148842091,https://urbania.pe/inmueble/clasificado/veclapin-venta-de-departamento-en-san-borja-lima-3-dormitorios-148842091?n_src=Listado&n_pills=Cuartos+de+servicio&n_pg=3&n_pos=24,2026-05-18,san-borja,urbania,495000.0,145000.0,110.0,124,3.0,2.0,,Av. Aviación,Lima,San Borja,1,Departamento · 124m² · 3 Dormitorios
148609287,https://urbania.pe/inmueble/clasificado/veclapin-venta-de-departamento-en-corpac-san-borja-3-dormitorios-148609287?n_src=Listado&n_pills=%C3%81rea+de+lavander%C3%ADa&n_pg=3&n_pos=25,2026-05-18,san-borja,urbania,719600.0,,,90,3.0,3.0,,"Avenida Jose Galvez Barrenechea 947,",San Borja,Corpac,1,Departamento · 90m² · 3 Dormitorios
149186809,https://urbania.pe/inmueble/clasificado/veclappa-venta-de-departamento-en-chacarilla-del-estanque-san-borja-3-dormitorios-149186809?n_src=Listado&n_pills=Jard%C3%ADn&n_pg=3&n_pos=26,2026-05-18,san-borja,urbania,1246900.0,370000.0,750.0,185,3.0,4.0,2.0,Calle Las Garzas,San Borja,Chacarilla Del Estanque,1,Departamento · 185m² · 3 Dormitorios · 2 Estacionamientos
149190301,https://urbania.pe/inmueble/clasificado/veclapin-venta-de-departamento-en-monterrico-norte-san-borja-3-dormitorios-149190301?n_src=Listado&n_pills=Cerca+a+colegios&n_pg=3&n_pos=27,2026-05-18,san-borja,urbania,770000.0,220000.0,350.0,130,3.0,3.0,1.0,Calle 7 141,San Borja,Monterrico Norte,1,Departamento · 130m² · 3 Dormitorios · 1 Estacionamiento
148357431,https://urbania.pe/inmueble/clasificado/veclapin-venta-de-departamento-en-corpac-san-borja-3-dormitorios-148357431?n_src=Listado&n_pills=Guardian%C3%ADa%2FSeguridad+privada&n_pg=3&n_pos=28,2026-05-18,san-borja,urbania,719600.0,,,90,3.0,3.0,1.0,Galvez Barrenechea - San Borja,San Borja,Corpac,1,Departamento · 90m² · 3 Dormitorios · 1 Estacionamiento
149142263,https://urbania.pe/inmueble/clasificado/veclapin-venta-de-departamento-en-chacarilla-del-estanque-san-borja-3-dormitorios-149142263?n_src=Listado&n_pills=Parrilla&n_pg=3&n_pos=29,2026-05-18,san-borja,urbania,1530000.0,450000.0,1200.0,208,3.0,3.0,3.0,Trinidad 528,San Borja,Chacarilla Del Estanque,1,Departamento · 208m² · 3 Dormitorios · 3 Estacionamientos
149319493,https://urbania.pe/inmueble/clasificado/veclapin-venta-de-departamento-en-las-artes-san-borja-4-dormitorios-149319493?n_src=Listado&n_pills=Parrilla&n_pg=3&n_pos=30,2026-05-18,san-borja,urbania,1000000.0,315000.0,350.0,194,4.0,4.0,2.0,Cerca de San Borja Norte con Boulevard de Surco,San Borja,Las Artes,1,Departamento · 194ha · 4 Dormitorios · 2 Estacionamientos
148242388,https://urbania.pe/inmueble/clasificado/veclapin-venta-de-departamento-en-chacarilla-del-estanque-san-borja-3-dormitorios-148242388?n_src=Listado&n_pills=Parrilla&n_pg=4&n_pos=1,2026-05-18,san-borja,urbania,1506650.0,443132.0,550.0,181,3.0,3.0,2.0,HERMANO LOBO,San Borja,Chacarilla Del Estanque,10,Departamento · 181m² · 3 Dormitorios · 2 Estacionamientos
149613643,https://urbania.pe/inmueble/clasificado/veclapin-venta-de-departamento-en-chacarilla-del-estanque-san-borja-3-dormitorios-149613643?n_src=Listado&n_pills=Guardian%C3%ADa%2FSeguridad+privada&n_pg=4&n_pos=2,2026-05-18,san-borja,urbania,1295000.0,370000.0,750.0,180,3.0,3.0,2.0,Bello Horizonte,San Borja,Chacarilla Del Estanque,10,Departamento · 180m² · 3 Dormitorios · 2 Estacionamientos
149131784,https://urbania.pe/inmueble/clasificado/veclapin-venta-de-departamento-en-san-borja-lima-3-dormitorios-149131784?n_src=Listado&n_pills=%C3%81rea+de+lavander%C3%ADa&n_pg=4&n_pos=3,2026-05-18,san-borja,urbania,666650.0,199000.0,,90,3.0,2.0,1.0,Av. San Borja Nte. 1101,Lima,San Borja,10,Departamento · 90m² · 3 Dormitorios · 1 Estacionamiento
149581168,https://urbania.pe/inmueble/clasificado/veclapin-venta-de-departamento-en-san-borja-lima-2-dormitorios-149581168?n_src=Listado&n_pills=%C3%81rea+de+lavander%C3%ADa&n_pg=4&n_pos=4,2026-05-18,san-borja,urbania,438000.0,130000.0,250.0,70,2.0,1.0,,Alfa Escorpión,Lima,San Borja,1,Departamento · 70m² · 2 Dormitorios
149139124,https://urbania.pe/inmueble/clasificado/veclapin-venta-de-departamento-en-san-borja-lima-3-dormitorios-149139124?n_src=Listado&n_pills=Guardian%C3%ADa%2FSeguridad+privada&n_pg=4&n_pos=5,2026-05-18,san-borja,urbania,725000.0,210000.0,500.0,104,3.0,2.0,2.0,Calle Barajas,Lima,San Borja,1,Departamento · 104m² · 3 Dormitorios · 2 Estacionamientos
149251570,https://urbania.pe/inmueble/clasificado/veclapin-venta-de-departamento-en-san-borja-lima-2-dormitorios-149251570?n_src=Listado&n_pills=%C3%81rea+de+lavander%C3%ADa&n_pg=4&n_pos=6,2026-05-18,san-borja,urbania,6715000.0,1975000.0,,1027,2.0,2.0,8.0,san Borja,Lima,San Borja,1,Departamento · 1027m² · 2 Dormitorios · 8 Estacionamientos
148609202,https://urbania.pe/inmueble/clasificado/veclapin-venta-de-departamento-en-corpac-san-borja-3-dormitorios-148609202?n_src=Listado&n_pills=Jard%C3%ADn&n_pg=4&n_pos=7,2026-05-18,san-borja,urbania,1085000.0,,,180,3.0,4.0,,Av. José Galvez Barrenechea 947,San Borja,Corpac,1,Departamento · 124m² · 3 Dormitorios
149588003,https://urbania.pe/inmueble/clasificado/veclapin-venta-de-departamento-en-san-borja-lima-3-dormitorios-149588003?n_src=Listado&n_pills=Cuartos+de+servicio&n_pg=4&n_pos=8,2026-05-18,san-borja,urbania,776250.0,225000.0,450.0,109,3.0,2.0,1.0,Calle 23,Lima,San Borja,1,Departamento · 109m² · 3 Dormitorios · 1 Estacionamiento
149126168,https://urbania.pe/inmueble/clasificado/veclapin-venta-de-departamento-en-chacarilla-del-estanque-san-borja-4-dormitorios-149126168?n_src=Listado&n_pg=4&n_pos=9,2026-05-18,san-borja,urbania,3242661.0,862410.0,,404,4.0,4.0,1.0,Jirón Hermano Lobo 230,San Borja,Chacarilla Del Estanque,1,Departamento · 271m² · 4 Dormitorios · 1 Estacionamiento
148994714,https://urbania.pe/inmueble/clasificado/veclapin-venta-de-departamento-en-juan-xxiii-san-borja-3-dormitorios-148994714?n_src=Listado&n_pills=Cerca+a+colegios&n_pg=4&n_pos=10,2026-05-18,san-borja,urbania,613000.0,183000.0,120.0,95,3.0,2.0,,Géminis 150,San Borja,Juan XXIII,1,Departamento · 95m² · 3 Dormitorios
148167414,https://urbania.pe/inmueble/clasificado/veclapin-venta-de-departamento-en-san-borja-lima-3-dormitorios-148167414?n_src=Listado&n_pills=%C3%81rea+de+lavander%C3%ADa&n_pg=4&n_pos=11,2026-05-18,san-borja,urbania,661320.0,198000.0,220.0,97,3.0,2.0,1.0,Rousseau,Lima,San Borja,1,Departamento · 97m² · 3 Dormitorios · 1 Estacionamiento
149784383,https://urbania.pe/inmueble/clasificado/veclapin-venta-de-departamento-en-san-borja-lima-4-dormitorios-149784383?n_src=Listado&n_pills=%C3%81rea+de+lavander%C3%ADa&n_pg=4&n_pos=12,2026-05-18,san-borja,urbania,2210000.0,650000.0,800.0,348,4.0,4.0,3.0,Bello Horizonte Chacarilla San Borja,Lima,San Borja,1,Departamento · 274m² · 4 Dormitorios · 3 Estacionamientos
149167541,https://urbania.pe/inmueble/clasificado/veclapin-venta-de-departamento-en-chacarilla-del-estanque-san-borja-4-dormitorios-149167541?n_src=Listado&n_pg=4&n_pos=13,2026-05-18,san-borja,urbania,2309322.0,670442.0,,117,4.0,5.0,1.0,Jr Galeon 195 San borja,San Borja,Chacarilla Del Estanque,1,Departamento · 332m² · 4 Dormitorios · 1 Estacionamiento
149188971,https://urbania.pe/inmueble/clasificado/veclapin-venta-de-departamento-en-chacarilla-del-estanque-san-borja-3-dormitorios-149188971?n_src=Listado&n_pills=Cuartos+de+servicio&n_pg=4&n_pos=14,2026-05-18,san-borja,urbania,1162000.0,340000.0,1200.0,188,3.0,2.0,2.0,calle los recuerdos xxx,San Borja,Chacarilla Del Estanque,1,Departamento · 146m² · 3 Dormitorios · 2 Estacionamientos
149356852,https://urbania.pe/inmueble/clasificado/veclapin-venta-de-departamento-en-las-artes-san-borja-4-dormitorios-149356852?n_src=Listado&n_pills=%C3%81rea+de+lavander%C3%ADa&n_pg=4&n_pos=15,2026-05-18,san-borja,urbania,692000.0,195000.0,,102,4.0,2.0,1.0,Jirón Andres Vesalio,San Borja,Las Artes,1,Departamento · 102m² · 4 Dormitorios · 1 Estacionamiento
149871753,https://urbania.pe/inmueble/clasificado/veclappa-venta-de-departamento-en-chacarilla-del-estanque-san-borja-3-dormitorios-149871753?n_src=Listado&n_pills=Cuartos+de+servicio&n_pg=4&n_pos=16,2026-05-18,san-borja,urbania,1356600.0,399000.0,,217,3.0,4.0,4.0,Jirón Galeón 130,San Borja,Chacarilla Del Estanque,1,Departamento · 217m² · 3 Dormitorios · 4 Estacionamientos
148476245,https://urbania.pe/inmueble/clasificado/veclapin-venta-de-departamento-en-san-borja-lima-3-dormitorios-148476245?n_src=Listado&n_pills=Cuartos+de+servicio&n_pg=4&n_pos=17,2026-05-18,san-borja,urbania,927414.0,268000.0,,125,3.0,2.0,2.0,Pedro Lopez De Ayala al 800,Lima,San Borja,1,Departamento · 125m² · 3 Dormitorios · 2 Estacionamientos
149713808,https://urbania.pe/inmueble/clasificado/veclapin-venta-de-departamento-en-san-borja-lima-4-dormitorios-149713808?n_src=Listado&n_pills=Cerca+a+colegios&n_pg=4&n_pos=18,2026-05-18,san-borja,urbania,1071000.0,315000.0,350.0,171,4.0,3.0,2.0,Durero,Lima,San Borja,1,Departamento · 148m² · 4 Dormitorios · 2 Estacionamientos
148160627,https://urbania.pe/inmueble/clasificado/veclapin-venta-de-departamento-en-san-borja-lima-3-dormitorios-148160627?n_src=Listado&n_pills=%C3%81rea+de+lavander%C3%ADa&n_pg=4&n_pos=19,2026-05-18,san-borja,urbania,912600.0,270000.0,450.0,178,3.0,4.0,,San Borja Sur  al 800,Lima,San Borja,1,Departamento · 138m² · 3 Dormitorios
148772003,https://urbania.pe/inmueble/clasificado/veclapin-venta-de-departamento-en-chacarilla-del-estanque-san-borja-3-dormitorios-148772003?n_src=Listado&n_pills=Guardian%C3%ADa%2FSeguridad+privada&n_pg=4&n_pos=20,2026-05-18,san-borja,urbania,2411500.0,689000.0,400.0,434,3.0,3.0,2.0,Juan Bielovucic Cavalier  al 300,San Borja,Chacarilla Del Estanque,1,Departamento · 350m² · 3 Dormitorios · 2 Estacionamientos
147153718,https://urbania.pe/inmueble/clasificado/veclapin-venta-de-departamento-en-san-borja-lima-4-dormitorios-147153718?n_src=Listado&n_pills=Seguridad&n_pg=4&n_pos=21,2026-05-18,san-borja,urbania,974400.0,290000.0,500.0,180,4.0,3.0,2.0,PRIMAVERA 1007,Lima,San Borja,1,Departamento · 180m² · 4 Dormitorios · 2 Estacionamientos
148732148,https://urbania.pe/inmueble/clasificado/veclapin-venta-de-departamento-en-san-borja-sur-san-borja-3-dormitorios-148732148?n_src=Listado&n_pills=%C3%81rea+de+lavander%C3%ADa&n_pg=4&n_pos=22,2026-05-18,san-borja,urbania,731000.0,215000.0,310.0,119,3.0,3.0,1.0,Av. San Borja Sur al 500,San Borja,San Borja Sur,1,Departamento · 100m² · 3 Dormitorios · 1 Estacionamiento
149115544,https://urbania.pe/inmueble/clasificado/veclapin-venta-de-departamento-en-san-borja-lima-3-dormitorios-149115544?n_src=Listado&n_pills=%C3%81rea+de+lavander%C3%ADa&n_pg=4&n_pos=23,2026-05-18,san-borja,urbania,606600.0,180000.0,1.0,117,3.0,2.0,1.0,Dirección no informada,Lima,San Borja,1,Departamento · 117m² · 3 Dormitorios · 1 Estacionamiento
147520560,https://urbania.pe/inmueble/clasificado/veclapin-venta-de-departamento-en-chacarilla-del-estanque-san-borja-4-dormitorios-147520560?n_src=Listado&n_pills=%C3%81rea+de+lavander%C3%ADa&n_pg=4&n_pos=24,2026-05-18,san-borja,urbania,1775500.0,530000.0,1000.0,352,4.0,4.0,4.0,"Alameda Picaflores, San Borja",San Borja,Chacarilla Del Estanque,1,Departamento · 299m² · 4 Dormitorios · 4 Estacionamientos
149168406,https://urbania.pe/inmueble/clasificado/veclapin-venta-de-departamento-en-chacarilla-del-estanque-san-borja-3-dormitorios-149168406?n_src=Listado&n_pg=4&n_pos=25,2026-05-18,san-borja,urbania,2559160.0,743942.0,,253,3.0,5.0,2.0,Jr Galeon 195 San borja,San Borja,Chacarilla Del Estanque,1,Departamento · 354m² · 3 Dormitorios · 2 Estacionamientos
148198525,https://urbania.pe/inmueble/clasificado/veclapin-venta-de-departamento-en-san-borja-sur-san-borja-3-dormitorios-148198525?n_src=Listado&n_pills=Guardian%C3%ADa%2FSeguridad+privada&n_pg=4&n_pos=26,2026-05-18,san-borja,urbania,1112200.0,332000.0,500.0,190,3.0,3.0,2.0,SAN BORJA,San Borja,San Borja Sur,1,Departamento · 190m² · 3 Dormitorios · 2 Estacionamientos
149126614,https://urbania.pe/inmueble/clasificado/veclapin-venta-de-departamento-en-chacarilla-del-estanque-san-borja-4-dormitorios-149126614?n_src=Listado&n_pg=4&n_pos=27,2026-05-18,san-borja,urbania,4368292.0,1161780.0,,550,4.0,4.0,2.0,Jirón Hermano Lobo 230,San Borja,Chacarilla Del Estanque,1,Departamento · 360m² · 4 Dormitorios · 2 Estacionamientos
145132666,https://urbania.pe/inmueble/clasificado/veclapin-venta-de-departamento-en-chacarilla-del-estanque-san-borja-3-dormitorios-145132666?n_src=Listado&n_pg=4&n_pos=28,2026-05-18,san-borja,urbania,1870044.0,497352.0,,256,3.0,3.0,2.0,TRINIDAD 220,San Borja,Chacarilla Del Estanque,1,Departamento · 160m² · 3 Dormitorios · 2 Estacionamientos
148005580,https://urbania.pe/inmueble/clasificado/veclapin-venta-de-departamento-en-san-borja-lima-3-dormitorios-148005580?n_src=Listado&n_pills=%C3%81rea+de+lavander%C3%ADa&n_pg=4&n_pos=29,2026-05-18,san-borja,urbania,619750.0,185000.0,300.0,114,3.0,2.0,,AV. SAN BORJA NORTE 758 SAN BORJA,Lima,San Borja,1,Departamento · 114m² · 3 Dormitorios
149394495,https://urbania.pe/inmueble/clasificado/veclapin-venta-de-departamento-en-san-borja-lima-3-dormitorios-149394495?n_src=Listado&n_pills=Cerca+a+colegios&n_pg=4&n_pos=30,2026-05-18,san-borja,urbania,1067430.0,299000.0,450.0,135,3.0,2.0,2.0,Avenida San Borja Norte,Lima,San Borja,1,Departamento · 135m² · 3 Dormitorios · 2 Estacionamientos
145546855,https://urbania.pe/inmueble/clasificado/veclapin-venta-de-departamento-en-san-borja-lima-4-dormitorios-145546855?n_src=Listado&n_pills=Cuartos+de+servicio&n_pg=5&n_pos=4,2026-05-18,san-borja,urbania,945000.0,270000.0,,177,4.0,4.0,2.0,Av. San Borja Sur 513,Lima,San Borja,1,Departamento · 123m² · 4 Dormitorios · 2 Estacionamientos
149717975,https://urbania.pe/inmueble/clasificado/veclapin-venta-de-departamento-en-chacarilla-del-estanque-san-borja-3-dormitorios-149717975?n_src=Listado&n_pills=Cuartos+de+servicio&n_pg=5&n_pos=5,2026-05-18,san-borja,urbania,1125040.0,328000.0,850.0,154,3.0,2.0,2.0,Chacarilla San Borja 1,San Borja,Chacarilla Del Estanque,1,Departamento · 154m² · 3 Dormitorios · 2 Estacionamientos
144349428,https://urbania.pe/inmueble/clasificado/veclapin-venta-de-departamento-en-san-borja-lima-5-a-mas-dormitorios-144349428?n_src=Listado&n_pills=%C3%81rea+de+lavander%C3%ADa&n_pg=5&n_pos=6,2026-05-18,san-borja,urbania,988000.0,260000.0,135.0,209,5.0,3.0,1.0,LUIGI PIRANDELLO,Lima,San Borja,1,Departamento · 209m² · 5 Dormitorios · 1 Estacionamiento
147727657,https://urbania.pe/inmueble/clasificado/veclapin-venta-de-departamento-en-mariscal-ramon-castilla-san-borja-3-dormitorios-147727657?n_src=Listado&n_pills=Frente+a+parque&n_pg=5&n_pos=7,2026-05-18,san-borja,urbania,1017750.0,295000.0,450.0,120,3.0,2.0,1.0,av buena vista 567,San Borja,Mariscal Ramon Castilla,1,Departamento · 121m² · 3 Dormitorios · 1 Estacionamiento
149086070,https://urbania.pe/inmueble/clasificado/veclapin-venta-de-departamento-en-san-borja-lima-3-dormitorios-149086070?n_src=Listado&n_pills=%C3%81rea+de+lavander%C3%ADa&n_pg=5&n_pos=8,2026-05-18,san-borja,urbania,910000.0,268000.0,300.0,213,3.0,4.0,1.0,San Borja Norte al 700 - Piso 8,Lima,San Borja,1,Departamento · 213m² · 3 Dormitorios · 1 Estacionamiento
143356565,https://urbania.pe/inmueble/clasificado/veclapin-venta-de-departamento-en-mariscal-ramon-castilla-san-borja-4-dormitorios-143356565?n_src=Listado&n_pills=Seguridad&n_pg=5&n_pos=9,2026-05-18,san-borja,urbania,1467000.0,419000.0,490.0,230,4.0,3.0,2.0,Calle 39,San Borja,Mariscal Ramon Castilla,1,Departamento · 230m² · 4 Dormitorios · 2 Estacionamientos
149400469,https://urbania.pe/inmueble/clasificado/veclapin-venta-de-departamento-en-chacarilla-del-estanque-san-borja-4-dormitorios-149400469?n_src=Listado&n_pills=%C3%81rea+de+lavander%C3%ADa&n_pg=5&n_pos=10,2026-05-18,san-borja,urbania,870000.0,250000.0,200.0,218,4.0,4.0,2.0,Calle Pablo Usandizaga  al 500,San Borja,Chacarilla Del Estanque,1,Departamento · 218m² · 4 Dormitorios · 2 Estacionamientos
149905137,https://urbania.pe/inmueble/clasificado/veclapin-venta-de-departamento-en-san-borja-lima-3-dormitorios-149905137?n_src=Listado&n_pills=Guardian%C3%ADa%2FSeguridad+privada&n_pg=5&n_pos=11,2026-05-18,san-borja,urbania,750000.0,,320.0,92,3.0,2.0,1.0,"Calle Poussin 100, Piso 4 Jacarandá, SAN Borja",Lima,San Borja,1,Departamento · 92m² · 3 Dormitorios · 1 Estacionamiento
149633032,https://urbania.pe/inmueble/clasificado/veclapin-venta-de-departamento-en-san-borja-lima-3-dormitorios-149633032?n_src=Listado&n_pills=Guardian%C3%ADa%2FSeguridad+privada&n_pg=5&n_pos=12,2026-05-18,san-borja,urbania,815500.0,233000.0,,97,3.0,2.0,1.0,Av. San Borja Norte Cuadra 2,Lima,San Borja,1,Departamento · 97m² · 3 Dormitorios · 1 Estacionamiento
146243071,https://urbania.pe/inmueble/clasificado/veclapin-venta-de-departamento-en-san-borja-lima-3-dormitorios-146243071?n_src=Listado&n_pills=Seguridad&n_pg=5&n_pos=13,2026-05-18,san-borja,urbania,1411935.0,420000.0,,233,3.0,5.0,2.0,Av. Alejandro Velasco Astete,Lima,San Borja,1,Departamento · 203m² · 3 Dormitorios · 2 Estacionamientos
146330825,https://urbania.pe/inmueble/clasificado/veclapin-venta-de-departamento-en-chacarilla-del-estanque-san-borja-4-dormitorios-146330825?n_src=Listado&n_pills=%C3%81rea+de+lavander%C3%ADa&n_pg=5&n_pos=14,2026-05-18,san-borja,urbania,1890000.0,525000.0,400.0,300,4.0,4.0,4.0,"Avenida Buena Vista 6, Piso 4, Chacarilla, San Borja",San Borja,Chacarilla Del Estanque,1,Departamento · 300m² · 4 Dormitorios · 4 Estacionamientos
146944531,https://urbania.pe/inmueble/clasificado/veclapin-venta-de-departamento-en-san-borja-norte-san-borja-3-dormitorios-146944531?n_src=Listado&n_pills=%C3%81rea+de+lavander%C3%ADa&n_pg=5&n_pos=15,2026-05-18,san-borja,urbania,1351308.0,386088.0,,183,3.0,2.0,,Av. San Borja Nte. 1305,San Borja,San Borja Norte,1,Departamento · 134m² · 3 Dormitorios
148010809,https://urbania.pe/inmueble/clasificado/veclapin-venta-de-departamento-en-chacarilla-del-estanque-san-borja-3-dormitorios-148010809?n_src=Listado&n_pills=Seguridad&n_pg=5&n_pos=16,2026-05-18,san-borja,urbania,1323250.0,395000.0,,258,3.0,2.0,2.0,Venecia  al 200,San Borja,Chacarilla Del Estanque,1,Departamento · 175m² · 3 Dormitorios · 2 Estacionamientos
147917264,https://urbania.pe/inmueble/clasificado/veclapin-venta-de-departamento-en-chacarilla-del-estanque-san-borja-3-dormitorios-147917264?n_src=Listado&n_pills=Seguridad&n_pg=5&n_pos=17,2026-05-18,san-borja,urbania,1550500.0,443000.0,,181,3.0,4.0,2.0,Vendo Departamento DE Estreno EN Chacarilla SAN Borja - Entrega Inmediata,San Borja,Chacarilla Del Estanque,1,Departamento · 181m² · 3 Dormitorios · 2 Estacionamientos
149106410,https://urbania.pe/inmueble/clasificado/veclapin-venta-de-departamento-en-san-borja-lima-3-dormitorios-149106410?n_src=Listado&n_pills=%C3%81rea+de+lavander%C3%ADa&n_pg=5&n_pos=18,2026-05-18,san-borja,urbania,1088000.0,320000.0,,152,3.0,2.0,2.0,Pacaritambo  al 200,Lima,San Borja,1,Departamento · 152m² · 3 Dormitorios · 2 Estacionamientos
148157104,https://urbania.pe/inmueble/clasificado/veclapin-venta-de-departamento-en-san-borja-lima-3-dormitorios-148157104?n_src=Listado&n_pills=Cuartos+de+servicio&n_pg=5&n_pos=19,2026-05-18,san-borja,urbania,1278000.0,360000.0,450.0,196,3.0,3.0,1.0,SAN BORJA NORTE,Lima,San Borja,1,Departamento · 136m² · 3 Dormitorios · 1 Estacionamiento
148586374,https://urbania.pe/inmueble/clasificado/veclapin-venta-de-departamento-en-san-borja-lima-148586374?n_src=Listado&n_pills=Guardian%C3%ADa%2FSeguridad+privada&n_pg=5&n_pos=20,2026-05-18,san-borja,urbania,599000.0,179000.0,,106,,1.0,1.0,AV JAVIER PRADO ESTE 2400,Lima,San Borja,1,Departamento · 105m² · 1 Estacionamiento
148337392,https://urbania.pe/inmueble/clasificado/veclapin-venta-de-departamento-en-san-borja-lima-2-dormitorios-148337392?n_src=Listado&n_pills=%C3%81rea+de+lavander%C3%ADa&n_pg=5&n_pos=21,2026-05-18,san-borja,urbania,798500.0,228143.0,600.0,128,2.0,2.0,1.0,Copernico con Leonhard Euler,Lima,San Borja,1,Departamento · 90m² · 2 Dormitorios · 1 Estacionamiento
149542195,https://urbania.pe/inmueble/clasificado/veclapin-venta-de-departamento-en-san-borja-norte-san-borja-3-dormitorios-149542195?n_src=Listado&n_pills=Guardian%C3%ADa%2FSeguridad+privada&n_pg=5&n_pos=22,2026-05-18,san-borja,urbania,1080000.0,317000.0,250.0,179,3.0,2.0,,Jr. Millet 175,San Borja,San Borja Norte,1,Departamento · 122m² · 3 Dormitorios
147663746,https://urbania.pe/inmueble/clasificado/veclapin-venta-de-departamento-en-san-borja-norte-san-borja-3-dormitorios-147663746?n_src=Listado&n_pills=%C3%81rea+de+lavander%C3%ADa&n_pg=5&n_pos=23,2026-05-18,san-borja,urbania,552750.0,165000.0,300.0,110,3.0,1.0,,"Mercator , san Borja",San Borja,San Borja Norte,1,Departamento · 110m² · 3 Dormitorios
144311594,https://urbania.pe/inmueble/clasificado/veclapin-venta-de-departamento-en-san-borja-lima-3-dormitorios-144311594?n_src=Listado&n_pills=%C3%81rea+de+lavander%C3%ADa&n_pg=5&n_pos=24,2026-05-18,san-borja,urbania,1320000.0,390000.0,650.0,212,3.0,2.0,2.0,Calle La Pradera,Lima,San Borja,1,Departamento · 162m² · 3 Dormitorios · 2 Estacionamientos
91264765,https://urbania.pe/inmueble/clasificado/veclapin-venta-de-departamento-en-san-borja-lima-3-dormitorios-91264765?n_src=Listado&n_pills=%C3%81rea+de+lavander%C3%ADa&n_pg=5&n_pos=25,2026-05-18,san-borja,urbania,725000.0,215000.0,,109,3.0,3.0,2.0,Pietro Marchand 110,Lima,San Borja,1,Departamento · 109m² · 3 Dormitorios · 2 Estacionamientos
149905147,https://urbania.pe/inmueble/clasificado/veclapin-venta-de-departamento-en-san-borja-lima-3-dormitorios-149905147?n_src=Listado&n_pills=Cuartos+de+servicio&n_pg=5&n_pos=26,2026-05-18,san-borja,urbania,1052250.0,305000.0,520.0,222,3.0,3.0,2.0,Av. Bielovucic Cavalier  Frente al Pentagonito,Lima,San Borja,1,Departamento · 132m² · 3 Dormitorios · 2 Estacionamientos
148447915,https://urbania.pe/inmueble/clasificado/veclapin-venta-de-departamento-en-san-borja-lima-3-dormitorios-148447915?n_src=Listado&n_pills=%C3%81rea+de+lavander%C3%ADa&n_pg=5&n_pos=27,2026-05-18,san-borja,urbania,1831200.0,545000.0,,300,3.0,4.0,3.0,Bielovucic Cavalier 133 al 100,Lima,San Borja,1,Departamento · 300m² · 3 Dormitorios · 3 Estacionamientos
148705453,https://urbania.pe/inmueble/clasificado/veclapin-venta-de-departamento-en-chacarilla-del-estanque-san-borja-3-dormitorios-148705453?n_src=Listado&n_pills=Guardian%C3%ADa%2FSeguridad+privada&n_pg=5&n_pos=28,2026-05-18,san-borja,urbania,1530000.0,450000.0,,245,3.0,3.0,2.0,av. Buenavista Cuadra 3,San Borja,Chacarilla Del Estanque,1,Departamento · 189m² · 3 Dormitorios · 2 Estacionamientos
149372169,https://urbania.pe/inmueble/clasificado/veclapin-venta-de-departamento-en-chacarilla-del-estanque-san-borja-3-dormitorios-149372169?n_src=Listado&n_pills=%C3%81rea+de+lavander%C3%ADa&n_pg=5&n_pos=29,2026-05-18,san-borja,urbania,929938.0,275246.0,1.0,119,3.0,4.0,,Jirón Hermano Lobo,San Borja,Chacarilla Del Estanque,1,Departamento · 119m² · 3 Dormitorios
146062689,https://urbania.pe/inmueble/clasificado/veclapin-venta-de-departamento-en-chacarilla-del-estanque-san-borja-3-dormitorios-146062689?n_src=Listado&n_pills=%C3%81rea+de+lavander%C3%ADa&n_pg=5&n_pos=30,2026-05-18,san-borja,urbania,2206600.0,590000.0,,316,3.0,3.0,2.0,AV. DEL Pinar 4XX DPT 102,San Borja,Chacarilla Del Estanque,1,Departamento · 209m² · 3 Dormitorios · 2 Estacionamientos
66465995,https://urbania.pe/inmueble/clasificado/veclapin-venta-de-departamento-en-chacarilla-san-borja-3-dormitorios-66465995?n_src=Listado&n_pills=%C3%81rea+de+lavander%C3%ADa&n_pg=6&n_pos=1,2026-05-18,san-borja,urbania,578000.0,172000.0,,116,3.0,3.0,1.0,Avenida Boulevard de Surco,San Borja,Chacarilla,10,Departamento · 101m² · 3 Dormitorios · 1 Estacionamiento
145667222,https://urbania.pe/inmueble/clasificado/veclapin-venta-de-departamento-en-chacarilla-del-estanque-san-borja-3-dormitorios-145667222?n_src=Listado&n_pills=Seguridad&n_pg=6&n_pos=2,2026-05-18,san-borja,urbania,1319300.0,395000.0,700.0,175,3.0,2.0,2.0,Calle Venecia 209 Piso 3,San Borja,Chacarilla Del Estanque,10,Departamento · 175m² · 3 Dormitorios · 2 Estacionamientos
148147504,https://urbania.pe/inmueble/clasificado/veclapin-venta-de-departamento-en-san-borja-lima-3-dormitorios-148147504?n_src=Listado&n_pills=%C3%81rea+de+lavander%C3%ADa&n_pg=6&n_pos=3,2026-05-18,san-borja,urbania,1016740.0,290000.0,180.0,187,3.0,4.0,1.0,C.25 san broja,Lima,San Borja,10,Departamento · 187m² · 3 Dormitorios · 1 Estacionamiento
148538086,https://urbania.pe/inmueble/clasificado/veclapin-venta-de-departamento-en-chacarilla-san-borja-3-dormitorios-148538086?n_src=Listado&n_pills=Parrilla&n_pg=6&n_pos=4,2026-05-18,san-borja,urbania,1533350.0,455000.0,801.0,361,3.0,3.0,2.0,Av. Buena Vista 318,San Borja,Chacarilla,1,Departamento · 261m² · 3 Dormitorios · 2 Estacionamientos
149309051,https://urbania.pe/inmueble/clasificado/veclapin-venta-de-departamento-en-monterrico-norte-san-borja-3-dormitorios-149309051?n_src=Listado&n_pills=Cuartos+de+servicio&n_pg=6&n_pos=5,2026-05-18,san-borja,urbania,850600.0,246230.0,,112,3.0,3.0,,"Jr. 2 - 690, Urbanización Monterrico Norte - San Borja al 600",San Borja,Monterrico Norte,1,Departamento · 112m² · 3 Dormitorios
3831439,https://urbania.pe/inmueble/clasificado/veclapin-venta-de-departamento-en-san-borja-lima-3-dormitorios-3831439?n_src=Listado&n_pills=Cerca+a+colegios&n_pg=6&n_pos=6,2026-05-18,san-borja,urbania,1170000.0,344117.0,350.0,190,3.0,2.0,2.0,CALLE POUSIN,Lima,San Borja,1,Departamento · 190m² · 3 Dormitorios · 2 Estacionamientos
147098494,https://urbania.pe/inmueble/clasificado/veclapin-venta-de-departamento-en-san-borja-lima-3-dormitorios-147098494?n_src=Listado&n_pills=Cuartos+de+servicio&n_pg=6&n_pos=7,2026-05-18,san-borja,urbania,604187.0,175000.0,350.0,104,3.0,3.0,,Jirón 10 510,Lima,San Borja,1,Departamento · 101m² · 3 Dormitorios
146599026,https://urbania.pe/inmueble/clasificado/veclapin-venta-de-departamento-en-san-borja-lima-3-dormitorios-146599026?n_src=Listado&n_pills=Cerca+a+colegios&n_pg=6&n_pos=8,2026-05-18,san-borja,urbania,1044700.0,310000.0,1.0,200,3.0,4.0,1.0,JR MAYORAZGO CHACARILLA DEL ESTANQUE  SAN BORJA  DUPLEX 200M2  3 HAB  4 BAÑOS  1 ESTAC.,Lima,San Borja,1,Departamento · 198m² · 3 Dormitorios · 1 Estacionamiento
149343505,https://urbania.pe/inmueble/clasificado/veclapin-venta-de-departamento-en-chacarilla-del-estanque-san-borja-4-dormitorios-149343505?n_src=Listado&n_pills=Guardian%C3%ADa%2FSeguridad+privada&n_pg=6&n_pos=9,2026-05-18,san-borja,urbania,785000.0,235000.0,350.0,120,4.0,3.0,2.0,Calle las Canarias 145,San Borja,Chacarilla Del Estanque,1,Departamento · 120m² · 4 Dormitorios · 2 Estacionamientos
149764951,https://urbania.pe/inmueble/clasificado/veclapin-venta-de-departamento-en-santo-tomas-san-borja-5-a-mas-dormitorios-149764951?n_src=Listado&n_pills=Cuartos+de+servicio&n_pg=6&n_pos=10,2026-05-18,san-borja,urbania,1732500.0,495000.0,,366,5.0,6.0,2.0,Gozzoli 2,San Borja,Santo Tomas,1,Departamento · 267m² · 5 Dormitorios · 2 Estacionamientos
144730078,https://urbania.pe/inmueble/clasificado/veclapin-venta-de-departamento-en-chacarilla-del-estanque-san-borja-3-dormitorios-144730078?n_src=Listado&n_pills=Seguridad&n_pg=6&n_pos=11,2026-05-18,san-borja,urbania,999000.0,270000.0,450.0,156,3.0,3.0,2.0,"Avenida Buena Vista 6, Chacarilla, San Borja",San Borja,Chacarilla Del Estanque,1,Departamento · 156m² · 3 Dormitorios · 2 Estacionamientos
149633804,https://urbania.pe/inmueble/clasificado/veclapin-venta-de-departamento-en-san-borja-lima-3-dormitorios-149633804?n_src=Listado&n_pills=Seguridad&n_pg=6&n_pos=12,2026-05-18,san-borja,urbania,840000.0,240000.0,,112,3.0,2.0,1.0,Av. San Borja Norte Cuadra 2,Lima,San Borja,1,Departamento · 112m² · 3 Dormitorios · 1 Estacionamiento
149135963,https://urbania.pe/inmueble/clasificado/veclapin-venta-de-departamento-en-chacarilla-san-borja-3-dormitorios-149135963?n_src=Listado&n_pills=Cuartos+de+servicio&n_pg=6&n_pos=13,2026-05-18,san-borja,urbania,1004665.0,299900.0,,119,3.0,2.0,1.0,Hermano Lobo  al 500,San Borja,Chacarilla,1,Departamento · 119m² · 3 Dormitorios · 1 Estacionamiento
149826887,https://urbania.pe/inmueble/clasificado/veclapin-venta-de-departamento-en-san-borja-lima-3-dormitorios-149826887?n_src=Listado&n_pills=Cuartos+de+servicio&n_pg=6&n_pos=14,2026-05-18,san-borja,urbania,1893240.0,540000.0,,224,3.0,3.0,2.0,"Av, Del Pinar 324 Dpto, 202 Chacarilla",Lima,San Borja,1,Departamento · 224m² · 3 Dormitorios · 2 Estacionamientos
148473217,https://urbania.pe/inmueble/clasificado/veclapin-venta-de-departamento-en-buenavista-san-borja-4-dormitorios-148473217?n_src=Listado&n_pills=Cuartos+de+servicio&n_pg=6&n_pos=15,2026-05-18,san-borja,urbania,1155750.0,345000.0,850.0,259,4.0,4.0,2.0,Avenida Buena Vista al 654,San Borja,Buenavista,1,Departamento · 259m² · 4 Dormitorios · 2 Estacionamientos
145095791,https://urbania.pe/inmueble/clasificado/veclapin-venta-de-departamento-en-san-borja-lima-3-dormitorios-145095791?n_src=Listado&n_pills=Seguridad&n_pg=6&n_pos=16,2026-05-18,san-borja,urbania,1196217.0,318143.0,,135,3.0,2.0,,"Av SAN Borja Norte N° 8xx, Dpto. 201",Lima,San Borja,1,Departamento · 130m² · 3 Dormitorios
145544118,https://urbania.pe/inmueble/clasificado/veclapin-venta-de-departamento-en-chacarilla-del-estanque-san-borja-3-dormitorios-145544118?n_src=Listado&n_pills=Seguridad&n_pg=6&n_pos=17,2026-05-18,san-borja,urbania,2340000.0,650000.0,1200.0,393,3.0,3.0,3.0,ANDALUCÍA 189,San Borja,Chacarilla Del Estanque,1,Departamento · 393m² · 3 Dormitorios · 3 Estacionamientos
149664044,https://urbania.pe/inmueble/clasificado/veclapin-venta-de-departamento-en-san-borja-lima-3-dormitorios-149664044?n_src=Listado&n_pills=%C3%81rea+de+lavander%C3%ADa&n_pg=6&n_pos=18,2026-05-18,san-borja,urbania,633750.0,169000.0,70.0,135,3.0,3.0,,Juan Gris Cerca AL Pentagonito,Lima,San Borja,1,Departamento · 108m² · 3 Dormitorios
148922302,https://urbania.pe/inmueble/clasificado/veclapin-venta-de-departamento-en-chacarilla-del-estanque-san-borja-3-dormitorios-148922302?n_src=Listado&n_pills=%C3%81rea+de+lavander%C3%ADa&n_pg=6&n_pos=19,2026-05-18,san-borja,urbania,1323250.0,395000.0,700.0,175,3.0,2.0,2.0,Calle Venecia al 200,San Borja,Chacarilla Del Estanque,1,Departamento · 175m² · 3 Dormitorios · 2 Estacionamientos
143658355,https://urbania.pe/inmueble/clasificado/veclapin-venta-de-departamento-en-san-borja-lima-3-dormitorios-143658355?n_src=Listado&n_pills=Cuartos+de+servicio&n_pg=6&n_pos=20,2026-05-18,san-borja,urbania,1870000.0,550000.0,1200.0,302,3.0,3.0,2.0,Alameda Picaflores,Lima,San Borja,1,Departamento · 302m² · 3 Dormitorios · 2 Estacionamientos
149167818,https://urbania.pe/inmueble/clasificado/veclapin-venta-de-departamento-en-san-borja-lima-4-dormitorios-149167818?n_src=Listado&n_pills=Parrilla&n_pg=6&n_pos=21,2026-05-18,san-borja,urbania,1105000.0,325000.0,100.0,208,4.0,5.0,1.0,Calle Velasquez 371 san Borja,Lima,San Borja,1,Departamento · 208m² · 4 Dormitorios · 1 Estacionamiento
149372599,https://urbania.pe/inmueble/clasificado/veclapin-venta-de-departamento-en-san-borja-lima-3-dormitorios-149372599?n_src=Listado&n_pills=Frente+a+parque&n_pg=6&n_pos=22,2026-05-18,san-borja,urbania,744600.0,219000.0,300.0,115,3.0,2.0,2.0,Jirón Bronzino,Lima,San Borja,1,Departamento · 115m² · 3 Dormitorios · 2 Estacionamientos
145994064,https://urbania.pe/inmueble/clasificado/veclapin-venta-de-departamento-en-san-borja-lima-3-dormitorios-145994064?n_src=Listado&n_pills=%C3%81rea+de+lavander%C3%ADa&n_pg=6&n_pos=23,2026-05-18,san-borja,urbania,962500.0,275000.0,400.0,128,3.0,2.0,2.0,JR LEONARDO DA VINCI,Lima,San Borja,1,Departamento · 128m² · 3 Dormitorios · 2 Estacionamientos
149813922,https://urbania.pe/inmueble/clasificado/veclapin-venta-de-departamento-en-san-borja-lima-2-dormitorios-149813922?n_src=Listado&n_pills=%C3%81rea+de+lavander%C3%ADa&n_pg=6&n_pos=24,2026-05-18,san-borja,urbania,624710.0,179000.0,500.0,115,2.0,3.0,1.0,Pasaje Robert Boyle 100 ESQ CON Galvez Barrenechea Cuadra 9,Lima,San Borja,1,Departamento · 115m² · 2 Dormitorios · 1 Estacionamiento
149549557,https://urbania.pe/inmueble/clasificado/veclapin-venta-de-departamento-en-san-borja-lima-3-dormitorios-149549557?n_src=Listado&n_pills=%C3%81rea+de+lavander%C3%ADa&n_pg=6&n_pos=25,2026-05-18,san-borja,urbania,871335.0,255000.0,350.0,120,3.0,2.0,1.0,Dalton 169,Lima,San Borja,1,Departamento · 120m² · 3 Dormitorios · 1 Estacionamiento
147221973,https://urbania.pe/inmueble/clasificado/veclapin-venta-de-departamento-en-chacarilla-del-estanque-san-borja-4-dormitorios-147221973?n_src=Listado&n_pills=Guardian%C3%ADa%2FSeguridad+privada&n_pg=6&n_pos=26,2026-05-18,san-borja,urbania,1794500.0,485000.0,,231,4.0,3.0,,Chacarilla del Estanque - San Borja,San Borja,Chacarilla Del Estanque,1,Departamento · 174m² · 4 Dormitorios
147332605,https://urbania.pe/inmueble/clasificado/veclapin-venta-de-departamento-en-san-borja-norte-san-borja-4-dormitorios-147332605?n_src=Listado&n_pills=Cerca+a+colegios&n_pg=6&n_pos=27,2026-05-18,san-borja,urbania,1150000.0,349999.0,800.0,180,4.0,3.0,2.0,Av. Boulevard de Surco,San Borja,San Borja Norte,1,Departamento · 180m² · 4 Dormitorios · 2 Estacionamientos
148922472,https://urbania.pe/inmueble/clasificado/veclapin-venta-de-departamento-en-chacarilla-san-borja-3-dormitorios-148922472?n_src=Listado&n_pills=%C3%81rea+de+lavander%C3%ADa&n_pg=6&n_pos=28,2026-05-18,san-borja,urbania,1156000.0,340000.0,700.0,200,3.0,2.0,2.0,Pacaritambo 291,San Borja,Chacarilla,1,Departamento · 200m² · 3 Dormitorios · 2 Estacionamientos
145665107,https://urbania.pe/inmueble/clasificado/veclapin-venta-de-departamento-en-san-borja-lima-2-dormitorios-145665107?n_src=Listado&n_pills=%C3%81rea+de+lavander%C3%ADa&n_pg=6&n_pos=29,2026-05-18,san-borja,urbania,661500.0,189000.0,400.0,125,2.0,3.0,1.0,CARZOU,Lima,San Borja,1,Departamento · 125m² · 2 Dormitorios · 1 Estacionamiento
149225027,https://urbania.pe/inmueble/clasificado/veclapin-venta-de-departamento-en-san-borja-lima-2-dormitorios-149225027?n_src=Listado&n_pills=Seguridad&n_pg=6&n_pos=30,2026-05-18,san-borja,urbania,686000.0,200000.0,450.0,147,2.0,2.0,2.0,Av. Buena Vista al 100,Lima,San Borja,1,Departamento · 100m² · 2 Dormitorios · 2 Estacionamientos
146673360,https://urbania.pe/inmueble/clasificado/veclapin-venta-de-departamento-en-san-borja-lima-3-dormitorios-146673360?n_src=Listado&n_pills=Frente+a+parque&n_pg=7&n_pos=1,2026-05-18,san-borja,urbania,1246000.0,,400.0,183,3.0,3.0,2.0,SAN BORJA NORTE,Lima,San Borja,10,Departamento · 110m² · 3 Dormitorios · 2 Estacionamientos
149905107,https://urbania.pe/inmueble/clasificado/veclapin-venta-de-departamento-en-san-borja-lima-5-a-mas-dormitorios-149905107?n_src=Listado&n_pills=Cuartos+de+servicio&n_pg=7&n_pos=2,2026-05-18,san-borja,urbania,1837000.0,490000.0,375.0,248,5.0,2.0,2.0,"JR. Paseo DEL Bosque , Ramon Castilla , SAN Borja",Lima,San Borja,10,Departamento · 248m² · 5 Dormitorios · 2 Estacionamientos
148085890,https://urbania.pe/inmueble/clasificado/veclapin-venta-de-departamento-en-san-borja-lima-3-dormitorios-148085890?n_src=Listado&n_pills=Cuartos+de+servicio&n_pg=7&n_pos=3,2026-05-18,san-borja,urbania,1970250.0,555000.0,700.0,305,3.0,2.0,2.0,"Buena Vista, san Borja, Lima",Lima,San Borja,10,Departamento · 264ha · 3 Dormitorios · 2 Estacionamientos
148835968,https://urbania.pe/inmueble/clasificado/veclapin-venta-de-departamento-en-chacarilla-del-estanque-san-borja-3-dormitorios-148835968?n_src=Listado&n_pills=Seguridad&n_pg=7&n_pos=4,2026-05-18,san-borja,urbania,1358000.0,388000.0,880.0,212,3.0,3.0,2.0,Jiron La Pradera,San Borja,Chacarilla Del Estanque,1,Departamento · 153m² · 3 Dormitorios · 2 Estacionamientos
148989949,https://urbania.pe/inmueble/clasificado/veclapin-venta-de-departamento-en-san-borja-lima-3-dormitorios-148989949?n_src=Listado&n_pills=%C3%81rea+de+lavander%C3%ADa&n_pg=7&n_pos=5,2026-05-18,san-borja,urbania,603000.0,180000.0,200.0,117,3.0,2.0,1.0,Calle Portinari  al 100 - 117m² - Remodelado - Vista a la Calle  - 3 Dormitorios,Lima,San Borja,1,Departamento · 117m² · 3 Dormitorios · 1 Estacionamiento
149905116,https://urbania.pe/inmueble/clasificado/veclapin-venta-de-departamento-en-san-borja-lima-3-dormitorios-149905116?n_src=Listado&n_pills=Seguridad&n_pg=7&n_pos=6,2026-05-18,san-borja,urbania,1029550.0,295000.0,450.0,165,3.0,3.0,2.0,"Calle 29, SAN Borja",Lima,San Borja,1,Departamento · 131m² · 3 Dormitorios · 2 Estacionamientos
149656221,https://urbania.pe/inmueble/clasificado/veclapin-venta-de-departamento-en-mariscal-ramon-castilla-san-borja-3-dormitorios-149656221?n_src=Listado&n_pills=Cerca+a+colegios&n_pg=7&n_pos=7,2026-05-18,san-borja,urbania,646000.0,190000.0,,107,3.0,2.0,,Calle 35,San Borja,Mariscal Ramon Castilla,1,Departamento · 107m² · 3 Dormitorios
146445894,https://urbania.pe/inmueble/clasificado/veclapin-venta-de-departamento-en-san-borja-lima-3-dormitorios-146445894?n_src=Listado&n_pills=Cuartos+de+servicio&n_pg=7&n_pos=8,2026-05-18,san-borja,urbania,748000.0,220000.0,200.0,134,3.0,3.0,1.0,VAN DE VELDE 177,Lima,San Borja,1,Departamento · 134m² · 3 Dormitorios · 1 Estacionamiento
146673768,https://urbania.pe/inmueble/clasificado/veclapin-venta-de-departamento-en-san-borja-lima-3-dormitorios-146673768?n_src=Listado&n_pills=Cuartos+de+servicio&n_pg=7&n_pos=9,2026-05-18,san-borja,urbania,1223000.0,,400.0,130,3.0,3.0,2.0,CALLE 20,Lima,San Borja,1,Departamento · 130m² · 3 Dormitorios · 2 Estacionamientos
148620439,https://urbania.pe/inmueble/clasificado/veclapin-venta-de-departamento-en-san-borja-lima-148620439?n_src=Listado&n_pills=Seguridad&n_pg=7&n_pos=10,2026-05-18,san-borja,urbania,770000.0,230000.0,500.0,90,,3.0,1.0,Jose Galvez Barrenechea  al 900,Lima,San Borja,1,Departamento · 90m² · 1 Estacionamiento
149306832,https://urbania.pe/inmueble/clasificado/veclapin-venta-de-departamento-en-san-borja-lima-4-dormitorios-149306832?n_src=Listado&n_pills=Cuartos+de+servicio&n_pg=7&n_pos=11,2026-05-18,san-borja,urbania,754000.0,220000.0,150.0,140,4.0,2.0,,Salzillo al 119,Lima,San Borja,1,Departamento · 158m² · 4 Dormitorios
144620217,https://urbania.pe/inmueble/clasificado/veclapin-venta-de-departamento-en-san-borja-lima-5-a-mas-dormitorios-144620217?n_src=Listado&n_pills=Cuartos+de+servicio&n_pg=7&n_pos=12,2026-05-18,san-borja,urbania,2656800.0,720000.0,1100.0,340,5.0,6.0,4.0,Velasco Astete 700,Lima,San Borja,1,Departamento · 340m² · 5 Dormitorios · 4 Estacionamientos
149796712,https://urbania.pe/inmueble/clasificado/veclapin-venta-de-departamento-en-san-borja-lima-2-dormitorios-149796712?n_src=Listado&n_pills=%C3%81rea+de+lavander%C3%ADa&n_pg=7&n_pos=13,2026-05-18,san-borja,urbania,577500.0,165000.0,,53,2.0,2.0,1.0,Avenida San Borja Norte 1120,Lima,San Borja,1,Departamento · 53m² · 2 Dormitorios · 1 Estacionamiento
149870438,https://urbania.pe/inmueble/clasificado/veclapin-venta-de-departamento-en-chacarilla-del-estanque-san-borja-5-a-mas-dormitorios-149870438?n_src=Listado&n_pills=%C3%81rea+de+lavander%C3%ADa&n_pg=7&n_pos=14,2026-05-18,san-borja,urbania,1032500.0,295000.0,350.0,200,5.0,3.0,1.0,Calle Venecia al 200,San Borja,Chacarilla Del Estanque,1,Departamento · 154m² · 5 Dormitorios · 1 Estacionamiento
148693684,https://urbania.pe/inmueble/clasificado/veclapin-venta-de-departamento-en-san-borja-lima-3-dormitorios-148693684?n_src=Listado&n_pills=Guardian%C3%ADa%2FSeguridad+privada&n_pg=7&n_pos=15,2026-05-18,san-borja,urbania,1067500.0,305000.0,550.0,222,3.0,2.0,2.0,Bielovucic Cavalier,Lima,San Borja,1,Departamento · 132m² · 3 Dormitorios · 2 Estacionamientos
4661907,https://urbania.pe/inmueble/clasificado/veclapin-venta-de-departamento-en-san-borja-lima-3-dormitorios-4661907?n_src=Listado&n_pills=Frente+a+parque&n_pg=7&n_pos=16,2026-05-18,san-borja,urbania,650000.0,192000.0,350.0,104,3.0,2.0,1.0,av. san borja sur 934,Lima,San Borja,1,Departamento · 105m² · 3 Dormitorios · 1 Estacionamiento
149717670,https://urbania.pe/inmueble/clasificado/veclappa-venta-de-departamento-en-san-borja-norte-san-borja-4-dormitorios-149717670?n_src=Listado&n_pills=%C3%81rea+de+lavander%C3%ADa&n_pg=7&n_pos=17,2026-05-18,san-borja,urbania,1355200.0,385000.0,400.0,190,4.0,3.0,1.0,Carzou 103,San Borja,San Borja Norte,1,Departamento · 190m² · 4 Dormitorios · 1 Estacionamiento
149720602,https://urbania.pe/inmueble/clasificado/veclapin-venta-de-departamento-en-mariscal-ramon-castilla-san-borja-5-a-mas-dormitorios-149720602?n_src=Listado&n_pills=%C3%81rea+de+lavander%C3%ADa&n_pg=7&n_pos=18,2026-05-18,san-borja,urbania,85083300.0,249000.0,200.0,242,5.0,3.0,1.0,Calle,San Borja,Mariscal Ramon Castilla,1,Departamento · 195m² · 5 Dormitorios · 1 Estacionamiento
149519017,https://urbania.pe/inmueble/clasificado/veclapin-venta-de-departamento-en-san-borja-lima-3-dormitorios-149519017?n_src=Listado&n_pills=Cuartos+de+servicio&n_pg=7&n_pos=19,2026-05-18,san-borja,urbania,537000.0,158000.0,,118,3.0,2.0,,Av. San Borja Sur,Lima,San Borja,1,Departamento · 130m² · 3 Dormitorios
149667585,https://urbania.pe/inmueble/clasificado/veclapin-venta-de-departamento-en-san-borja-lima-5-a-mas-dormitorios-149667585?n_src=Listado&n_pills=%C3%81rea+de+lavander%C3%ADa&n_pg=7&n_pos=20,2026-05-18,san-borja,urbania,840000.0,243000.0,120.0,185,6.0,3.0,,San Borja,Lima,San Borja,1,Departamento · 185m² · 6 Dormitorios
146526553,https://urbania.pe/inmueble/clasificado/veclapin-venta-de-departamento-en-san-borja-lima-1-dormitorio-146526553?n_src=Listado&n_pg=7&n_pos=21,2026-05-18,san-borja,urbania,388000.0,110000.0,120.0,55,1.0,1.0,1.0,calle 30,Lima,San Borja,1,Departamento · 55m² · 1 Dormitorio · 1 Estacionamiento
148565553,https://urbania.pe/inmueble/clasificado/veclapin-venta-de-departamento-en-san-borja-sur-san-borja-5-a-mas-dormitorios-148565553?n_src=Listado&n_pills=Cuartos+de+servicio&n_pg=7&n_pos=22,2026-05-18,san-borja,urbania,948000.0,279000.0,,297,5.0,3.0,3.0,Calle Avogadro,San Borja,San Borja Sur,1,Departamento · 297m² · 5 Dormitorios · 3 Estacionamientos
148712641,https://urbania.pe/inmueble/clasificado/veclapin-venta-de-departamento-en-san-borja-lima-3-dormitorios-148712641?n_src=Listado&n_pills=Guardian%C3%ADa%2FSeguridad+privada&n_pg=7&n_pos=23,2026-05-18,san-borja,urbania,800000.0,230000.0,670.0,122,3.0,2.0,2.0,Avenida San Borja Sur,Lima,San Borja,1,Departamento · 122m² · 3 Dormitorios · 2 Estacionamientos
149854487,https://urbania.pe/inmueble/clasificado/veclapin-venta-de-departamento-en-corpac-san-borja-3-dormitorios-149854487?n_src=Listado&n_pills=%C3%81rea+de+lavander%C3%ADa&n_pg=7&n_pos=24,2026-05-18,san-borja,urbania,678000.0,198000.0,400.0,126,3.0,3.0,1.0,Amadeo Avogadro 123,San Borja,Corpac,1,Departamento · 126m² · 3 Dormitorios · 1 Estacionamiento
148923728,https://urbania.pe/inmueble/clasificado/veclapin-venta-de-departamento-en-san-borja-lima-2-dormitorios-148923728?n_src=Listado&n_pills=%C3%81rea+de+lavander%C3%ADa&n_pg=7&n_pos=25,2026-05-18,san-borja,urbania,65692500.0,190000.0,,120,2.0,3.0,2.0,Wagner 298,Lima,San Borja,1,Departamento · 120m² · 2 Dormitorios · 2 Estacionamientos
149850515,https://urbania.pe/inmueble/clasificado/veclapin-venta-de-departamento-en-san-borja-lima-5-a-mas-dormitorios-149850515?n_src=Listado&n_pills=Guardian%C3%ADa%2FSeguridad+privada&n_pg=7&n_pos=26,2026-05-18,san-borja,urbania,900000.0,270000.0,350.0,240,5.0,4.0,2.0,LOPEZ DE AYALA 1350,Lima,San Borja,1,Departamento · 240m² · 5 Dormitorios · 2 Estacionamientos
149109545,https://urbania.pe/inmueble/clasificado/veclapin-venta-de-departamento-en-san-borja-lima-3-dormitorios-149109545?n_src=Listado&n_pills=%C3%81rea+de+lavander%C3%ADa&n_pg=7&n_pos=27,2026-05-18,san-borja,urbania,719600.0,213530.0,,90,3.0,2.0,1.0,Gálvez Barrenechea  al 900,Lima,San Borja,1,Departamento · 90m² · 3 Dormitorios · 1 Estacionamiento
148144485,https://urbania.pe/inmueble/clasificado/veclapin-venta-de-departamento-en-san-borja-norte-san-borja-1-dormitorio-148144485?n_src=Listado&n_pills=Frente+a+parque&n_pg=7&n_pos=28,2026-05-18,san-borja,urbania,875420.0,259000.0,300.0,118,1.0,1.0,1.0,San Borja norte,San Borja,San Borja Norte,1,Departamento · 118m² · 1 Dormitorio · 1 Estacionamiento
149232684,https://urbania.pe/inmueble/clasificado/veclapin-venta-de-departamento-en-san-borja-lima-3-dormitorios-149232684?n_src=Listado&n_pills=%C3%81rea+de+lavander%C3%ADa&n_pg=7&n_pos=29,2026-05-18,san-borja,urbania,643000.0,189000.0,150.0,160,3.0,3.0,,Gaetano Donizetti 245,Lima,San Borja,1,Departamento · 160m² · 3 Dormitorios
149578019,https://urbania.pe/inmueble/clasificado/veclapin-venta-de-departamento-en-san-borja-norte-san-borja-3-dormitorios-149578019?n_src=Listado&n_pills=%C3%81rea+de+lavander%C3%ADa&n_pg=7&n_pos=30,2026-05-18,san-borja,urbania,777000.0,222000.0,,218,3.0,2.0,2.0,"Jr. Benlliure 395, Lima 15036",San Borja,San Borja Norte,1,Departamento · 109m² · 3 Dormitorios · 2 Estacionamientos
149192265,https://urbania.pe/inmueble/clasificado/veclapin-venta-de-departamento-en-san-borja-sur-san-borja-3-dormitorios-149192265?n_src=Listado&n_pills=Guardian%C3%ADa%2FSeguridad+privada&n_pg=8&n_pos=1,2026-05-18,san-borja,urbania,850000.0,250000.0,450.0,144,3.0,2.0,2.0,Av. del Parque Sur 564,San Borja,San Borja Sur,10,Departamento · 144m² · 3 Dormitorios · 2 Estacionamientos
144545375,https://urbania.pe/inmueble/clasificado/veclapin-venta-de-departamento-en-san-borja-lima-3-dormitorios-144545375?n_src=Listado&n_pills=Seguridad&n_pg=8&n_pos=2,2026-05-18,san-borja,urbania,1444000.0,350000.0,800.0,180,3.0,4.0,2.0,avenida boulevard,Lima,San Borja,10,Departamento · 180m² · 3 Dormitorios · 2 Estacionamientos
149780849,https://urbania.pe/inmueble/clasificado/veclapin-venta-de-departamento-en-san-borja-lima-3-dormitorios-149780849?n_src=Listado&n_pills=Guardian%C3%ADa%2FSeguridad+privada&n_pg=8&n_pos=3,2026-05-18,san-borja,urbania,1028100.0,295000.0,500.0,178,3.0,3.0,2.0,Jirón GINO SEVERINI N° 166,Lima,San Borja,10,Departamento · 142m² · 3 Dormitorios · 2 Estacionamientos
149593226,https://urbania.pe/inmueble/clasificado/veclapin-venta-de-departamento-en-san-borja-lima-2-dormitorios-149593226?n_src=Listado&n_pills=Cuartos+de+servicio&n_pg=8&n_pos=4,2026-05-18,san-borja,urbania,396750.0,115000.0,350.0,68,2.0,1.0,,Ca. John Hassinger cdra. 1,Lima,San Borja,1,Departamento · 68m² · 2 Dormitorios
149796766,https://urbania.pe/inmueble/clasificado/veclapin-venta-de-departamento-en-san-borja-lima-5-a-mas-dormitorios-149796766?n_src=Listado&n_pills=%C3%81rea+de+lavander%C3%ADa&n_pg=8&n_pos=5,2026-05-18,san-borja,urbania,945000.0,270000.0,350.0,240,5.0,4.0,2.0,Avenida San Borja Norte,Lima,San Borja,1,Departamento · 240m² · 5 Dormitorios · 2 Estacionamientos
149128229,https://urbania.pe/inmueble/clasificado/veclapin-venta-de-departamento-en-san-borja-lima-3-dormitorios-149128229?n_src=Listado&n_pills=Gimnasio&n_pg=8&n_pos=6,2026-05-18,san-borja,urbania,654165.0,,,76,3.0,2.0,,"AV DEL Parque Sur, SAN Borja",Lima,San Borja,1,Departamento · 76m² · 3 Dormitorios
149800679,https://urbania.pe/inmueble/clasificado/veclapin-venta-de-departamento-en-san-borja-lima-3-dormitorios-149800679?n_src=Listado&n_pg=8&n_pos=7,2026-05-18,san-borja,urbania,751483.0,219000.0,,91,3.0,2.0,1.0,Gozzoli al 300,Lima,San Borja,1,Departamento · 91m² · 3 Dormitorios · 1 Estacionamiento
149896604,https://urbania.pe/inmueble/clasificado/veclapin-venta-de-departamento-en-san-borja-lima-3-dormitorios-149896604?n_src=Listado&n_pills=%C3%81rea+de+lavander%C3%ADa&n_pg=8&n_pos=8,2026-05-18,san-borja,urbania,1156000.0,340000.0,750.0,284,3.0,3.0,2.0,Av. Buena Vista 662,Lima,San Borja,1,Departamento · 184m² · 3 Dormitorios · 2 Estacionamientos
149452867,https://urbania.pe/inmueble/clasificado/veclapin-venta-de-departamento-en-chacarilla-del-estanque-san-borja-3-dormitorios-149452867?n_src=Listado&n_pills=%C3%81rea+de+lavander%C3%ADa&n_pg=8&n_pos=9,2026-05-18,san-borja,urbania,1780000.0,520000.0,500.0,250,3.0,3.0,2.0,Calle Trinidad,San Borja,Chacarilla Del Estanque,1,Departamento · 236m² · 3 Dormitorios · 2 Estacionamientos
148242535,https://urbania.pe/inmueble/clasificado/veclapin-venta-de-departamento-en-chacarilla-del-estanque-san-borja-3-dormitorios-148242535?n_src=Listado&n_pills=Cuartos+de+servicio&n_pg=8&n_pos=10,2026-05-18,san-borja,urbania,1600000.0,470939.0,550.0,182,3.0,3.0,2.0,HERMANO LOBO 200,San Borja,Chacarilla Del Estanque,1,Departamento · 203m² · 3 Dormitorios · 2 Estacionamientos
146392453,https://urbania.pe/inmueble/clasificado/veclapin-venta-de-departamento-en-san-borja-sur-san-borja-3-dormitorios-146392453?n_src=Listado&n_pills=%C3%81rea+de+lavander%C3%ADa&n_pg=8&n_pos=11,2026-05-18,san-borja,urbania,885505.0,243000.0,200.0,119,3.0,2.0,,Av del Parque Sur 750,San Borja,San Borja Sur,1,Departamento · 119m² · 3 Dormitorios
149462493,https://urbania.pe/inmueble/clasificado/veclapin-venta-de-departamento-en-san-borja-lima-3-dormitorios-149462493?n_src=Listado&n_pills=Cerca+a+colegios&n_pg=8&n_pos=12,2026-05-18,san-borja,urbania,1070460.0,313000.0,,116,3.0,2.0,1.0,Av. San Borja Sur 410,Lima,San Borja,1,Departamento · 116m² · 3 Dormitorios · 1 Estacionamiento
149387044,https://urbania.pe/inmueble/clasificado/veclapin-venta-de-departamento-en-san-borja-lima-3-dormitorios-149387044?n_src=Listado&n_pills=Guardian%C3%ADa%2FSeguridad+privada&n_pg=8&n_pos=13,2026-05-18,san-borja,urbania,828000.0,240000.0,400.0,114,3.0,3.0,2.0,Av. San Borja Sur,Lima,San Borja,1,Departamento · 114m² · 3 Dormitorios · 2 Estacionamientos
147154558,https://urbania.pe/inmueble/clasificado/veclapin-venta-de-departamento-en-chacarilla-del-estanque-san-borja-3-dormitorios-147154558?n_src=Listado&n_pills=Cuartos+de+servicio&n_pg=8&n_pos=14,2026-05-18,san-borja,urbania,1184000.0,320000.0,500.0,186,3.0,2.0,2.0,Avenida Buena Vista al 100,San Borja,Chacarilla Del Estanque,1,Departamento · 147m² · 3 Dormitorios · 2 Estacionamientos
58447980,https://urbania.pe/inmueble/clasificado/veclapin-venta-de-departamento-en-monterrico-norte-san-borja-2-dormitorios-58447980?n_src=Listado&n_pills=%C3%81rea+de+lavander%C3%ADa&n_pg=8&n_pos=15,2026-05-18,san-borja,urbania,525400.0,142000.0,250.0,94,2.0,3.0,1.0,Calle,San Borja,Monterrico Norte,1,Departamento · 94m² · 2 Dormitorios · 1 Estacionamiento
149898906,https://urbania.pe/inmueble/clasificado/veclapin-venta-de-departamento-en-chacarilla-del-estanque-san-borja-3-dormitorios-149898906?n_src=Listado&n_pills=Jard%C3%ADn&n_pg=8&n_pos=16,2026-05-18,san-borja,urbania,621600.0,185000.0,180.0,101,3.0,1.0,1.0,Calle Vicente Morales Duarez,San Borja,Chacarilla Del Estanque,1,Departamento · 101ha · 3 Dormitorios · 1 Estacionamiento
149469321,https://urbania.pe/inmueble/clasificado/veclapin-venta-de-departamento-en-san-borja-sur-san-borja-3-dormitorios-149469321?n_src=Listado&n_pills=Guardian%C3%ADa%2FSeguridad+privada&n_pg=8&n_pos=17,2026-05-18,san-borja,urbania,530000.0,155000.0,300.0,116,3.0,3.0,,Av. San Borja Sur 443,San Borja,San Borja Sur,1,Departamento · 116m² · 3 Dormitorios
149812923,https://urbania.pe/inmueble/clasificado/veclapin-venta-de-departamento-en-chacarilla-del-estanque-san-borja-3-dormitorios-149812923?n_src=Listado&n_pills=%C3%81rea+de+lavander%C3%ADa&n_pg=8&n_pos=18,2026-05-18,san-borja,urbania,1099000.0,320000.0,,172,3.0,3.0,2.0,Avenida Buena Vista 219,San Borja,Chacarilla Del Estanque,1,Departamento · 172m² · 3 Dormitorios · 2 Estacionamientos
146157046,https://urbania.pe/inmueble/clasificado/veclapin-venta-de-departamento-en-las-artes-san-borja-3-dormitorios-146157046?n_src=Listado&n_pills=%C3%81rea+de+lavander%C3%ADa&n_pg=8&n_pos=19,2026-05-18,san-borja,urbania,592000.0,160000.0,,100,3.0,2.0,,johanes vermeer san borja s/n,San Borja,Las Artes,1,Departamento · 100m² · 3 Dormitorios
149280288,https://urbania.pe/inmueble/clasificado/veclapin-venta-de-departamento-en-san-borja-lima-3-dormitorios-149280288?n_src=Listado&n_pills=Guardian%C3%ADa%2FSeguridad+privada&n_pg=8&n_pos=20,2026-05-18,san-borja,urbania,737000.0,220000.0,270.0,137,3.0,2.0,1.0,Av. del Parque Sur 524,Lima,San Borja,1,Departamento · 137m² · 3 Dormitorios · 1 Estacionamiento
144861365,https://urbania.pe/inmueble/clasificado/veclapin-venta-de-departamento-en-san-borja-sur-san-borja-3-dormitorios-144861365?n_src=Listado&n_pills=Guardian%C3%ADa%2FSeguridad+privada&n_pg=8&n_pos=21,2026-05-18,san-borja,urbania,614690.0,,,85,3.0,2.0,,Av Parque sur 748,San Borja,San Borja Sur,1,Departamento · 85m² · 3 Dormitorios
149406610,https://urbania.pe/inmueble/clasificado/veclapin-venta-de-departamento-en-san-borja-lima-4-dormitorios-149406610?n_src=Listado&n_pills=%C3%81rea+de+lavander%C3%ADa&n_pg=8&n_pos=22,2026-05-18,san-borja,urbania,1370000.0,400000.0,410.0,256,4.0,3.0,2.0,Avenida del Parque Sur 677,Lima,San Borja,1,Departamento · 256m² · 4 Dormitorios · 2 Estacionamientos
149754955,https://urbania.pe/inmueble/clasificado/veclapin-venta-de-departamento-en-corpac-san-borja-3-dormitorios-149754955?n_src=Listado&n_pills=Seguridad&n_pg=8&n_pos=23,2026-05-18,san-borja,urbania,665000.0,193000.0,400.0,90,3.0,3.0,1.0,Calle Von Leonard Philip 103,San Borja,Corpac,1,Departamento · 90m² · 3 Dormitorios · 1 Estacionamiento
149898912,https://urbania.pe/inmueble/clasificado/veclapin-venta-de-departamento-en-monterrico-norte-san-borja-4-dormitorios-149898912?n_src=Listado&n_pills=%C3%81rea+de+lavander%C3%ADa&n_pg=8&n_pos=24,2026-05-18,san-borja,urbania,997500.0,285000.0,400.0,250,4.0,3.0,2.0,Jr. 9,San Borja,Monterrico Norte,1,Departamento · 115ha · 4 Dormitorios · 2 Estacionamientos
149605091,https://urbania.pe/inmueble/clasificado/veclapin-venta-de-departamento-en-chacarilla-del-estanque-san-borja-3-dormitorios-149605091?n_src=Listado&n_pills=Cuartos+de+servicio&n_pg=8&n_pos=25,2026-05-18,san-borja,urbania,1489440.0,428000.0,,249,3.0,2.0,2.0,Avenida del Pinar,San Borja,Chacarilla Del Estanque,1,Departamento · 249m² · 3 Dormitorios · 2 Estacionamientos
149640070,https://urbania.pe/inmueble/clasificado/veclapin-venta-de-departamento-en-las-magnolias-san-borja-4-dormitorios-149640070?n_src=Listado&n_pills=Frente+a+parque&n_pg=8&n_pos=26,2026-05-18,san-borja,urbania,682500.0,195000.0,275.0,93,4.0,3.0,1.0,Jirón Isaac Albeniz 373,San Borja,Las Magnolias,1,Departamento · 93m² · 4 Dormitorios · 1 Estacionamiento
149460103,https://urbania.pe/inmueble/clasificado/veclapin-venta-de-departamento-en-san-borja-lima-3-dormitorios-149460103?n_src=Listado&n_pills=Cerca+a+colegios&n_pg=8&n_pos=27,2026-05-18,san-borja,urbania,828000.0,240000.0,200.0,114,3.0,2.0,1.0,Fray Angélico 429,Lima,San Borja,1,Departamento · 114m² · 3 Dormitorios · 1 Estacionamiento
144484709,https://urbania.pe/inmueble/clasificado/veclapin-venta-de-departamento-en-san-borja-lima-3-dormitorios-144484709?n_src=Listado&n_pills=Seguridad&n_pg=8&n_pos=28,2026-05-18,san-borja,urbania,2800000.0,800000.0,1800.0,492,3.0,4.0,3.0,"CALLE TRINIDAD 420, SAN BORJA",Lima,San Borja,1,Departamento · 407m² · 3 Dormitorios · 3 Estacionamientos
149730551,https://urbania.pe/inmueble/clasificado/veclapin-venta-de-departamento-en-mariscal-ramon-castilla-san-borja-3-dormitorios-149730551?n_src=Listado&n_pills=%C3%81rea+de+lavander%C3%ADa&n_pg=8&n_pos=29,2026-05-18,san-borja,urbania,1016000.0,299000.0,750.0,130,3.0,2.0,2.0,Calle 31,San Borja,Mariscal Ramon Castilla,1,Departamento · 130m² · 3 Dormitorios · 2 Estacionamientos
149727432,https://urbania.pe/inmueble/clasificado/veclappa-venta-de-departamento-en-san-borja-sur-san-borja-4-dormitorios-149727432?n_src=Listado&n_pills=%C3%81rea+de+lavander%C3%ADa&n_pg=8&n_pos=30,2026-05-18,san-borja,urbania,600000.0,175000.0,220.0,105,4.0,3.0,2.0,San borja,San Borja,San Borja Sur,1,Departamento · 105m² · 4 Dormitorios · 2 Estacionamientos
149662920,https://urbania.pe/inmueble/clasificado/veclapin-venta-de-departamento-en-san-borja-sur-san-borja-5-a-mas-dormitorios-149662920?n_src=Listado&n_pills=Guardian%C3%ADa%2FSeguridad+privada&n_pg=9&n_pos=1,2026-05-18,san-borja,urbania,840000.0,242075.0,,185,6.0,4.0,,Jirón Gozzoli Sur,San Borja,San Borja Sur,10,Departamento · 151m² · 6 Dormitorios
147976925,https://urbania.pe/inmueble/clasificado/veclapin-venta-de-departamento-en-san-borja-lima-3-dormitorios-147976925?n_src=Listado&n_pills=Parrilla&n_pg=9&n_pos=2,2026-05-18,san-borja,urbania,1043000.0,298000.0,500.0,120,3.0,3.0,2.0,AV BOULEBARD 1000,Lima,San Borja,10,Departamento · 120m² · 3 Dormitorios · 2 Estacionamientos
149124813,https://urbania.pe/inmueble/clasificado/veclapin-venta-de-departamento-en-san-borja-lima-3-dormitorios-149124813?n_src=Listado&n_pills=Piscina&n_pg=9&n_pos=3,2026-05-18,san-borja,urbania,670000.0,194000.0,350.0,90,3.0,2.0,1.0,Calle Leonard Bernstein 185,Lima,San Borja,10,Departamento · 90m² · 3 Dormitorios · 1 Estacionamiento
149207330,https://urbania.pe/inmueble/clasificado/veclapin-venta-de-departamento-en-chacarilla-del-estanque-san-borja-3-dormitorios-149207330?n_src=Listado&n_pills=Cuartos+de+servicio&n_pg=9&n_pos=4,2026-05-18,san-borja,urbania,1349056.0,394000.0,850.0,234,3.0,2.0,2.0,Buena Vista al 200,San Borja,Chacarilla Del Estanque,1,Departamento · 169m² · 3 Dormitorios · 2 Estacionamientos
149079101,https://urbania.pe/inmueble/clasificado/veclapin-venta-de-departamento-en-chacarilla-del-estanque-san-borja-3-dormitorios-149079101?n_src=Listado&n_pills=%C3%81rea+de+lavander%C3%ADa&n_pg=9&n_pos=5,2026-05-18,san-borja,urbania,1275000.0,380000.0,750.0,185,3.0,4.0,2.0,Las Garzas,San Borja,Chacarilla Del Estanque,1,Departamento · 185m² · 3 Dormitorios · 2 Estacionamientos
149827453,https://urbania.pe/inmueble/clasificado/veclapin-venta-de-departamento-en-chacarilla-del-estanque-san-borja-3-dormitorios-149827453?n_src=Listado&n_pills=Jard%C3%ADn&n_pg=9&n_pos=6,2026-05-18,san-borja,urbania,1261700.0,369999.0,700.0,191,3.0,3.0,2.0,Calle Melissa 184,San Borja,Chacarilla Del Estanque,1,Departamento · 121m² · 3 Dormitorios · 2 Estacionamientos
149352562,https://urbania.pe/inmueble/clasificado/veclapin-venta-de-departamento-en-chacarilla-del-estanque-san-borja-3-dormitorios-149352562?n_src=Listado&n_pills=Frente+a+parque&n_pg=9&n_pos=7,2026-05-18,san-borja,urbania,1303000.0,379000.0,750.0,140,3.0,3.0,2.0,Jiron la Pradera 372,San Borja,Chacarilla Del Estanque,1,Departamento · 140m² · 3 Dormitorios · 2 Estacionamientos
147569954,https://urbania.pe/inmueble/clasificado/veclapin-venta-de-departamento-en-san-borja-lima-3-dormitorios-147569954?n_src=Listado&n_pills=%C3%81rea+de+lavander%C3%ADa&n_pg=9&n_pos=8,2026-05-18,san-borja,urbania,560000.0,160000.0,300.0,121,3.0,2.0,1.0,Jiron 10 324,Lima,San Borja,1,Departamento · 121ha · 3 Dormitorios · 1 Estacionamiento
149772539,https://urbania.pe/inmueble/clasificado/veclapin-venta-de-departamento-en-mariscal-ramon-castilla-san-borja-3-dormitorios-149772539?n_src=Listado&n_pills=Cuartos+de+servicio&n_pg=9&n_pos=9,2026-05-18,san-borja,urbania,868630.0,255480.0,,112,3.0,3.0,1.0,Urb. Mariscal Castilla,San Borja,Mariscal Ramon Castilla,1,Departamento · 112m² · 3 Dormitorios · 1 Estacionamiento
4658571,https://urbania.pe/inmueble/clasificado/veclapin-venta-de-departamento-en-chacarilla-del-estanque-san-borja-4-dormitorios-4658571?n_src=Listado&n_pills=Seguridad&n_pg=9&n_pos=10,2026-05-18,san-borja,urbania,2372500.0,650000.0,1200.0,398,4.0,5.0,3.0,andalucia,San Borja,Chacarilla Del Estanque,1,Departamento · 398m² · 4 Dormitorios · 3 Estacionamientos
149844352,https://urbania.pe/inmueble/clasificado/veclapin-venta-de-departamento-en-san-borja-lima-2-dormitorios-149844352?n_src=Listado&n_pills=Seguridad&n_pg=9&n_pos=11,2026-05-18,san-borja,urbania,647500.0,185000.0,300.0,115,2.0,2.0,1.0,Severini 171,Lima,San Borja,1,Departamento · 115m² · 2 Dormitorios · 1 Estacionamiento
146308669,https://urbania.pe/inmueble/clasificado/veclapin-venta-de-departamento-en-chacarilla-del-estanque-san-borja-3-dormitorios-146308669?n_src=Listado&n_pills=%C3%81rea+de+lavander%C3%ADa&n_pg=9&n_pos=12,2026-05-18,san-borja,urbania,1232100.0,333000.0,,141,3.0,3.0,2.0,CHACARILLA DEL ESTANQUE SAN BORJA,San Borja,Chacarilla Del Estanque,1,Departamento · 141m² · 3 Dormitorios · 2 Estacionamientos
148513558,https://urbania.pe/inmueble/clasificado/veclapin-venta-de-departamento-en-san-borja-lima-3-dormitorios-148513558?n_src=Listado&n_pills=%C3%81rea+de+lavander%C3%ADa&n_pg=9&n_pos=13,2026-05-18,san-borja,urbania,1339050.0,395000.0,600.0,229,3.0,3.0,2.0,"San Borja Norte, san Borja",Lima,San Borja,1,Departamento · 229m² · 3 Dormitorios · 2 Estacionamientos
149610146,https://urbania.pe/inmueble/clasificado/veclapin-venta-de-departamento-en-chacarilla-del-estanque-san-borja-3-dormitorios-149610146?n_src=Listado&n_pills=%C3%81rea+de+lavander%C3%ADa&n_pg=9&n_pos=14,2026-05-18,san-borja,urbania,1013000.0,298000.0,650.0,155,3.0,3.0,2.0,BUENA VISTA,San Borja,Chacarilla Del Estanque,1,Departamento · 155m² · 3 Dormitorios · 2 Estacionamientos
148607655,https://urbania.pe/inmueble/clasificado/veclapin-venta-de-departamento-en-san-borja-lima-3-dormitorios-148607655?n_src=Listado&n_pills=%C3%81rea+de+lavander%C3%ADa&n_pg=9&n_pos=15,2026-05-18,san-borja,urbania,574431.0,169000.0,160.0,84,3.0,2.0,1.0,Jean Sibelius,Lima,San Borja,1,Departamento · 84m² · 3 Dormitorios · 1 Estacionamiento
149851975,https://urbania.pe/inmueble/clasificado/veclapin-venta-de-departamento-en-san-borja-lima-3-dormitorios-149851975?n_src=Listado&n_pills=Seguridad&n_pg=9&n_pos=16,2026-05-18,san-borja,urbania,1100000.0,320000.0,750.0,163,3.0,2.0,2.0,Chacarilla del Estanque Este,Lima,San Borja,1,Departamento · 163m² · 3 Dormitorios · 2 Estacionamientos
3387862,https://urbania.pe/inmueble/clasificado/veclapin-venta-de-departamento-en-las-magnolias-san-borja-3-dormitorios-3387862?n_src=Listado&n_pills=Cerca+a+colegios&n_pg=9&n_pos=17,2026-05-18,san-borja,urbania,770500.0,230000.0,240.0,116,3.0,2.0,2.0,CALLE ANDRES SEGOVIA N°120 Dpto.. 201 SAN BORJA,San Borja,Las Magnolias,1,Departamento · 116m² · 3 Dormitorios · 2 Estacionamientos
145435051,https://urbania.pe/inmueble/clasificado/veclapin-venta-de-departamento-en-san-borja-sur-san-borja-3-dormitorios-145435051?n_src=Listado&n_pills=%C3%81rea+de+lavander%C3%ADa&n_pg=9&n_pos=18,2026-05-18,san-borja,urbania,720250.0,215000.0,308.0,120,3.0,3.0,1.0,AV. SAN BORJA SUR 541,San Borja,San Borja Sur,1,Departamento · 120m² · 3 Dormitorios · 1 Estacionamiento
144684751,https://urbania.pe/inmueble/clasificado/veclapin-venta-de-departamento-en-mariscal-ramon-castilla-san-borja-4-dormitorios-144684751?n_src=Listado&n_pills=Guardian%C3%ADa%2FSeguridad+privada&n_pg=9&n_pos=19,2026-05-18,san-borja,urbania,1200000.0,350000.0,450.0,280,4.0,3.0,2.0,Dirección no informada,San Borja,Mariscal Ramon Castilla,1,Departamento · 280m² · 4 Dormitorios · 2 Estacionamientos
149784588,https://urbania.pe/inmueble/clasificado/veclapin-venta-de-departamento-en-san-borja-lima-3-dormitorios-149784588?n_src=Listado&n_pills=Jard%C3%ADn&n_pg=9&n_pos=20,2026-05-18,san-borja,urbania,875000.0,,600.0,138,3.0,3.0,,Jirón Millet 175,Lima,San Borja,1,Departamento · 138m² · 3 Dormitorios
143338989,https://urbania.pe/inmueble/clasificado/veclapin-venta-de-departamento-en-san-borja-sur-san-borja-2-dormitorios-143338989?n_src=Listado&n_pills=Cerca+a+colegios&n_pg=9&n_pos=21,2026-05-18,san-borja,urbania,633500.0,181000.0,300.0,84,2.0,3.0,1.0,calle Lopez de ayala 279,San Borja,San Borja Sur,1,Departamento · 84m² · 2 Dormitorios · 1 Estacionamiento
149224549,https://urbania.pe/inmueble/clasificado/veclapin-venta-de-departamento-en-san-borja-lima-3-dormitorios-149224549?n_src=Listado&n_pg=9&n_pos=22,2026-05-18,san-borja,urbania,735000.0,210000.0,,131,3.0,3.0,1.0,"Av. San Borja Nte. 1281, San Borja 15037, Perú",Lima,San Borja,1,Departamento · 131m² · 3 Dormitorios · 1 Estacionamiento
145053251,https://urbania.pe/inmueble/clasificado/veclapin-venta-de-departamento-en-san-borja-lima-3-dormitorios-145053251?n_src=Listado&n_pills=Parrilla&n_pg=9&n_pos=23,2026-05-18,san-borja,urbania,1064000.0,300000.0,500.0,155,3.0,3.0,2.0,CALLE 20 156,Lima,San Borja,1,Departamento · 155m² · 3 Dormitorios · 2 Estacionamientos
149825739,https://urbania.pe/inmueble/clasificado/veclapin-venta-de-departamento-en-san-borja-lima-3-dormitorios-149825739?n_src=Listado&n_pills=Parrilla&n_pg=9&n_pos=24,2026-05-18,san-borja,urbania,775000.0,225000.0,450.0,110,3.0,2.0,1.0,Av. del Parque Sur 510,Lima,San Borja,1,Departamento · 108m² · 3 Dormitorios · 1 Estacionamiento
149466076,https://urbania.pe/inmueble/clasificado/veclapin-venta-de-departamento-en-mariscal-ramon-castilla-san-borja-1-dormitorio-149466076?n_src=Listado&n_pills=Seguridad&n_pg=9&n_pos=25,2026-05-18,san-borja,urbania,330000.0,98000.0,,62,1.0,1.0,1.0,Av. Velasco Astete 300,San Borja,Mariscal Ramon Castilla,1,Departamento · 62m² · 1 Dormitorio · 1 Estacionamiento
146308800,https://urbania.pe/inmueble/clasificado/veclapin-venta-de-departamento-en-chacarilla-del-estanque-san-borja-3-dormitorios-146308800?n_src=Listado&n_pills=%C3%81rea+de+lavander%C3%ADa&n_pg=9&n_pos=26,2026-05-18,san-borja,urbania,1065600.0,288000.0,,120,3.0,3.0,2.0,CHACARRILLA DEL ESTANQUE SAN BORJA,San Borja,Chacarilla Del Estanque,1,Departamento · 120m² · 3 Dormitorios · 2 Estacionamientos
146313190,https://urbania.pe/inmueble/clasificado/veclapin-venta-de-departamento-en-san-borja-norte-san-borja-4-dormitorios-146313190?n_src=Listado&n_pills=Guardian%C3%ADa%2FSeguridad+privada&n_pg=9&n_pos=27,2026-05-18,san-borja,urbania,1065600.0,288000.0,,172,4.0,4.0,1.0,SAN BORJA NORTE,San Borja,San Borja Norte,1,Departamento · 172m² · 4 Dormitorios · 1 Estacionamiento
149394609,https://urbania.pe/inmueble/clasificado/veclapin-venta-de-departamento-en-san-borja-lima-3-dormitorios-149394609?n_src=Listado&n_pills=Cerca+a+colegios&n_pg=9&n_pos=28,2026-05-18,san-borja,urbania,1053150.0,295000.0,450.0,127,3.0,2.0,2.0,Avenida San Borja Norte,Lima,San Borja,1,Departamento · 127m² · 3 Dormitorios · 2 Estacionamientos
149746036,https://urbania.pe/inmueble/clasificado/veclapin-venta-de-departamento-en-san-borja-lima-4-dormitorios-149746036?n_src=Listado&n_pills=Cerca+a+colegios&n_pg=9&n_pos=29,2026-05-18,san-borja,urbania,880000.0,260000.0,750.0,195,4.0,3.0,2.0,Correggio 155,Lima,San Borja,1,Departamento · 160m² · 4 Dormitorios · 2 Estacionamientos
142957341,https://urbania.pe/inmueble/clasificado/veclapin-venta-de-departamento-en-chacarilla-san-borja-3-dormitorios-142957341?n_src=Listado&n_pills=Cuartos+de+servicio&n_pg=9&n_pos=30,2026-05-18,san-borja,urbania,1310400.0,390000.0,,212,3.0,3.0,2.0,A un paso del pentagonito,San Borja,Chacarilla,1,Departamento · 212m² · 3 Dormitorios · 2 Estacionamientos
149028626,https://urbania.pe/inmueble/clasificado/veclapin-venta-de-departamento-en-san-borja-lima-3-dormitorios-149028626?n_src=Listado&n_pills=%C3%81rea+de+lavander%C3%ADa&n_pg=10&n_pos=1,2026-05-18,san-borja,urbania,739860.0,220000.0,,93,3.0,2.0,1.0,San Borja,Lima,San Borja,10,Departamento · 93m² · 3 Dormitorios · 1 Estacionamiento
149682910,https://urbania.pe/inmueble/clasificado/veclapin-venta-de-departamento-en-corpac-san-borja-4-dormitorios-149682910?n_src=Listado&n_pills=%C3%81rea+de+lavander%C3%ADa&n_pg=10&n_pos=2,2026-05-18,san-borja,urbania,973000.0,278000.0,400.0,185,4.0,3.0,1.0,Pietro Torrigiano Corpac San Borja,San Borja,Corpac,10,Departamento · 175m² · 4 Dormitorios · 1 Estacionamiento
148609150,https://urbania.pe/inmueble/clasificado/veclapin-venta-de-departamento-en-san-borja-sur-san-borja-3-dormitorios-148609150?n_src=Listado&n_pills=%C3%81rea+de+lavander%C3%ADa&n_pg=10&n_pos=3,2026-05-18,san-borja,urbania,675800.0,200000.0,200.0,90,3.0,3.0,1.0,Av. de las Artes Sur 391,San Borja,San Borja Sur,10,Departamento · 90m² · 3 Dormitorios · 1 Estacionamiento
149393601,https://urbania.pe/inmueble/clasificado/veclapin-venta-de-departamento-en-san-borja-lima-3-dormitorios-149393601?n_src=Listado&n_pills=%C3%81rea+de+lavander%C3%ADa&n_pg=10&n_pos=4,2026-05-18,san-borja,urbania,875000.0,261195.0,,138,3.0,3.0,,Jr. Millet 173,Lima,San Borja,1,Departamento · 105m² · 3 Dormitorios
148848434,https://urbania.pe/inmueble/clasificado/veclapin-venta-de-departamento-en-san-borja-lima-3-dormitorios-148848434?n_src=Listado&n_pills=Parrilla&n_pg=10&n_pos=5,2026-05-18,san-borja,urbania,808800.0,240000.0,350.0,130,3.0,2.0,2.0,Miguel Angel 483,Lima,San Borja,1,Departamento · 90m² · 3 Dormitorios · 2 Estacionamientos
149629850,https://urbania.pe/inmueble/clasificado/veclapin-venta-de-departamento-en-mariscal-ramon-castilla-san-borja-4-dormitorios-149629850?n_src=Listado&n_pills=Seguridad&n_pg=10&n_pos=6,2026-05-18,san-borja,urbania,1227600.0,360000.0,360.0,245,4.0,4.0,2.0,Avenida Velasco Astete 109,San Borja,Mariscal Ramon Castilla,1,Departamento · 245m² · 4 Dormitorios · 2 Estacionamientos
149262376,https://urbania.pe/inmueble/clasificado/veclappa-venta-de-departamento-en-san-borja-sur-san-borja-3-dormitorios-149262376?n_src=Listado&n_pills=%C3%81rea+de+lavander%C3%ADa&n_pg=10&n_pos=7,2026-05-18,san-borja,urbania,1242500.0,350000.0,,195,3.0,2.0,1.0,Pisano,San Borja,San Borja Sur,1,Departamento · 164m² · 3 Dormitorios · 1 Estacionamiento
148662355,https://urbania.pe/inmueble/clasificado/veclapin-venta-de-departamento-en-monterrico-norte-san-borja-3-dormitorios-148662355?n_src=Listado&n_pills=Cuartos+de+servicio&n_pg=10&n_pos=8,2026-05-18,san-borja,urbania,962000.0,279000.0,400.0,177,3.0,3.0,2.0,Calle 7  211 Urb. Monterrico Norte  SAN Borja,San Borja,Monterrico Norte,1,Departamento · 166m² · 3 Dormitorios · 2 Estacionamientos
145429480,https://urbania.pe/inmueble/clasificado/veclapin-venta-de-departamento-en-chacarilla-san-borja-2-dormitorios-145429480?n_src=Listado&n_pills=Seguridad&n_pg=10&n_pos=9,2026-05-18,san-borja,urbania,1015000.0,290000.0,580.0,155,2.0,3.0,2.0,picaflores 200,San Borja,Chacarilla,1,Departamento · 120m² · 2 Dormitorios · 2 Estacionamientos
149129917,https://urbania.pe/inmueble/clasificado/veclapin-venta-de-departamento-en-san-borja-lima-3-dormitorios-149129917?n_src=Listado&n_pills=Cuartos+de+servicio&n_pg=10&n_pos=10,2026-05-18,san-borja,urbania,951825.0,,,120,3.0,3.0,1.0,AV. Buena Vista,Lima,San Borja,1,Departamento · 120m² · 3 Dormitorios · 1 Estacionamiento
147761560,https://urbania.pe/inmueble/clasificado/veclapin-venta-de-departamento-en-san-borja-norte-san-borja-3-dormitorios-147761560?n_src=Listado&n_pills=Frente+a+parque&n_pg=10&n_pos=11,2026-05-18,san-borja,urbania,971850.0,285000.0,350.0,127,3.0,3.0,1.0,Av san Borja norte,San Borja,San Borja Norte,1,Departamento · 127m² · 3 Dormitorios · 1 Estacionamiento
149193809,https://urbania.pe/inmueble/clasificado/veclappa-venta-de-departamento-en-corpac-san-borja-4-dormitorios-149193809?n_src=Listado&n_pg=10&n_pos=12,2026-05-18,san-borja,urbania,1075440.0,310000.0,,234,4.0,3.0,1.0,Av. del Parque Sur,San Borja,Corpac,1,Departamento · 162m² · 4 Dormitorios · 1 Estacionamiento
145646777,https://urbania.pe/inmueble/clasificado/veclapin-venta-de-departamento-en-san-borja-norte-san-borja-5-a-mas-dormitorios-145646777?n_src=Listado&n_pills=Cuartos+de+servicio&n_pg=10&n_pos=13,2026-05-18,san-borja,urbania,1821350.0,499000.0,,562,5.0,4.0,2.0,calle 30 #111,San Borja,San Borja Norte,1,Departamento · 350m² · 5 Dormitorios · 2 Estacionamientos
148597358,https://urbania.pe/inmueble/clasificado/veclapin-venta-de-departamento-en-san-borja-lima-3-dormitorios-148597358?n_src=Listado&n_pills=%C3%81rea+de+lavander%C3%ADa&n_pg=10&n_pos=14,2026-05-18,san-borja,urbania,1200000.0,356490.0,650.0,174,3.0,3.0,,Avenida San Borja Sur,Lima,San Borja,1,Departamento · 113m² · 3 Dormitorios
149557778,https://urbania.pe/inmueble/clasificado/veclapin-venta-de-departamento-en-chacarilla-san-borja-3-dormitorios-149557778?n_src=Listado&n_pills=Seguridad&n_pg=10&n_pos=15,2026-05-18,san-borja,urbania,1085000.0,310000.0,600.0,190,3.0,2.0,2.0,Pacaritambo,San Borja,Chacarilla,1,Departamento · 190m² · 3 Dormitorios · 2 Estacionamientos
146076945,https://urbania.pe/inmueble/clasificado/veclapin-venta-de-departamento-en-monterrico-norte-san-borja-3-dormitorios-146076945?n_src=Listado&n_pills=Cuartos+de+servicio&n_pg=10&n_pos=16,2026-05-18,san-borja,urbania,633150.0,189000.0,350.0,106,3.0,3.0,2.0,JR 3 Nº DPTO . Urb Monterrico Norte SAN BORJA,San Borja,Monterrico Norte,1,Departamento · 106m² · 3 Dormitorios · 2 Estacionamientos
148109383,https://urbania.pe/inmueble/clasificado/veclapin-venta-de-departamento-en-san-borja-lima-3-dormitorios-148109383?n_src=Listado&n_pills=Seguridad&n_pg=10&n_pos=17,2026-05-18,san-borja,urbania,877200.0,258000.0,450.0,118,3.0,2.0,1.0,Avenida San Borja Norte al 600,Lima,San Borja,1,Departamento · 98m² · 3 Dormitorios · 1 Estacionamiento
149608534,https://urbania.pe/inmueble/clasificado/veclapin-venta-de-departamento-en-san-borja-lima-3-dormitorios-149608534?n_src=Listado&n_pills=Guardian%C3%ADa%2FSeguridad+privada&n_pg=10&n_pos=18,2026-05-18,san-borja,urbania,569000.0,167000.0,200.0,71,3.0,2.0,1.0,Avenida San Borja Norte,Lima,San Borja,1,Departamento · 71m² · 3 Dormitorios · 1 Estacionamiento
148995457,https://urbania.pe/inmueble/clasificado/veclapin-venta-de-departamento-en-san-borja-lima-3-dormitorios-148995457?n_src=Listado&n_pg=10&n_pos=19,2026-05-18,san-borja,urbania,782000.0,230000.0,200.0,120,3.0,2.0,2.0,Calle John Neper,Lima,San Borja,1,Departamento · 120m² · 3 Dormitorios · 2 Estacionamientos
149129223,https://urbania.pe/inmueble/clasificado/veclapin-venta-de-departamento-en-san-borja-lima-3-dormitorios-149129223?n_src=Listado&n_pills=Seguridad&n_pg=10&n_pos=20,2026-05-18,san-borja,urbania,805732.0,236980.0,,112,3.0,3.0,,"Calle 2, Urb. Monterrico Norte, SAN Borja",Lima,San Borja,1,Departamento · 112m² · 3 Dormitorios
149302673,https://urbania.pe/inmueble/clasificado/veclapin-venta-de-departamento-en-san-borja-norte-san-borja-3-dormitorios-149302673?n_src=Listado&n_pills=Cerca+a+colegios&n_pg=10&n_pos=21,2026-05-18,san-borja,urbania,875000.0,253600.0,350.0,116,3.0,2.0,1.0,López de Ayala,San Borja,San Borja Norte,1,Departamento · 100m² · 3 Dormitorios · 1 Estacionamiento
149152105,https://urbania.pe/inmueble/clasificado/veclapin-venta-de-departamento-en-san-borja-sur-san-borja-3-dormitorios-149152105?n_src=Listado&n_pills=Guardian%C3%ADa%2FSeguridad+privada&n_pg=10&n_pos=22,2026-05-18,san-borja,urbania,928520.0,278000.0,250.0,120,3.0,3.0,1.0,Av. San Borja Sur 850,San Borja,San Borja Sur,1,Departamento · 120m² · 3 Dormitorios · 1 Estacionamiento
149792151,https://urbania.pe/inmueble/clasificado/veclapin-venta-de-departamento-en-san-borja-lima-3-dormitorios-149792151?n_src=Listado&n_pills=%C3%81rea+de+lavander%C3%ADa&n_pg=10&n_pos=23,2026-05-18,san-borja,urbania,690000.0,198500.0,350.0,124,3.0,3.0,1.0,Avenida San Borja Sur 300,Lima,San Borja,1,Departamento · 124m² · 3 Dormitorios · 1 Estacionamiento
149685631,https://urbania.pe/inmueble/clasificado/veclapin-venta-de-departamento-en-monterrico-norte-san-borja-3-dormitorios-149685631?n_src=Listado&n_pills=Cuartos+de+servicio&n_pg=10&n_pos=24,2026-05-18,san-borja,urbania,829500.0,237000.0,350.0,112,3.0,2.0,1.0,Jr.,San Borja,Monterrico Norte,1,Departamento · 112m² · 3 Dormitorios · 1 Estacionamiento
65679102,https://urbania.pe/inmueble/clasificado/veclapin-venta-de-departamento-en-san-borja-norte-san-borja-3-dormitorios-65679102?n_src=Listado&n_pills=Cuartos+de+servicio&n_pg=10&n_pos=25,2026-05-18,san-borja,urbania,962000.0,260000.0,130.0,181,3.0,3.0,1.0,Portinari 198,San Borja,San Borja Norte,1,Departamento · 161m² · 3 Dormitorios · 1 Estacionamiento
149825530,https://urbania.pe/inmueble/clasificado/veclapin-venta-de-departamento-en-mariscal-ramon-castilla-san-borja-2-dormitorios-149825530?n_src=Listado&n_pills=%C3%81rea+de+lavander%C3%ADa&n_pg=10&n_pos=26,2026-05-18,san-borja,urbania,414000.0,120000.0,250.0,63,2.0,1.0,1.0,Avenida Velasco Astete,San Borja,Mariscal Ramon Castilla,1,Departamento · 63m² · 2 Dormitorios · 1 Estacionamiento
149314984,https://urbania.pe/inmueble/clasificado/veclapin-venta-de-departamento-en-san-borja-lima-3-dormitorios-149314984?n_src=Listado&n_pills=Seguridad&n_pg=10&n_pos=27,2026-05-18,san-borja,urbania,1260000.0,360000.0,50.0,223,3.0,2.0,2.0,Calle TIÉPOLO 121 - 1º PISO,Lima,San Borja,1,Departamento · 301m² · 3 Dormitorios · 2 Estacionamientos
90051049,https://urbania.pe/inmueble/clasificado/veclapin-venta-de-departamento-en-san-borja-lima-3-dormitorios-90051049?n_src=Listado&n_pills=Seguridad&n_pg=10&n_pos=28,2026-05-18,san-borja,urbania,921000.0,270000.0,700.0,130,3.0,3.0,2.0,Av. San Borja Sur,Lima,San Borja,1,Departamento · 130m² · 3 Dormitorios · 2 Estacionamientos
149778367,https://urbania.pe/inmueble/clasificado/veclapin-venta-de-departamento-en-san-borja-lima-2-dormitorios-149778367?n_src=Listado&n_pills=%C3%81rea+de+lavander%C3%ADa&n_pg=10&n_pos=29,2026-05-18,san-borja,urbania,584500.0,167000.0,,90,2.0,2.0,2.0,Avenida San Borja Norte 629,Lima,San Borja,1,Departamento · 90m² · 2 Dormitorios · 2 Estacionamientos
149219210,https://urbania.pe/inmueble/clasificado/veclapin-venta-de-departamento-en-monterrico-norte-san-borja-2-dormitorios-149219210?n_src=Listado&n_pg=10&n_pos=30,2026-05-18,san-borja,urbania,699000.0,209000.0,,108,2.0,2.0,1.0,Jr. 2,San Borja,Monterrico Norte,1,Departamento · 108m² · 2 Dormitorios · 1 Estacionamiento
